mtllib bulbasaur.mtl
o node
usemtl DefaultMaterial
v -231.79916381835938 51.36301040649414 -148.0489501953125
v -256.82452392578125 2.520127218019752e-9 -115.26559448242188
v -209.34298706054688 52.18592834472656 -135.17161560058594
v -256.82452392578125 2.520127218019752e-9 -115.26559448242188
v -231.79916381835938 51.36301040649414 -148.0489501953125
v -207.07093811035156 2.520127218019752e-9 -276.8332214355469
v -256.82452392578125 2.520127218019752e-9 -115.26559448242188
v -207.07093811035156 2.520127218019752e-9 -276.8332214355469
v -205.63478088378906 2.520127218019752e-9 -133.99325561523438
v -207.07093811035156 2.520127218019752e-9 -276.8332214355469
v -146.56927490234375 2.520127218019752e-9 -107.57131958007812
v -205.63478088378906 2.520127218019752e-9 -133.99325561523438
v -205.63478088378906 2.520127218019752e-9 -133.99325561523438
v -146.56927490234375 2.520127218019752e-9 -107.57131958007812
v -193.5072021484375 2.520127218019752e-9 -82.26225280761719
v -256.82452392578125 2.520127218019752e-9 -115.26559448242188
v -205.63478088378906 2.520127218019752e-9 -133.99325561523438
v -209.34298706054688 52.18592834472656 -135.17161560058594
v -249.49191284179688 132.83154296875 -133.6283721923828
v -250.31045532226562 245.81539916992188 -337.8176574707031
v -231.79916381835938 51.36301040649414 -148.0489501953125
v -250.31045532226562 245.81539916992188 -337.8176574707031
v -207.07093811035156 2.520127218019752e-9 -276.8332214355469
v -231.79916381835938 51.36301040649414 -148.0489501953125
v -250.31045532226562 245.81539916992188 -337.8176574707031
v -249.49191284179688 132.83154296875 -133.6283721923828
v -180.86953735351562 271.9796447753906 -230.43853759765625
v -249.49191284179688 132.83154296875 -133.6283721923828
v -136.42613220214844 222.64869689941406 -43.36088943481445
v -180.86953735351562 271.9796447753906 -230.43853759765625
v -250.31045532226562 245.81539916992188 -337.8176574707031
v -180.86953735351562 271.9796447753906 -230.43853759765625
v -56.174896240234375 350.54547119140625 -412.0159606933594
v -250.31045532226562 245.81539916992188 -337.8176574707031
v -56.174896240234375 350.54547119140625 -412.0159606933594
v -89.6702651977539 237.68418884277344 -452.8116455078125
v -250.31045532226562 245.81539916992188 -337.8176574707031
v -89.6702651977539 237.68418884277344 -452.8116455078125
v -16.371912002563477 2.520127218019752e-9 -407.34716796875
v -89.6702651977539 237.68418884277344 -452.8116455078125
v 109.53929138183594 121.49699401855469 -502.3458557128906
v -16.371912002563477 2.520127218019752e-9 -407.34716796875
v -207.07093811035156 2.520127218019752e-9 -276.8332214355469
v -250.31045532226562 245.81539916992188 -337.8176574707031
v -16.371912002563477 2.520127218019752e-9 -407.34716796875
v -249.49191284179688 132.83154296875 -133.6283721923828
v -231.79916381835938 51.36301040649414 -148.0489501953125
v -209.34298706054688 52.18592834472656 -135.17161560058594
v -136.42613220214844 222.64869689941406 -43.36088943481445
v -249.49191284179688 132.83154296875 -133.6283721923828
v -134.8619842529297 49.765132904052734 -94.01490020751953
v -249.49191284179688 132.83154296875 -133.6283721923828
v -153.32369995117188 50.434207916259766 -104.19562530517578
v -134.8619842529297 49.765132904052734 -94.01490020751953
v -134.8619842529297 49.765132904052734 -94.01490020751953
v -153.32369995117188 50.434207916259766 -104.19562530517578
v -146.56927490234375 2.520127218019752e-9 -107.57131958007812
v -136.42613220214844 222.64869689941406 -43.36088943481445
v -210.9667510986328 114.34173583984375 29.77634620666504
v -131.20443725585938 252.87815856933594 24.234460830688477
v -210.9667510986328 114.34173583984375 29.77634620666504
v -197.50987243652344 186.42718505859375 206.35739135742188
v -131.20443725585938 252.87815856933594 24.234460830688477
v -131.20443725585938 252.87815856933594 24.234460830688477
v -197.50987243652344 186.42718505859375 206.35739135742188
v -124.7703628540039 302.3221740722656 147.25445556640625
v -210.9667510986328 114.34173583984375 29.77634620666504
v -136.42613220214844 222.64869689941406 -43.36088943481445
v -147.84605407714844 2.520127218019752e-9 49.625308990478516
v -136.42613220214844 222.64869689941406 -43.36088943481445
v -82.80575561523438 2.520127440064357e-9 22.222808837890625
v -147.84605407714844 2.520127218019752e-9 49.625308990478516
v -210.9667510986328 114.34173583984375 29.77634620666504
v -147.84605407714844 2.520127218019752e-9 49.625308990478516
v -100.86698150634766 2.520127218019752e-9 215.95220947265625
v -197.50987243652344 186.42718505859375 206.35739135742188
v -210.9667510986328 114.34173583984375 29.77634620666504
v -100.86698150634766 2.520127218019752e-9 215.95220947265625
v -209.34298706054688 52.18592834472656 -135.17161560058594
v -205.63478088378906 2.520127218019752e-9 -133.99325561523438
v -181.3333282470703 51.3100700378418 -119.68363952636719
v -207.07093811035156 2.520127218019752e-9 -276.8332214355469
v -16.371912002563477 2.520127218019752e-9 -407.34716796875
v -52.947242736816406 2.520127218019752e-9 -174.2028350830078
v -16.371912002563477 2.520127218019752e-9 -407.34716796875
v 180.47998046875 2.520127218019752e-9 -353.6090087890625
v -52.947242736816406 2.520127218019752e-9 -174.2028350830078
v -52.947242736816406 2.520127218019752e-9 -174.2028350830078
v 180.47998046875 2.520127218019752e-9 -353.6090087890625
v 22.328458786010742 2.520127218019752e-9 -88.17853546142578
v 180.47998046875 2.520127218019752e-9 -353.6090087890625
v 180.47998046875 2.520127218019752e-9 134.95204162597656
v 22.328458786010742 2.520127218019752e-9 -88.17853546142578
v 22.328458786010742 2.520127218019752e-9 -88.17853546142578
v 180.47998046875 2.520127218019752e-9 134.95204162597656
v 109.96441650390625 2.520127218019752e-9 102.93231964111328
v -205.63478088378906 2.520127218019752e-9 -133.99325561523438
v -193.5072021484375 2.520127218019752e-9 -82.26225280761719
v -181.3333282470703 51.3100700378418 -119.68363952636719
v -197.50987243652344 186.42718505859375 206.35739135742188
v -100.86698150634766 2.520127218019752e-9 215.95220947265625
v -76.57676696777344 43.82935333251953 239.94491577148438
v -98.34577941894531 174.28054809570312 259.2781982421875
v -197.50987243652344 186.42718505859375 206.35739135742188
v -76.57676696777344 43.82935333251953 239.94491577148438
v -197.50987243652344 186.42718505859375 206.35739135742188
v -98.34577941894531 174.28054809570312 259.2781982421875
v -124.7703628540039 302.3221740722656 147.25445556640625
v -193.5072021484375 2.520127218019752e-9 -82.26225280761719
v -146.56927490234375 2.520127218019752e-9 -107.57131958007812
v -153.32369995117188 50.434207916259766 -104.19562530517578
v -193.5072021484375 2.520127218019752e-9 -82.26225280761719
v -153.32369995117188 50.434207916259766 -104.19562530517578
v -181.3333282470703 51.3100700378418 -119.68363952636719
v -181.3333282470703 51.3100700378418 -119.68363952636719
v -153.32369995117188 50.434207916259766 -104.19562530517578
v -249.49191284179688 132.83154296875 -133.6283721923828
v -180.86953735351562 271.9796447753906 -230.43853759765625
v -136.42613220214844 222.64869689941406 -43.36088943481445
v -131.20443725585938 252.87815856933594 24.234460830688477
v -175.03314208984375 387.338623046875 -44.93252182006836
v -180.86953735351562 271.9796447753906 -230.43853759765625
v -131.20443725585938 252.87815856933594 24.234460830688477
v -180.86953735351562 271.9796447753906 -230.43853759765625
v -175.03314208984375 387.338623046875 -44.93252182006836
v -56.174896240234375 350.54547119140625 -412.0159606933594
v -175.03314208984375 387.338623046875 -44.93252182006836
v -80.5394287109375 446.78948974609375 -176.95005798339844
v -56.174896240234375 350.54547119140625 -412.0159606933594
v -172.406005859375 441.6045837402344 178.50064086914062
v -175.03314208984375 387.338623046875 -44.93252182006836
v -124.7703628540039 302.3221740722656 147.25445556640625
v -175.03314208984375 387.338623046875 -44.93252182006836
v -131.20443725585938 252.87815856933594 24.234460830688477
v -124.7703628540039 302.3221740722656 147.25445556640625
v -175.03314208984375 387.338623046875 -44.93252182006836
v -172.406005859375 441.6045837402344 178.50064086914062
v -71.76687622070312 550.571044921875 11.200897216796875
v -67.35673522949219 435.532958984375 -479.6014404296875
v -173.3314208984375 549.8396606445312 -242.5040740966797
v -61.82756423950195 544.2356567382812 -510.95806884765625
v -173.3314208984375 549.8396606445312 -242.5040740966797
v -155.51797485351562 648.551513671875 -301.88409423828125
v -61.82756423950195 544.2356567382812 -510.95806884765625
v -173.3314208984375 549.8396606445312 -242.5040740966797
v -67.35673522949219 435.532958984375 -479.6014404296875
v -80.5394287109375 446.78948974609375 -176.95005798339844
v -173.3314208984375 549.8396606445312 -242.5040740966797
v -80.5394287109375 446.78948974609375 -176.95005798339844
v -11.295010566711426 620.4268188476562 -7.085411548614502
v -57.480464935302734 670.90478515625 -32.150962829589844
v -173.3314208984375 549.8396606445312 -242.5040740966797
v -11.295010566711426 620.4268188476562 -7.085411548614502
v -173.3314208984375 549.8396606445312 -242.5040740966797
v -57.480464935302734 670.90478515625 -32.150962829589844
v -155.51797485351562 648.551513671875 -301.88409423828125
v -57.480464935302734 670.90478515625 -32.150962829589844
v -40.958621978759766 746.1369018554688 -66.53646850585938
v -155.51797485351562 648.551513671875 -301.88409423828125
v -106.5011978149414 416.58465576171875 371.8555908203125
v -172.406005859375 441.6045837402344 178.50064086914062
v -81.4300308227539 358.57403564453125 380.653564453125
v -172.406005859375 441.6045837402344 178.50064086914062
v -124.7703628540039 302.3221740722656 147.25445556640625
v -81.4300308227539 358.57403564453125 380.653564453125
v -172.406005859375 441.6045837402344 178.50064086914062
v -106.5011978149414 416.58465576171875 371.8555908203125
v -59.784332275390625 660.07421875 252.04042053222656
v -127.9501953125 636.0319213867188 105.1603775024414
v -172.406005859375 441.6045837402344 178.50064086914062
v -59.784332275390625 660.07421875 252.04042053222656
v -172.406005859375 441.6045837402344 178.50064086914062
v -127.9501953125 636.0319213867188 105.1603775024414
v -71.76687622070312 550.571044921875 11.200897216796875
v -127.9501953125 636.0319213867188 105.1603775024414
v -87.91119384765625 777.3143310546875 118.87344360351562
v -71.76687622070312 550.571044921875 11.200897216796875
v -155.51797485351562 648.551513671875 -301.88409423828125
v -40.958621978759766 746.1369018554688 -66.53646850585938
v 93.3464584350586 854.9615478515625 -422.9580993652344
v -40.958621978759766 746.1369018554688 -66.53646850585938
v 123.43340301513672 880.765625 -378.06280517578125
v 93.3464584350586 854.9615478515625 -422.9580993652344
v -155.51797485351562 648.551513671875 -301.88409423828125
v 93.3464584350586 854.9615478515625 -422.9580993652344
v 115.54500579833984 825.9601440429688 -474.3370361328125
v -61.82756423950195 544.2356567382812 -510.95806884765625
v -155.51797485351562 648.551513671875 -301.88409423828125
v 115.54500579833984 825.9601440429688 -474.3370361328125
v -147.84605407714844 2.520127218019752e-9 49.625308990478516
v -82.80575561523438 2.520127440064357e-9 22.222808837890625
v -24.935121536254883 2.520127218019752e-9 178.01486206054688
v -82.80575561523438 2.520127440064357e-9 22.222808837890625
v 51.010257720947266 2.520127218019752e-9 152.83163452148438
v -24.935121536254883 2.520127218019752e-9 178.01486206054688
v -24.935121536254883 2.520127218019752e-9 178.01486206054688
v 51.010257720947266 2.520127218019752e-9 152.83163452148438
v 47.87067413330078 2.520127218019752e-9 283.376220703125
v -100.86698150634766 2.520127218019752e-9 215.95220947265625
v -147.84605407714844 2.520127218019752e-9 49.625308990478516
v -24.935121536254883 2.520127218019752e-9 178.01486206054688
v -124.51618957519531 2.520127218019752e-9 -63.191646575927734
v -146.56927490234375 2.520127218019752e-9 -107.57131958007812
v -52.947242736816406 2.520127218019752e-9 -174.2028350830078
v -146.56927490234375 2.520127218019752e-9 -107.57131958007812
v -207.07093811035156 2.520127218019752e-9 -276.8332214355469
v -52.947242736816406 2.520127218019752e-9 -174.2028350830078
v -146.56927490234375 2.520127218019752e-9 -107.57131958007812
v -124.51618957519531 2.520127218019752e-9 -63.191646575927734
v -134.8619842529297 49.765132904052734 -94.01490020751953
v -136.42613220214844 222.64869689941406 -43.36088943481445
v -134.8619842529297 49.765132904052734 -94.01490020751953
v -52.947242736816406 2.520127218019752e-9 -174.2028350830078
v -136.42613220214844 222.64869689941406 -43.36088943481445
v -52.947242736816406 2.520127218019752e-9 -174.2028350830078
v -61.20778274536133 125.489013671875 -177.80657958984375
v -136.42613220214844 222.64869689941406 -43.36088943481445
v -61.20778274536133 125.489013671875 -177.80657958984375
v 22.328458786010742 2.520127218019752e-9 -88.17853546142578
v -136.42613220214844 222.64869689941406 -43.36088943481445
v 22.328458786010742 2.520127218019752e-9 -88.17853546142578
v 109.96441650390625 2.520127218019752e-9 102.93231964111328
v 49.013614654541016 78.4634780883789 156.74867248535156
v -136.42613220214844 222.64869689941406 -43.36088943481445
v 109.96441650390625 2.520127218019752e-9 102.93231964111328
v -136.42613220214844 222.64869689941406 -43.36088943481445
v 49.013614654541016 78.4634780883789 156.74867248535156
v -82.80575561523438 2.520127440064357e-9 22.222808837890625
v 49.013614654541016 78.4634780883789 156.74867248535156
v 51.010257720947266 2.520127218019752e-9 152.83163452148438
v -82.80575561523438 2.520127440064357e-9 22.222808837890625
v -134.8619842529297 49.765132904052734 -94.01490020751953
v -124.51618957519531 2.520127218019752e-9 -63.191646575927734
v -52.947242736816406 2.520127218019752e-9 -174.2028350830078
v -127.9501953125 636.0319213867188 105.1603775024414
v -133.90838623046875 777.3143310546875 160.59396362304688
v -87.91119384765625 777.3143310546875 118.87344360351562
v -133.90838623046875 777.3143310546875 160.59396362304688
v -127.9501953125 636.0319213867188 105.1603775024414
v -59.784332275390625 660.07421875 252.04042053222656
v -133.90838623046875 777.3143310546875 160.59396362304688
v -59.784332275390625 660.07421875 252.04042053222656
v -62.48201370239258 777.3143310546875 170.18133544921875
v -133.90838623046875 777.3143310546875 160.59396362304688
v -62.48201370239258 777.3143310546875 170.18133544921875
v -87.91119384765625 777.3143310546875 118.87344360351562
v -124.7703628540039 302.3221740722656 147.25445556640625
v -98.34577941894531 174.28054809570312 259.2781982421875
v -30.759681701660156 173.55523681640625 253.3677520751953
v 45.16575241088867 171.1906280517578 247.0238037109375
v -124.7703628540039 302.3221740722656 147.25445556640625
v 5.897520542144775 173.3036651611328 249.92750549316406
v -124.7703628540039 302.3221740722656 147.25445556640625
v -10.725080490112305 173.417724609375 251.48748779296875
v 5.897520542144775 173.3036651611328 249.92750549316406
v -124.7703628540039 302.3221740722656 147.25445556640625
v 45.16575241088867 171.1906280517578 247.0238037109375
v -81.4300308227539 358.57403564453125 380.653564453125
v -106.5011978149414 416.58465576171875 371.8555908203125
v -81.4300308227539 358.57403564453125 380.653564453125
v 90.8515396118164 361.9331359863281 454.3233947753906
v 91.01667022705078 424.52728271484375 456.4512939453125
v -106.5011978149414 416.58465576171875 371.8555908203125
v 90.8515396118164 361.9331359863281 454.3233947753906
v -106.5011978149414 416.58465576171875 371.8555908203125
v 91.01667022705078 424.52728271484375 456.4512939453125
v 44.53343963623047 450.3682861328125 419.6210021972656
v 91.01667022705078 424.52728271484375 456.4512939453125
v 180.47998046875 659.528076171875 358.3716735839844
v 44.53343963623047 450.3682861328125 419.6210021972656
v 44.53343963623047 450.3682861328125 419.6210021972656
v 180.47998046875 659.528076171875 358.3716735839844
v 48.995147705078125 567.6088256835938 353.3290100097656
v 180.47998046875 659.528076171875 358.3716735839844
v -27.716651916503906 580.8343505859375 312.1553039550781
v 48.995147705078125 567.6088256835938 353.3290100097656
v -59.784332275390625 660.07421875 252.04042053222656
v -106.5011978149414 416.58465576171875 371.8555908203125
v -27.716651916503906 580.8343505859375 312.1553039550781
v -106.5011978149414 416.58465576171875 371.8555908203125
v -52.17935562133789 451.9239807128906 376.5115051269531
v -27.716651916503906 580.8343505859375 312.1553039550781
v -77.84517669677734 2.520127218019752e-9 280.22412109375
v -100.86698150634766 2.520127218019752e-9 215.95220947265625
v -24.935121536254883 2.520127218019752e-9 178.01486206054688
v -100.86698150634766 2.520127218019752e-9 215.95220947265625
v -77.84517669677734 2.520127218019752e-9 280.22412109375
v -76.57676696777344 43.82935333251953 239.94491577148438
v -98.34577941894531 174.28054809570312 259.2781982421875
v -76.57676696777344 43.82935333251953 239.94491577148438
v -30.783252716064453 44.92430114746094 235.37539672851562
v -30.759681701660156 173.55523681640625 253.3677520751953
v -98.34577941894531 174.28054809570312 259.2781982421875
v -30.783252716064453 44.92430114746094 235.37539672851562
v -89.6702651977539 237.68418884277344 -452.8116455078125
v -56.174896240234375 350.54547119140625 -412.0159606933594
v 180.47998046875 221.40579223632812 -514.0357666015625
v -56.174896240234375 350.54547119140625 -412.0159606933594
v 180.47998046875 304.16925048828125 -459.71624755859375
v 180.47998046875 221.40579223632812 -514.0357666015625
v 180.47998046875 221.40579223632812 -514.0357666015625
v 180.47998046875 304.16925048828125 -459.71624755859375
v 417.13482666015625 350.54547119140625 -412.0159606933594
v -89.6702651977539 237.68418884277344 -452.8116455078125
v 180.47998046875 221.40579223632812 -514.0357666015625
v 109.53929138183594 121.49699401855469 -502.3458557128906
v 180.47998046875 221.40579223632812 -514.0357666015625
v 180.47998046875 152.37847900390625 -515.7990112304688
v 109.53929138183594 121.49699401855469 -502.3458557128906
v -87.91119384765625 777.3143310546875 118.87344360351562
v -62.48201370239258 777.3143310546875 170.18133544921875
v 29.447742462158203 727.265625 165.98458862304688
v -87.91119384765625 777.3143310546875 118.87344360351562
v 29.447742462158203 727.265625 165.98458862304688
v -71.76687622070312 550.571044921875 11.200897216796875
v -81.4300308227539 358.57403564453125 380.653564453125
v 45.16575241088867 171.1906280517578 247.0238037109375
v 180.47998046875 147.52993774414062 280.20257568359375
v 45.16575241088867 171.1906280517578 247.0238037109375
v 49.013614654541016 78.4634780883789 156.74867248535156
v 180.47998046875 147.52993774414062 280.20257568359375
v 180.47998046875 147.52993774414062 280.20257568359375
v 49.013614654541016 78.4634780883789 156.74867248535156
v 180.47998046875 2.520127218019752e-9 134.95204162597656
v 49.013614654541016 78.4634780883789 156.74867248535156
v 109.96441650390625 2.520127218019752e-9 102.93231964111328
v 180.47998046875 2.520127218019752e-9 134.95204162597656
v 90.8515396118164 361.9331359863281 454.3233947753906
v -81.4300308227539 358.57403564453125 380.653564453125
v 180.47998046875 147.52993774414062 280.20257568359375
v -11.295010566711426 620.4268188476562 -7.085411548614502
v -80.5394287109375 446.78948974609375 -176.95005798339844
v -71.76687622070312 550.571044921875 11.200897216796875
v -80.5394287109375 446.78948974609375 -176.95005798339844
v -175.03314208984375 387.338623046875 -44.93252182006836
v -71.76687622070312 550.571044921875 11.200897216796875
v -80.5394287109375 446.78948974609375 -176.95005798339844
v -67.35673522949219 435.532958984375 -479.6014404296875
v -56.174896240234375 350.54547119140625 -412.0159606933594
v -31.02440643310547 2.520127218019752e-9 252.49105834960938
v -77.84517669677734 2.520127218019752e-9 280.22412109375
v -24.935121536254883 2.520127218019752e-9 178.01486206054688
v -77.84517669677734 2.520127218019752e-9 280.22412109375
v -31.02440643310547 2.520127218019752e-9 252.49105834960938
v -76.57676696777344 43.82935333251953 239.94491577148438
v -76.57676696777344 43.82935333251953 239.94491577148438
v -31.02440643310547 2.520127218019752e-9 252.49105834960938
v -30.783252716064453 44.92430114746094 235.37539672851562
v -71.76687622070312 550.571044921875 11.200897216796875
v 29.447742462158203 727.265625 165.98458862304688
v 180.47998046875 714.0521240234375 124.71746063232422
v 29.447742462158203 727.265625 165.98458862304688
v 180.47998046875 756.2074584960938 171.47056579589844
v 180.47998046875 714.0521240234375 124.71746063232422
v 180.47998046875 714.0521240234375 124.71746063232422
v 180.47998046875 756.2074584960938 171.47056579589844
v 331.51220703125 727.265625 165.98458862304688
v 180.47998046875 637.5985107421875 24.662559509277344
v -71.76687622070312 550.571044921875 11.200897216796875
v 180.47998046875 714.0521240234375 124.71746063232422
v -71.76687622070312 550.571044921875 11.200897216796875
v 180.47998046875 637.5985107421875 24.662559509277344
v -11.295010566711426 620.4268188476562 -7.085411548614502
v 180.47998046875 637.5985107421875 24.662559509277344
v -57.480464935302734 670.90478515625 -32.150962829589844
v -11.295010566711426 620.4268188476562 -7.085411548614502
v -67.35673522949219 435.532958984375 -479.6014404296875
v -61.82756423950195 544.2356567382812 -510.95806884765625
v 180.47998046875 503.5233459472656 -593.9844970703125
v -56.174896240234375 350.54547119140625 -412.0159606933594
v -67.35673522949219 435.532958984375 -479.6014404296875
v 180.47998046875 407.6959533691406 -551.6536254882812
v -67.35673522949219 435.532958984375 -479.6014404296875
v 180.47998046875 503.5233459472656 -593.9844970703125
v 180.47998046875 407.6959533691406 -551.6536254882812
v -62.48201370239258 777.3143310546875 170.18133544921875
v -59.784332275390625 660.07421875 252.04042053222656
v 29.447742462158203 727.265625 165.98458862304688
v -61.82756423950195 544.2356567382812 -510.95806884765625
v 115.54500579833984 825.9601440429688 -474.3370361328125
v 180.47998046875 816.9989624023438 -494.3283386230469
v 180.47998046875 503.5233459472656 -593.9844970703125
v -61.82756423950195 544.2356567382812 -510.95806884765625
v 180.47998046875 816.9989624023438 -494.3283386230469
v -61.20778274536133 125.489013671875 -177.80657958984375
v -52.947242736816406 2.520127218019752e-9 -174.2028350830078
v 22.328458786010742 2.520127218019752e-9 -88.17853546142578
v 180.47998046875 659.528076171875 358.3716735839844
v -59.784332275390625 660.07421875 252.04042053222656
v -27.716651916503906 580.8343505859375 312.1553039550781
v -59.784332275390625 660.07421875 252.04042053222656
v 180.47998046875 659.528076171875 358.3716735839844
v 29.447742462158203 727.265625 165.98458862304688
v 180.47998046875 659.528076171875 358.3716735839844
v 180.47998046875 756.2074584960938 171.47056579589844
v 29.447742462158203 727.265625 165.98458862304688
v -57.480464935302734 670.90478515625 -32.150962829589844
v 180.47998046875 637.5985107421875 24.662559509277344
v 180.47998046875 703.8461303710938 31.858388900756836
v -57.480464935302734 670.90478515625 -32.150962829589844
v 180.47998046875 703.8461303710938 31.858388900756836
v -40.958621978759766 746.1369018554688 -66.53646850585938
v 180.47998046875 703.8461303710938 31.858388900756836
v 180.47998046875 801.1703491210938 -14.895148277282715
v -40.958621978759766 746.1369018554688 -66.53646850585938
v 180.47998046875 304.16925048828125 -459.71624755859375
v -56.174896240234375 350.54547119140625 -412.0159606933594
v 180.47998046875 407.6959533691406 -551.6536254882812
v 44.53343963623047 450.3682861328125 419.6210021972656
v -52.17935562133789 451.9239807128906 376.5115051269531
v -106.5011978149414 416.58465576171875 371.8555908203125
v -52.17935562133789 451.9239807128906 376.5115051269531
v 44.53343963623047 450.3682861328125 419.6210021972656
v -17.64845085144043 458.47906494140625 315.8385925292969
v 44.53343963623047 450.3682861328125 419.6210021972656
v 43.412357330322266 455.6058654785156 359.31585693359375
v -17.64845085144043 458.47906494140625 315.8385925292969
v -52.17935562133789 451.9239807128906 376.5115051269531
v -17.64845085144043 458.47906494140625 315.8385925292969
v -14.358410835266113 543.9318237304688 291.3285827636719
v -27.716651916503906 580.8343505859375 312.1553039550781
v -52.17935562133789 451.9239807128906 376.5115051269531
v -14.358410835266113 543.9318237304688 291.3285827636719
v -40.958621978759766 746.1369018554688 -66.53646850585938
v 180.47998046875 801.1703491210938 -14.895148277282715
v 123.43340301513672 880.765625 -378.06280517578125
v 180.47998046875 801.1703491210938 -14.895148277282715
v 180.47998046875 893.8426513671875 -350.3736267089844
v 123.43340301513672 880.765625 -378.06280517578125
v -9.83035659790039 2.520127218019752e-9 297.2066955566406
v -31.02440643310547 2.520127218019752e-9 252.49105834960938
v -24.935121536254883 2.520127218019752e-9 178.01486206054688
v -31.02440643310547 2.520127218019752e-9 252.49105834960938
v -9.83035659790039 2.520127218019752e-9 297.2066955566406
v -30.783252716064453 44.92430114746094 235.37539672851562
v -30.783252716064453 44.92430114746094 235.37539672851562
v -9.83035659790039 2.520127218019752e-9 297.2066955566406
v 6.599197864532471 45.477203369140625 231.98033142089844
v -30.783252716064453 44.92430114746094 235.37539672851562
v 6.599197864532471 45.477203369140625 231.98033142089844
v -30.759681701660156 173.55523681640625 253.3677520751953
v 6.599197864532471 45.477203369140625 231.98033142089844
v -10.725080490112305 173.417724609375 251.48748779296875
v -30.759681701660156 173.55523681640625 253.3677520751953
v -30.759681701660156 173.55523681640625 253.3677520751953
v -10.725080490112305 173.417724609375 251.48748779296875
v -124.7703628540039 302.3221740722656 147.25445556640625
v -27.716651916503906 580.8343505859375 312.1553039550781
v -14.358410835266113 543.9318237304688 291.3285827636719
v 43.61848449707031 539.4676513671875 334.3484802246094
v 48.995147705078125 567.6088256835938 353.3290100097656
v -27.716651916503906 580.8343505859375 312.1553039550781
v 43.61848449707031 539.4676513671875 334.3484802246094
v -17.64845085144043 458.47906494140625 315.8385925292969
v 43.412357330322266 455.6058654785156 359.31585693359375
v 43.61848449707031 539.4676513671875 334.3484802246094
v -14.358410835266113 543.9318237304688 291.3285827636719
v -17.64845085144043 458.47906494140625 315.8385925292969
v 43.61848449707031 539.4676513671875 334.3484802246094
v -16.371912002563477 2.520127218019752e-9 -407.34716796875
v 109.53929138183594 121.49699401855469 -502.3458557128906
v 180.47998046875 152.37847900390625 -515.7990112304688
v 180.47998046875 2.520127218019752e-9 -353.6090087890625
v -16.371912002563477 2.520127218019752e-9 -407.34716796875
v 180.47998046875 152.37847900390625 -515.7990112304688
v 5.897520542144775 173.3036651611328 249.92750549316406
v -10.725080490112305 173.417724609375 251.48748779296875
v 6.599197864532471 45.477203369140625 231.98033142089844
v 6.623148441314697 2.520127218019752e-9 251.83767700195312
v -9.83035659790039 2.520127218019752e-9 297.2066955566406
v -24.935121536254883 2.520127218019752e-9 178.01486206054688
v -9.83035659790039 2.520127218019752e-9 297.2066955566406
v 6.623148441314697 2.520127218019752e-9 251.83767700195312
v 6.599197864532471 45.477203369140625 231.98033142089844
v 45.16575241088867 171.1906280517578 247.0238037109375
v 5.897520542144775 173.3036651611328 249.92750549316406
v 28.5875301361084 45.802738189697266 229.98341369628906
v 5.897520542144775 173.3036651611328 249.92750549316406
v 6.599197864532471 45.477203369140625 231.98033142089844
v 28.5875301361084 45.802738189697266 229.98341369628906
v 6.599197864532471 45.477203369140625 231.98033142089844
v 6.623148441314697 2.520127218019752e-9 251.83767700195312
v 47.87067413330078 2.520127218019752e-9 283.376220703125
v 6.599197864532471 45.477203369140625 231.98033142089844
v 47.87067413330078 2.520127218019752e-9 283.376220703125
v 28.5875301361084 45.802738189697266 229.98341369628906
v 47.87067413330078 2.520127218019752e-9 283.376220703125
v 6.623148441314697 2.520127218019752e-9 251.83767700195312
v -24.935121536254883 2.520127218019752e-9 178.01486206054688
v 28.5875301361084 45.802738189697266 229.98341369628906
v 47.87067413330078 2.520127218019752e-9 283.376220703125
v 51.010257720947266 2.520127218019752e-9 152.83163452148438
v 28.5875301361084 45.802738189697266 229.98341369628906
v 51.010257720947266 2.520127218019752e-9 152.83163452148438
v 49.013614654541016 78.4634780883789 156.74867248535156
v 45.16575241088867 171.1906280517578 247.0238037109375
v 28.5875301361084 45.802738189697266 229.98341369628906
v 49.013614654541016 78.4634780883789 156.74867248535156
v 43.412357330322266 455.6058654785156 359.31585693359375
v 44.53343963623047 450.3682861328125 419.6210021972656
v 48.995147705078125 567.6088256835938 353.3290100097656
v 43.61848449707031 539.4676513671875 334.3484802246094
v 43.412357330322266 455.6058654785156 359.31585693359375
v 48.995147705078125 567.6088256835938 353.3290100097656
v 180.47998046875 370.2581481933594 478.4106750488281
v 90.8515396118164 361.9331359863281 454.3233947753906
v 180.47998046875 147.52993774414062 280.20257568359375
v 90.8515396118164 361.9331359863281 454.3233947753906
v 180.47998046875 370.2581481933594 478.4106750488281
v 91.01667022705078 424.52728271484375 456.4512939453125
v 91.01667022705078 424.52728271484375 456.4512939453125
v 180.47998046875 370.2581481933594 478.4106750488281
v 180.47998046875 659.528076171875 358.3716735839844
v 180.47998046875 370.2581481933594 478.4106750488281
v 269.9432678222656 424.52728271484375 456.4512939453125
v 180.47998046875 659.528076171875 358.3716735839844
v 93.3464584350586 854.9615478515625 -422.9580993652344
v 123.43340301513672 880.765625 -378.06280517578125
v 180.47998046875 831.03466796875 -414.326171875
v 123.43340301513672 880.765625 -378.06280517578125
v 180.47998046875 893.8426513671875 -350.3736267089844
v 180.47998046875 831.03466796875 -414.326171875
v 115.54500579833984 825.9601440429688 -474.3370361328125
v 93.3464584350586 854.9615478515625 -422.9580993652344
v 180.47998046875 831.03466796875 -414.326171875
v 180.47998046875 816.9989624023438 -494.3283386230469
v 115.54500579833984 825.9601440429688 -474.3370361328125
v 180.47998046875 831.03466796875 -414.326171875
v 270.1083984375 361.9331359863281 454.3233947753906
v 180.47998046875 370.2581481933594 478.4106750488281
v 180.47998046875 147.52993774414062 280.20257568359375
v 180.47998046875 370.2581481933594 478.4106750488281
v 270.1083984375 361.9331359863281 454.3233947753906
v 269.9432678222656 424.52728271484375 456.4512939453125
v 270.1083984375 361.9331359863281 454.3233947753906
v 467.46112060546875 416.58465576171875 371.8555908203125
v 269.9432678222656 424.52728271484375 456.4512939453125
v 180.47998046875 659.528076171875 358.3716735839844
v 269.9432678222656 424.52728271484375 456.4512939453125
v 316.4264831542969 450.3682861328125 419.6210021972656
v 269.9432678222656 424.52728271484375 456.4512939453125
v 467.46112060546875 416.58465576171875 371.8555908203125
v 316.4264831542969 450.3682861328125 419.6210021972656
v 316.4264831542969 450.3682861328125 419.6210021972656
v 467.46112060546875 416.58465576171875 371.8555908203125
v 413.1393127441406 451.9239807128906 376.5115051269531
v 467.46112060546875 416.58465576171875 371.8555908203125
v 388.67657470703125 580.8343505859375 312.1553039550781
v 413.1393127441406 451.9239807128906 376.5115051269531
v 420.7442626953125 660.07421875 252.04042053222656
v 180.47998046875 659.528076171875 358.3716735839844
v 388.67657470703125 580.8343505859375 312.1553039550781
v 180.47998046875 659.528076171875 358.3716735839844
v 311.9648132324219 567.6088256835938 353.3290100097656
v 388.67657470703125 580.8343505859375 312.1553039550781
v 180.47998046875 659.528076171875 358.3716735839844
v 420.7442626953125 660.07421875 252.04042053222656
v 331.51220703125 727.265625 165.98458862304688
v 180.47998046875 756.2074584960938 171.47056579589844
v 180.47998046875 659.528076171875 358.3716735839844
v 331.51220703125 727.265625 165.98458862304688
v 250.99554443359375 2.520127218019752e-9 102.93231964111328
v 180.47998046875 2.520127218019752e-9 134.95204162597656
v 338.6314697265625 2.520127218019752e-9 -88.17853546142578
v 180.47998046875 2.520127218019752e-9 134.95204162597656
v 180.47998046875 2.520127218019752e-9 -353.6090087890625
v 338.6314697265625 2.520127218019752e-9 -88.17853546142578
v 338.6314697265625 2.520127218019752e-9 -88.17853546142578
v 180.47998046875 2.520127218019752e-9 -353.6090087890625
v 413.9071960449219 2.520127218019752e-9 -174.2028350830078
v 180.47998046875 2.520127218019752e-9 -353.6090087890625
v 377.3318786621094 2.520127218019752e-9 -407.34716796875
v 413.9071960449219 2.520127218019752e-9 -174.2028350830078
v 413.9071960449219 2.520127218019752e-9 -174.2028350830078
v 377.3318786621094 2.520127218019752e-9 -407.34716796875
v 568.0308227539062 2.520127218019752e-9 -276.8332214355469
v 180.47998046875 2.520127218019752e-9 134.95204162597656
v 250.99554443359375 2.520127218019752e-9 102.93231964111328
v 311.9463195800781 78.4634780883789 156.74867248535156
v 180.47998046875 147.52993774414062 280.20257568359375
v 180.47998046875 2.520127218019752e-9 134.95204162597656
v 311.9463195800781 78.4634780883789 156.74867248535156
v 180.47998046875 703.8461303710938 31.858388900756836
v 180.47998046875 637.5985107421875 24.662559509277344
v 418.4404602050781 670.90478515625 -32.150962829589844
v 180.47998046875 703.8461303710938 31.858388900756836
v 418.4404602050781 670.90478515625 -32.150962829589844
v 401.9185485839844 746.1369018554688 -66.53646850585938
v 180.47998046875 801.1703491210938 -14.895148277282715
v 180.47998046875 703.8461303710938 31.858388900756836
v 401.9185485839844 746.1369018554688 -66.53646850585938
v 180.47998046875 637.5985107421875 24.662559509277344
v 180.47998046875 714.0521240234375 124.71746063232422
v 432.7267761230469 550.571044921875 11.200897216796875
v 180.47998046875 714.0521240234375 124.71746063232422
v 331.51220703125 727.265625 165.98458862304688
v 432.7267761230469 550.571044921875 11.200897216796875
v 180.47998046875 637.5985107421875 24.662559509277344
v 432.7267761230469 550.571044921875 11.200897216796875
v 372.2549743652344 620.4268188476562 -7.085411548614502
v 418.4404602050781 670.90478515625 -32.150962829589844
v 180.47998046875 637.5985107421875 24.662559509277344
v 372.2549743652344 620.4268188476562 -7.085411548614502
v 180.47998046875 801.1703491210938 -14.895148277282715
v 401.9185485839844 746.1369018554688 -66.53646850585938
v 237.5265350341797 880.765625 -378.06280517578125
v 180.47998046875 893.8426513671875 -350.3736267089844
v 180.47998046875 801.1703491210938 -14.895148277282715
v 237.5265350341797 880.765625 -378.06280517578125
v 180.47998046875 893.8426513671875 -350.3736267089844
v 237.5265350341797 880.765625 -378.06280517578125
v 180.47998046875 831.03466796875 -414.326171875
v 237.5265350341797 880.765625 -378.06280517578125
v 267.6134948730469 854.9615478515625 -422.9580993652344
v 180.47998046875 831.03466796875 -414.326171875
v 180.47998046875 831.03466796875 -414.326171875
v 267.6134948730469 854.9615478515625 -422.9580993652344
v 245.41494750976562 825.9601440429688 -474.3370361328125
v 180.47998046875 2.520127218019752e-9 -353.6090087890625
v 180.47998046875 152.37847900390625 -515.7990112304688
v 377.3318786621094 2.520127218019752e-9 -407.34716796875
v 180.47998046875 152.37847900390625 -515.7990112304688
v 251.420654296875 121.49699401855469 -502.3458557128906
v 377.3318786621094 2.520127218019752e-9 -407.34716796875
v 180.47998046875 304.16925048828125 -459.71624755859375
v 180.47998046875 407.6959533691406 -551.6536254882812
v 417.13482666015625 350.54547119140625 -412.0159606933594
v 180.47998046875 407.6959533691406 -551.6536254882812
v 428.3166809082031 435.532958984375 -479.6014404296875
v 417.13482666015625 350.54547119140625 -412.0159606933594
v 245.41494750976562 825.9601440429688 -474.3370361328125
v 180.47998046875 816.9989624023438 -494.3283386230469
v 180.47998046875 831.03466796875 -414.326171875
v 180.47998046875 816.9989624023438 -494.3283386230469
v 245.41494750976562 825.9601440429688 -474.3370361328125
v 422.7874450683594 544.2356567382812 -510.95806884765625
v 180.47998046875 503.5233459472656 -593.9844970703125
v 180.47998046875 816.9989624023438 -494.3283386230469
v 422.7874450683594 544.2356567382812 -510.95806884765625
v 450.6302490234375 237.68418884277344 -452.8116455078125
v 180.47998046875 221.40579223632812 -514.0357666015625
v 417.13482666015625 350.54547119140625 -412.0159606933594
v 180.47998046875 221.40579223632812 -514.0357666015625
v 450.6302490234375 237.68418884277344 -452.8116455078125
v 251.420654296875 121.49699401855469 -502.3458557128906
v 180.47998046875 152.37847900390625 -515.7990112304688
v 180.47998046875 221.40579223632812 -514.0357666015625
v 251.420654296875 121.49699401855469 -502.3458557128906
v 180.47998046875 407.6959533691406 -551.6536254882812
v 180.47998046875 503.5233459472656 -593.9844970703125
v 428.3166809082031 435.532958984375 -479.6014404296875
v 180.47998046875 503.5233459472656 -593.9844970703125
v 422.7874450683594 544.2356567382812 -510.95806884765625
v 428.3166809082031 435.532958984375 -479.6014404296875
v 237.5265350341797 880.765625 -378.06280517578125
v 401.9185485839844 746.1369018554688 -66.53646850585938
v 267.6134948730469 854.9615478515625 -422.9580993652344
v 401.9185485839844 746.1369018554688 -66.53646850585938
v 516.4779663085938 648.551513671875 -301.88409423828125
v 267.6134948730469 854.9615478515625 -422.9580993652344
v 245.41494750976562 825.9601440429688 -474.3370361328125
v 267.6134948730469 854.9615478515625 -422.9580993652344
v 516.4779663085938 648.551513671875 -301.88409423828125
v 422.7874450683594 544.2356567382812 -510.95806884765625
v 245.41494750976562 825.9601440429688 -474.3370361328125
v 516.4779663085938 648.551513671875 -301.88409423828125
v 250.99554443359375 2.520127218019752e-9 102.93231964111328
v 338.6314697265625 2.520127218019752e-9 -88.17853546142578
v 497.3861389160156 222.64869689941406 -43.36088943481445
v 311.9463195800781 78.4634780883789 156.74867248535156
v 250.99554443359375 2.520127218019752e-9 102.93231964111328
v 497.3861389160156 222.64869689941406 -43.36088943481445
v 251.420654296875 121.49699401855469 -502.3458557128906
v 450.6302490234375 237.68418884277344 -452.8116455078125
v 377.3318786621094 2.520127218019752e-9 -407.34716796875
v 450.6302490234375 237.68418884277344 -452.8116455078125
v 611.2704467773438 245.81539916992188 -337.8176574707031
v 377.3318786621094 2.520127218019752e-9 -407.34716796875
v 377.3318786621094 2.520127218019752e-9 -407.34716796875
v 611.2704467773438 245.81539916992188 -337.8176574707031
v 568.0308227539062 2.520127218019752e-9 -276.8332214355469
v 442.38995361328125 358.57403564453125 380.653564453125
v 270.1083984375 361.9331359863281 454.3233947753906
v 180.47998046875 147.52993774414062 280.20257568359375
v 270.1083984375 361.9331359863281 454.3233947753906
v 442.38995361328125 358.57403564453125 380.653564453125
v 467.46112060546875 416.58465576171875 371.8555908203125
v 311.9463195800781 78.4634780883789 156.74867248535156
v 309.94970703125 2.520127218019752e-9 152.83163452148438
v 332.3724365234375 45.802738189697266 229.98341369628906
v 309.94970703125 2.520127218019752e-9 152.83163452148438
v 311.9463195800781 78.4634780883789 156.74867248535156
v 443.7657165527344 2.520127440064357e-9 22.222808837890625
v 311.9463195800781 78.4634780883789 156.74867248535156
v 497.3861389160156 222.64869689941406 -43.36088943481445
v 443.7657165527344 2.520127440064357e-9 22.222808837890625
v 309.94970703125 2.520127218019752e-9 152.83163452148438
v 443.7657165527344 2.520127440064357e-9 22.222808837890625
v 385.89508056640625 2.520127218019752e-9 178.01486206054688
v 443.7657165527344 2.520127440064357e-9 22.222808837890625
v 508.8059387207031 2.520127218019752e-9 49.625308990478516
v 385.89508056640625 2.520127218019752e-9 178.01486206054688
v 385.89508056640625 2.520127218019752e-9 178.01486206054688
v 508.8059387207031 2.520127218019752e-9 49.625308990478516
v 461.82696533203125 2.520127218019752e-9 215.95220947265625
v 313.08929443359375 2.520127218019752e-9 283.376220703125
v 309.94970703125 2.520127218019752e-9 152.83163452148438
v 385.89508056640625 2.520127218019752e-9 178.01486206054688
v 309.94970703125 2.520127218019752e-9 152.83163452148438
v 313.08929443359375 2.520127218019752e-9 283.376220703125
v 332.3724365234375 45.802738189697266 229.98341369628906
v 315.7942199707031 171.1906280517578 247.0238037109375
v 311.9463195800781 78.4634780883789 156.74867248535156
v 332.3724365234375 45.802738189697266 229.98341369628906
v 311.9463195800781 78.4634780883789 156.74867248535156
v 315.7942199707031 171.1906280517578 247.0238037109375
v 180.47998046875 147.52993774414062 280.20257568359375
v 315.7942199707031 171.1906280517578 247.0238037109375
v 442.38995361328125 358.57403564453125 380.653564453125
v 180.47998046875 147.52993774414062 280.20257568359375
v 316.4264831542969 450.3682861328125 419.6210021972656
v 311.9648132324219 567.6088256835938 353.3290100097656
v 180.47998046875 659.528076171875 358.3716735839844
v 311.9648132324219 567.6088256835938 353.3290100097656
v 316.4264831542969 450.3682861328125 419.6210021972656
v 317.54754638671875 455.6058654785156 359.31585693359375
v 317.3414611816406 539.4676513671875 334.3484802246094
v 311.9648132324219 567.6088256835938 353.3290100097656
v 317.54754638671875 455.6058654785156 359.31585693359375
v 311.9648132324219 567.6088256835938 353.3290100097656
v 317.3414611816406 539.4676513671875 334.3484802246094
v 388.67657470703125 580.8343505859375 312.1553039550781
v 317.3414611816406 539.4676513671875 334.3484802246094
v 375.31842041015625 543.9318237304688 291.3285827636719
v 388.67657470703125 580.8343505859375 312.1553039550781
v 354.3367614746094 2.520127218019752e-9 251.83767700195312
v 313.08929443359375 2.520127218019752e-9 283.376220703125
v 385.89508056640625 2.520127218019752e-9 178.01486206054688
v 313.08929443359375 2.520127218019752e-9 283.376220703125
v 354.3367614746094 2.520127218019752e-9 251.83767700195312
v 354.3607177734375 45.477203369140625 231.98033142089844
v 313.08929443359375 2.520127218019752e-9 283.376220703125
v 354.3607177734375 45.477203369140625 231.98033142089844
v 332.3724365234375 45.802738189697266 229.98341369628906
v 315.7942199707031 171.1906280517578 247.0238037109375
v 332.3724365234375 45.802738189697266 229.98341369628906
v 355.06243896484375 173.3036651611328 249.92750549316406
v 332.3724365234375 45.802738189697266 229.98341369628906
v 354.3607177734375 45.477203369140625 231.98033142089844
v 355.06243896484375 173.3036651611328 249.92750549316406
v 355.06243896484375 173.3036651611328 249.92750549316406
v 354.3607177734375 45.477203369140625 231.98033142089844
v 371.6850280761719 173.417724609375 251.48748779296875
v 354.3607177734375 45.477203369140625 231.98033142089844
v 391.7196044921875 173.55523681640625 253.3677520751953
v 371.6850280761719 173.417724609375 251.48748779296875
v 315.7942199707031 171.1906280517578 247.0238037109375
v 355.06243896484375 173.3036651611328 249.92750549316406
v 485.7303161621094 302.3221740722656 147.25445556640625
v 355.06243896484375 173.3036651611328 249.92750549316406
v 371.6850280761719 173.417724609375 251.48748779296875
v 485.7303161621094 302.3221740722656 147.25445556640625
v 485.7303161621094 302.3221740722656 147.25445556640625
v 371.6850280761719 173.417724609375 251.48748779296875
v 391.7196044921875 173.55523681640625 253.3677520751953
v 315.7942199707031 171.1906280517578 247.0238037109375
v 485.7303161621094 302.3221740722656 147.25445556640625
v 442.38995361328125 358.57403564453125 380.653564453125
v 316.4264831542969 450.3682861328125 419.6210021972656
v 413.1393127441406 451.9239807128906 376.5115051269531
v 378.6083984375 458.47906494140625 315.8385925292969
v 317.54754638671875 455.6058654785156 359.31585693359375
v 316.4264831542969 450.3682861328125 419.6210021972656
v 378.6083984375 458.47906494140625 315.8385925292969
v 317.3414611816406 539.4676513671875 334.3484802246094
v 317.54754638671875 455.6058654785156 359.31585693359375
v 378.6083984375 458.47906494140625 315.8385925292969
v 375.31842041015625 543.9318237304688 291.3285827636719
v 317.3414611816406 539.4676513671875 334.3484802246094
v 378.6083984375 458.47906494140625 315.8385925292969
v 331.51220703125 727.265625 165.98458862304688
v 420.7442626953125 660.07421875 252.04042053222656
v 423.4419860839844 777.3143310546875 170.18133544921875
v 331.51220703125 727.265625 165.98458862304688
v 423.4419860839844 777.3143310546875 170.18133544921875
v 448.8711242675781 777.3143310546875 118.87344360351562
v 331.51220703125 727.265625 165.98458862304688
v 448.8711242675781 777.3143310546875 118.87344360351562
v 432.7267761230469 550.571044921875 11.200897216796875
v 338.6314697265625 2.520127218019752e-9 -88.17853546142578
v 413.9071960449219 2.520127218019752e-9 -174.2028350830078
v 422.1677551269531 125.489013671875 -177.80657958984375
v 338.6314697265625 2.520127218019752e-9 -88.17853546142578
v 422.1677551269531 125.489013671875 -177.80657958984375
v 497.3861389160156 222.64869689941406 -43.36088943481445
v 370.790283203125 2.520127218019752e-9 297.2066955566406
v 354.3367614746094 2.520127218019752e-9 251.83767700195312
v 385.89508056640625 2.520127218019752e-9 178.01486206054688
v 354.3367614746094 2.520127218019752e-9 251.83767700195312
v 370.790283203125 2.520127218019752e-9 297.2066955566406
v 354.3607177734375 45.477203369140625 231.98033142089844
v 354.3607177734375 45.477203369140625 231.98033142089844
v 370.790283203125 2.520127218019752e-9 297.2066955566406
v 391.7431640625 44.92430114746094 235.37539672851562
v 354.3607177734375 45.477203369140625 231.98033142089844
v 391.7431640625 44.92430114746094 235.37539672851562
v 391.7196044921875 173.55523681640625 253.3677520751953
v 391.7431640625 44.92430114746094 235.37539672851562
v 459.3056640625 174.28054809570312 259.2781982421875
v 391.7196044921875 173.55523681640625 253.3677520751953
v 391.9843444824219 2.520127218019752e-9 252.49105834960938
v 370.790283203125 2.520127218019752e-9 297.2066955566406
v 385.89508056640625 2.520127218019752e-9 178.01486206054688
v 370.790283203125 2.520127218019752e-9 297.2066955566406
v 391.9843444824219 2.520127218019752e-9 252.49105834960938
v 391.7431640625 44.92430114746094 235.37539672851562
v 372.2549743652344 620.4268188476562 -7.085411548614502
v 432.7267761230469 550.571044921875 11.200897216796875
v 441.4994201660156 446.78948974609375 -176.95005798339844
v 432.7267761230469 550.571044921875 11.200897216796875
v 535.9930419921875 387.338623046875 -44.93252182006836
v 441.4994201660156 446.78948974609375 -176.95005798339844
v 441.4994201660156 446.78948974609375 -176.95005798339844
v 535.9930419921875 387.338623046875 -44.93252182006836
v 417.13482666015625 350.54547119140625 -412.0159606933594
v 535.9930419921875 387.338623046875 -44.93252182006836
v 541.8294067382812 271.9796447753906 -230.43853759765625
v 417.13482666015625 350.54547119140625 -412.0159606933594
v 372.2549743652344 620.4268188476562 -7.085411548614502
v 441.4994201660156 446.78948974609375 -176.95005798339844
v 534.2913208007812 549.8396606445312 -242.5040740966797
v 418.4404602050781 670.90478515625 -32.150962829589844
v 372.2549743652344 620.4268188476562 -7.085411548614502
v 534.2913208007812 549.8396606445312 -242.5040740966797
v 375.31842041015625 543.9318237304688 291.3285827636719
v 378.6083984375 458.47906494140625 315.8385925292969
v 413.1393127441406 451.9239807128906 376.5115051269531
v 388.67657470703125 580.8343505859375 312.1553039550781
v 375.31842041015625 543.9318237304688 291.3285827636719
v 413.1393127441406 451.9239807128906 376.5115051269531
v 391.7196044921875 173.55523681640625 253.3677520751953
v 459.3056640625 174.28054809570312 259.2781982421875
v 485.7303161621094 302.3221740722656 147.25445556640625
v 391.7431640625 44.92430114746094 235.37539672851562
v 391.9843444824219 2.520127218019752e-9 252.49105834960938
v 437.5366516113281 43.82935333251953 239.94491577148438
v 391.7431640625 44.92430114746094 235.37539672851562
v 437.5366516113281 43.82935333251953 239.94491577148438
v 459.3056640625 174.28054809570312 259.2781982421875
v 438.80511474609375 2.520127218019752e-9 280.22412109375
v 391.9843444824219 2.520127218019752e-9 252.49105834960938
v 385.89508056640625 2.520127218019752e-9 178.01486206054688
v 391.9843444824219 2.520127218019752e-9 252.49105834960938
v 438.80511474609375 2.520127218019752e-9 280.22412109375
v 437.5366516113281 43.82935333251953 239.94491577148438
v 401.9185485839844 746.1369018554688 -66.53646850585938
v 418.4404602050781 670.90478515625 -32.150962829589844
v 516.4779663085938 648.551513671875 -301.88409423828125
v 418.4404602050781 670.90478515625 -32.150962829589844
v 534.2913208007812 549.8396606445312 -242.5040740966797
v 516.4779663085938 648.551513671875 -301.88409423828125
v 485.47607421875 2.520127218019752e-9 -63.191646575927734
v 413.9071960449219 2.520127218019752e-9 -174.2028350830078
v 507.5292053222656 2.520127218019752e-9 -107.57131958007812
v 413.9071960449219 2.520127218019752e-9 -174.2028350830078
v 568.0308227539062 2.520127218019752e-9 -276.8332214355469
v 507.5292053222656 2.520127218019752e-9 -107.57131958007812
v 507.5292053222656 2.520127218019752e-9 -107.57131958007812
v 568.0308227539062 2.520127218019752e-9 -276.8332214355469
v 566.5946655273438 2.520127218019752e-9 -133.99325561523438
v 568.0308227539062 2.520127218019752e-9 -276.8332214355469
v 617.7843627929688 2.520127218019752e-9 -115.26559448242188
v 566.5946655273438 2.520127218019752e-9 -133.99325561523438
v 413.9071960449219 2.520127218019752e-9 -174.2028350830078
v 485.47607421875 2.520127218019752e-9 -63.191646575927734
v 495.8218688964844 49.765132904052734 -94.01490020751953
v 413.9071960449219 2.520127218019752e-9 -174.2028350830078
v 495.8218688964844 49.765132904052734 -94.01490020751953
v 497.3861389160156 222.64869689941406 -43.36088943481445
v 413.9071960449219 2.520127218019752e-9 -174.2028350830078
v 497.3861389160156 222.64869689941406 -43.36088943481445
v 422.1677551269531 125.489013671875 -177.80657958984375
v 417.13482666015625 350.54547119140625 -412.0159606933594
v 428.3166809082031 435.532958984375 -479.6014404296875
v 441.4994201660156 446.78948974609375 -176.95005798339844
v 417.13482666015625 350.54547119140625 -412.0159606933594
v 541.8294067382812 271.9796447753906 -230.43853759765625
v 611.2704467773438 245.81539916992188 -337.8176574707031
v 417.13482666015625 350.54547119140625 -412.0159606933594
v 611.2704467773438 245.81539916992188 -337.8176574707031
v 450.6302490234375 237.68418884277344 -452.8116455078125
v 467.46112060546875 416.58465576171875 371.8555908203125
v 420.7442626953125 660.07421875 252.04042053222656
v 388.67657470703125 580.8343505859375 312.1553039550781
v 420.7442626953125 660.07421875 252.04042053222656
v 467.46112060546875 416.58465576171875 371.8555908203125
v 533.365966796875 441.6045837402344 178.50064086914062
v 488.91015625 636.0319213867188 105.1603775024414
v 420.7442626953125 660.07421875 252.04042053222656
v 533.365966796875 441.6045837402344 178.50064086914062
v 420.7442626953125 660.07421875 252.04042053222656
v 488.91015625 636.0319213867188 105.1603775024414
v 494.86834716796875 777.3143310546875 160.59396362304688
v 420.7442626953125 660.07421875 252.04042053222656
v 494.86834716796875 777.3143310546875 160.59396362304688
v 423.4419860839844 777.3143310546875 170.18133544921875
v 422.7874450683594 544.2356567382812 -510.95806884765625
v 516.4779663085938 648.551513671875 -301.88409423828125
v 534.2913208007812 549.8396606445312 -242.5040740966797
v 428.3166809082031 435.532958984375 -479.6014404296875
v 422.7874450683594 544.2356567382812 -510.95806884765625
v 534.2913208007812 549.8396606445312 -242.5040740966797
v 423.4419860839844 777.3143310546875 170.18133544921875
v 494.86834716796875 777.3143310546875 160.59396362304688
v 448.8711242675781 777.3143310546875 118.87344360351562
v 428.3166809082031 435.532958984375 -479.6014404296875
v 534.2913208007812 549.8396606445312 -242.5040740966797
v 441.4994201660156 446.78948974609375 -176.95005798339844
v 432.7267761230469 550.571044921875 11.200897216796875
v 448.8711242675781 777.3143310546875 118.87344360351562
v 488.91015625 636.0319213867188 105.1603775024414
v 448.8711242675781 777.3143310546875 118.87344360351562
v 494.86834716796875 777.3143310546875 160.59396362304688
v 488.91015625 636.0319213867188 105.1603775024414
v 533.365966796875 441.6045837402344 178.50064086914062
v 432.7267761230469 550.571044921875 11.200897216796875
v 488.91015625 636.0319213867188 105.1603775024414
v 432.7267761230469 550.571044921875 11.200897216796875
v 533.365966796875 441.6045837402344 178.50064086914062
v 535.9930419921875 387.338623046875 -44.93252182006836
v 437.5366516113281 43.82935333251953 239.94491577148438
v 438.80511474609375 2.520127218019752e-9 280.22412109375
v 461.82696533203125 2.520127218019752e-9 215.95220947265625
v 437.5366516113281 43.82935333251953 239.94491577148438
v 461.82696533203125 2.520127218019752e-9 215.95220947265625
v 558.4697875976562 186.42718505859375 206.35739135742188
v 459.3056640625 174.28054809570312 259.2781982421875
v 437.5366516113281 43.82935333251953 239.94491577148438
v 558.4697875976562 186.42718505859375 206.35739135742188
v 461.82696533203125 2.520127218019752e-9 215.95220947265625
v 438.80511474609375 2.520127218019752e-9 280.22412109375
v 385.89508056640625 2.520127218019752e-9 178.01486206054688
v 442.38995361328125 358.57403564453125 380.653564453125
v 485.7303161621094 302.3221740722656 147.25445556640625
v 533.365966796875 441.6045837402344 178.50064086914062
v 485.7303161621094 302.3221740722656 147.25445556640625
v 535.9930419921875 387.338623046875 -44.93252182006836
v 533.365966796875 441.6045837402344 178.50064086914062
v 467.46112060546875 416.58465576171875 371.8555908203125
v 442.38995361328125 358.57403564453125 380.653564453125
v 533.365966796875 441.6045837402344 178.50064086914062
v 443.7657165527344 2.520127440064357e-9 22.222808837890625
v 497.3861389160156 222.64869689941406 -43.36088943481445
v 508.8059387207031 2.520127218019752e-9 49.625308990478516
v 497.3861389160156 222.64869689941406 -43.36088943481445
v 571.9266967773438 114.34173583984375 29.77634620666504
v 508.8059387207031 2.520127218019752e-9 49.625308990478516
v 459.3056640625 174.28054809570312 259.2781982421875
v 558.4697875976562 186.42718505859375 206.35739135742188
v 485.7303161621094 302.3221740722656 147.25445556640625
v 461.82696533203125 2.520127218019752e-9 215.95220947265625
v 508.8059387207031 2.520127218019752e-9 49.625308990478516
v 571.9266967773438 114.34173583984375 29.77634620666504
v 558.4697875976562 186.42718505859375 206.35739135742188
v 461.82696533203125 2.520127218019752e-9 215.95220947265625
v 571.9266967773438 114.34173583984375 29.77634620666504
v 485.47607421875 2.520127218019752e-9 -63.191646575927734
v 507.5292053222656 2.520127218019752e-9 -107.57131958007812
v 495.8218688964844 49.765132904052734 -94.01490020751953
v 485.7303161621094 302.3221740722656 147.25445556640625
v 558.4697875976562 186.42718505859375 206.35739135742188
v 492.1643371582031 252.87815856933594 24.234460830688477
v 558.4697875976562 186.42718505859375 206.35739135742188
v 571.9266967773438 114.34173583984375 29.77634620666504
v 492.1643371582031 252.87815856933594 24.234460830688477
v 492.1643371582031 252.87815856933594 24.234460830688477
v 571.9266967773438 114.34173583984375 29.77634620666504
v 497.3861389160156 222.64869689941406 -43.36088943481445
v 485.7303161621094 302.3221740722656 147.25445556640625
v 492.1643371582031 252.87815856933594 24.234460830688477
v 535.9930419921875 387.338623046875 -44.93252182006836
v 492.1643371582031 252.87815856933594 24.234460830688477
v 541.8294067382812 271.9796447753906 -230.43853759765625
v 535.9930419921875 387.338623046875 -44.93252182006836
v 492.1643371582031 252.87815856933594 24.234460830688477
v 497.3861389160156 222.64869689941406 -43.36088943481445
v 541.8294067382812 271.9796447753906 -230.43853759765625
v 495.8218688964844 49.765132904052734 -94.01490020751953
v 507.5292053222656 2.520127218019752e-9 -107.57131958007812
v 514.2836303710938 50.434207916259766 -104.19562530517578
v 497.3861389160156 222.64869689941406 -43.36088943481445
v 495.8218688964844 49.765132904052734 -94.01490020751953
v 610.451904296875 132.83154296875 -133.6283721923828
v 495.8218688964844 49.765132904052734 -94.01490020751953
v 514.2836303710938 50.434207916259766 -104.19562530517578
v 610.451904296875 132.83154296875 -133.6283721923828
v 610.451904296875 132.83154296875 -133.6283721923828
v 514.2836303710938 50.434207916259766 -104.19562530517578
v 542.2932739257812 51.3100700378418 -119.68363952636719
v 497.3861389160156 222.64869689941406 -43.36088943481445
v 610.451904296875 132.83154296875 -133.6283721923828
v 541.8294067382812 271.9796447753906 -230.43853759765625
v 610.451904296875 132.83154296875 -133.6283721923828
v 611.2704467773438 245.81539916992188 -337.8176574707031
v 541.8294067382812 271.9796447753906 -230.43853759765625
v 554.4671630859375 2.520127218019752e-9 -82.26225280761719
v 507.5292053222656 2.520127218019752e-9 -107.57131958007812
v 566.5946655273438 2.520127218019752e-9 -133.99325561523438
v 507.5292053222656 2.520127218019752e-9 -107.57131958007812
v 554.4671630859375 2.520127218019752e-9 -82.26225280761719
v 514.2836303710938 50.434207916259766 -104.19562530517578
v 514.2836303710938 50.434207916259766 -104.19562530517578
v 554.4671630859375 2.520127218019752e-9 -82.26225280761719
v 542.2932739257812 51.3100700378418 -119.68363952636719
v 542.2932739257812 51.3100700378418 -119.68363952636719
v 554.4671630859375 2.520127218019752e-9 -82.26225280761719
v 566.5946655273438 2.520127218019752e-9 -133.99325561523438
v 542.2932739257812 51.3100700378418 -119.68363952636719
v 566.5946655273438 2.520127218019752e-9 -133.99325561523438
v 570.302978515625 52.18592834472656 -135.17161560058594
v 566.5946655273438 2.520127218019752e-9 -133.99325561523438
v 617.7843627929688 2.520127218019752e-9 -115.26559448242188
v 570.302978515625 52.18592834472656 -135.17161560058594
v 568.0308227539062 2.520127218019752e-9 -276.8332214355469
v 611.2704467773438 245.81539916992188 -337.8176574707031
v 592.7592163085938 51.36301040649414 -148.0489501953125
v 611.2704467773438 245.81539916992188 -337.8176574707031
v 610.451904296875 132.83154296875 -133.6283721923828
v 592.7592163085938 51.36301040649414 -148.0489501953125
v 568.0308227539062 2.520127218019752e-9 -276.8332214355469
v 592.7592163085938 51.36301040649414 -148.0489501953125
v 617.7843627929688 2.520127218019752e-9 -115.26559448242188
v 570.302978515625 52.18592834472656 -135.17161560058594
v 617.7843627929688 2.520127218019752e-9 -115.26559448242188
v 592.7592163085938 51.36301040649414 -148.0489501953125
v 570.302978515625 52.18592834472656 -135.17161560058594
v 592.7592163085938 51.36301040649414 -148.0489501953125
v 610.451904296875 132.83154296875 -133.6283721923828
v -249.49191284179688 132.83154296875 -133.6283721923828
v -209.34298706054688 52.18592834472656 -135.17161560058594
v -181.3333282470703 51.3100700378418 -119.68363952636719
v 610.451904296875 132.83154296875 -133.6283721923828
v 542.2932739257812 51.3100700378418 -119.68363952636719
v 570.302978515625 52.18592834472656 -135.17161560058594
vn -0.40581817308737606 0.6239686742678164 0.6678133750715749
vn -0.40581817308737606 0.6239686742678164 0.6678133750715749
vn -0.40581817308737606 0.6239686742678164 0.6678133750715749
vn -0.9208396537260873 0.26766526303917504 -0.28356593428652294
vn -0.9208396537260873 0.26766526303917504 -0.28356593428652294
vn -0.9208396537260873 0.26766526303917504 -0.28356593428652294
vn 0 -1 0
vn 0 -1 0
vn 0 -1 0
vn 0 -1 0
vn 0 -1 0
vn 0 -1 0
vn 0 -1 0
vn 0 -1 0
vn 0 -1 0
vn 0.34321984477124096 0.045571919071018104 0.938148889221423
vn 0.34321984477124096 0.045571919071018104 0.938148889221423
vn 0.34321984477124096 0.045571919071018104 0.938148889221423
vn -0.9756335461241415 -0.19361038198697347 -0.10321920201246806
vn -0.9756335461241415 -0.19361038198697347 -0.10321920201246806
vn -0.9756335461241415 -0.19361038198697347 -0.10321920201246806
vn -0.9741980020246571 -0.19816372725781928 -0.10802495105509077
vn -0.9741980020246571 -0.19816372725781928 -0.10802495105509077
vn -0.9741980020246571 -0.19816372725781928 -0.10802495105509077
vn -0.7346315927910578 0.5923946457854691 0.3307340419702542
vn -0.7346315927910578 0.5923946457854691 0.3307340419702542
vn -0.7346315927910578 0.5923946457854691 0.3307340419702542
vn -0.7346315927910578 0.5923946457854691 0.3307340419702542
vn -0.7346317170504933 0.5923945902531778 0.33073386542991556
vn -0.7346315927910578 0.5923946457854691 0.3307340419702542
vn -0.4510882548218916 0.8893207429923026 0.07502001363209078
vn -0.4510882548218916 0.8893207429923026 0.07502001363209078
vn -0.4510882548218916 0.8893207429923026 0.07502001363209078
vn -0.5133731854653814 0.4223842831169221 -0.7470204079012374
vn -0.5133731854653814 0.4223842831169221 -0.7470204079012374
vn -0.5133731854653814 0.4223842831169221 -0.7470204079012374
vn -0.5622418426101097 -0.3193045501608926 -0.7628425228478934
vn -0.5622418426101097 -0.3193045501608926 -0.7628425228478934
vn -0.5622418426101097 -0.3193045501608926 -0.7628425228478934
vn -0.38526747508352766 -0.28659731802575494 -0.8771721324479064
vn -0.38526747508352766 -0.28659731802575494 -0.8771721324479064
vn -0.38526747508352766 -0.28659731802575494 -0.8771721324479064
vn -0.5403590753902857 -0.2909276736634702 -0.7895398396155302
vn -0.5403590753902857 -0.2909276736634702 -0.7895398396155302
vn -0.5403590753902857 -0.2909276736634702 -0.7895398396155302
vn -0.4743864830078859 -0.2523096201554352 0.8433844439616068
vn -0.4743864830078859 -0.2523096201554352 0.8433844439616068
vn -0.4743864830078859 -0.2523096201554352 0.8433844439616068
vn -0.4739059764604293 -0.25154134412125173 0.8438839242886198
vn -0.4739059764604293 -0.25154134412125173 0.8438839242886198
vn -0.4739059764604293 -0.25154134412125173 0.8438839242886198
vn -0.47427275452484746 -0.25224608010383665 0.8434674086102334
vn -0.47427275452484746 -0.25224608010383665 0.8434674086102334
vn -0.47427275452484746 -0.25224608010383665 0.8434674086102334
vn -0.48265195259604843 -0.12268172297708708 0.8671771949853128
vn -0.48265195259604843 -0.12268172297708708 0.8671771949853128
vn -0.48265195259604843 -0.12268172297708708 0.8671771949853128
vn -0.8591579626286784 0.4885744058577832 -0.15212706922981326
vn -0.8591579626286784 0.4885744058577832 -0.15212706922981326
vn -0.8591579626286784 0.4885744058577832 -0.15212706922981326
vn -0.8610614424700643 0.4903728897311037 -0.13456456185838472
vn -0.8610614424700643 0.4903728897311037 -0.13456456185838472
vn -0.8610614424700643 0.4903728897311037 -0.13456456185838472
vn -0.8696002196082637 0.4721987752247092 -0.14430445153751878
vn -0.8696002196082637 0.4721987752247092 -0.14430445153751878
vn -0.8696002196082637 0.4721987752247092 -0.14430445153751878
vn -0.35191669930844066 -0.34529900423960286 -0.8700133530118899
vn -0.35191669930844066 -0.34529900423960286 -0.8700133530118899
vn -0.35191669930844066 -0.34529900423960286 -0.8700133530118899
vn -0.36473185081177706 -0.3428391838406912 -0.8656973899850133
vn -0.36473185081177706 -0.3428391838406912 -0.8656973899850133
vn -0.36473185081177706 -0.3428391838406912 -0.8656973899850133
vn -0.866201525883201 -0.43570283352936745 0.24465885925527922
vn -0.866201525883201 -0.43570283352936745 0.24465885925527922
vn -0.866201525883201 -0.43570283352936745 0.24465885925527922
vn -0.8660123723350434 -0.4363714047210439 0.24413637194079296
vn -0.8660123723350434 -0.4363714047210439 0.24413637194079296
vn -0.8660123723350434 -0.4363714047210439 0.24413637194079296
vn -0.4841995576851142 -0.014652033456200995 0.874834902283361
vn -0.4841995576851142 -0.014652033456200995 0.874834902283361
vn -0.4841995576851142 -0.014652033456200995 0.874834902283361
vn 0 -1 0
vn 0 -1 0
vn 0 -1 0
vn 0 -1 0
vn 0 -1 0
vn 0 -1 0
vn 0 -1 0
vn 0 -1 0
vn 0 -1 0
vn 0 -1 0
vn 0 -1 0
vn 0 -1 0
vn 0 -1 0
vn 0 -1 0
vn 0 -1 0
vn -0.904757271459901 0.36935717283183417 0.21210742235506408
vn -0.904757271459901 0.36935717283183417 0.21210742235506408
vn -0.904757271459901 0.36935717283183417 0.21210742235506408
vn -0.47730894907196075 -0.20343744341493067 0.8548621957676087
vn -0.47730894907196075 -0.20343744341493067 0.8548621957676087
vn -0.47730894907196075 -0.20343744341493067 0.8548621957676087
vn -0.4802386646505976 -0.20648121342767708 0.8524883186742471
vn -0.4802386646505976 -0.20648121342767708 0.8524883186742471
vn -0.4802386646505976 -0.20648121342767708 0.8524883186742471
vn -0.3255030564552264 0.5836624657573961 0.7438991102994426
vn -0.3255030564552264 0.5836624657573961 0.7438991102994426
vn -0.3255030564552264 0.5836624657573961 0.7438991102994426
vn 0.4746005583641321 0.004647626936696261 0.8801890192250248
vn 0.4746005583641321 0.004647626936696261 0.8801890192250248
vn 0.4746005583641321 0.004647626936696261 0.8801890192250248
vn -0.37150240458643713 0.6030069673075313 0.7059522368865112
vn -0.37150240458643713 0.6030069673075313 0.7059522368865112
vn -0.37150240458643713 0.6030069673075313 0.7059522368865112
vn -0.4742811978267833 -0.2522590490310565 0.8434587823776207
vn -0.4742811978267833 -0.2522590490310565 0.8434587823776207
vn -0.4742811978267833 -0.2522590490310565 0.8434587823776207
vn -0.9611051663754275 -0.21674045886763424 0.17117369148414444
vn -0.9611051663754275 -0.21674045886763424 0.17117369148414444
vn -0.9611051663754275 -0.21674045886763424 0.17117369148414444
vn -0.9593420521041145 -0.22515605146708803 0.17019864732839865
vn -0.9593420521041145 -0.22515605146708803 0.17019864732839865
vn -0.9593420521041145 -0.22515605146708803 0.17019864732839865
vn -0.7862749584165333 0.5354874654097158 -0.3082610324970659
vn -0.7862749584165333 0.5354874654097158 -0.3082610324970659
vn -0.7862749584165333 0.5354874654097158 -0.3082610324970659
vn -0.7754420051122751 0.552085400274488 -0.3064170483364342
vn -0.7754420051122751 0.552085400274488 -0.3064170483364342
vn -0.7754420051122751 0.552085400274488 -0.3064170483364342
vn -0.9353879032160674 -0.34095412266892866 0.09380701867189975
vn -0.9353879032160674 -0.34095412266892866 0.09380701867189975
vn -0.9353879032160674 -0.34095412266892866 0.09380701867189975
vn -0.9602566635818841 -0.23797040393622088 0.14586715496306885
vn -0.9602566635818841 -0.23797040393622088 0.14586715496306885
vn -0.9602566635818841 -0.23797040393622088 0.14586715496306885
vn -0.8180265661960191 0.5610637604618057 -0.12664909669637395
vn -0.8180265661960191 0.5610637604618057 -0.12664909669637395
vn -0.8180265661960191 0.5610637604618057 -0.12664909669637395
vn -0.9221267187946168 -0.06319946108075772 -0.38169116128641917
vn -0.9221267187946168 -0.06319946108075772 -0.38169116128641917
vn -0.9221267187946168 -0.06319946108075772 -0.38169116128641917
vn -0.9221267187946168 -0.06319946108075772 -0.38169116128641917
vn -0.9221266975185464 -0.06319982470101161 -0.38169115247972496
vn -0.9221267187946168 -0.06319946108075772 -0.38169116128641917
vn -0.7407975906193603 -0.6716888109240442 -0.007284985380498704
vn -0.7407975906193603 -0.6716888109240442 -0.007284985380498704
vn -0.7407975906193603 -0.6716888109240442 -0.007284985380498704
vn -0.745645041701799 -0.28968694630015507 0.6000791155579516
vn -0.745645041701799 -0.28968694630015507 0.6000791155579516
vn -0.745645041701799 -0.28968694630015507 0.6000791155579516
vn -0.7159414303877235 -0.35718435117943514 0.5998726594260706
vn -0.7159414303877235 -0.35718435117943514 0.5998726594260706
vn -0.7159414303877235 -0.35718435117943514 0.5998726594260706
vn -0.8927474767256968 0.33937597842336736 0.2963543285816553
vn -0.8927474767256968 0.33937597842336736 0.2963543285816553
vn -0.8927474767256968 0.33937597842336736 0.2963543285816553
vn -0.8948594188405441 0.33258121673015656 0.2976849925519464
vn -0.8948594188405441 0.33258121673015656 0.2976849925519464
vn -0.8948594188405441 0.33258121673015656 0.2976849925519464
vn -0.8998095437839387 -0.34922087365857574 0.2615101648435123
vn -0.8998095437839387 -0.34922087365857574 0.2615101648435123
vn -0.8998095437839387 -0.34922087365857574 0.2615101648435123
vn -0.8962761151492945 -0.36352485368761694 0.2540448900574175
vn -0.8962761151492945 -0.36352485368761694 0.2540448900574175
vn -0.8962761151492945 -0.36352485368761694 0.2540448900574175
vn -0.8770542510134902 0.33682438536434456 0.3425276254597537
vn -0.8770542510134902 0.33682438536434456 0.3425276254597537
vn -0.8770542510134902 0.33682438536434456 0.3425276254597537
vn -0.8750198180203173 0.3327119008485363 0.35162922106310324
vn -0.8750198180203173 0.3327119008485363 0.35162922106310324
vn -0.8750198180203173 0.3327119008485363 0.35162922106310324
vn -0.8574728067148872 0.0019761415409147104 -0.5145254907282087
vn -0.8574728067148872 0.0019761415409147104 -0.5145254907282087
vn -0.8574728067148872 0.0019761415409147104 -0.5145254907282087
vn -0.7033933871567036 0.26341834194025154 -0.6601882459069296
vn -0.7033933871567036 0.26341834194025154 -0.6601882459069296
vn -0.7033933871567036 0.26341834194025154 -0.6601882459069296
vn -0.6403364596487044 0.7680646249884945 -0.006778664016330211
vn -0.6403364596487044 0.7680646249884945 -0.006778664016330211
vn -0.6403364596487044 0.7680646249884945 -0.006778664016330211
vn -0.6434368958550654 0.7654491992932245 -0.00874553336048181
vn -0.6434368958550654 0.7654491992932245 -0.00874553336048181
vn -0.6434368958550654 0.7654491992932245 -0.00874553336048181
vn -0.6726048660417054 0.48117280519085864 -0.5622058570681914
vn -0.6726048660417054 0.48117280519085864 -0.5622058570681914
vn -0.6726048660417054 0.48117280519085864 -0.5622058570681914
vn -0.6733654132170864 0.49529537490478615 -0.5488729469384603
vn -0.6733654132170864 0.49529537490478615 -0.5488729469384603
vn -0.6733654132170864 0.49529537490478615 -0.5488729469384603
vn 2.375722069461246e-18 -1 -2.274345708718891e-18
vn 2.375722069461246e-18 -1 -2.274345708718891e-18
vn 2.375722069461246e-18 -1 -2.274345708718891e-18
vn 2.375722069461246e-18 -1 -2.274345708718891e-18
vn -4.1092029650616338e-19 -1 -1.2392173702415904e-18
vn 2.375722069461246e-18 -1 -2.274345708718891e-18
vn 2.375722069461246e-18 -1 -2.274345708718891e-18
vn -4.1092029650616338e-19 -1 -1.2392173702415904e-18
vn 0 -1 0
vn 0 -1 0
vn 2.375722069461246e-18 -1 -2.274345708718891e-18
vn 2.375722069461246e-18 -1 -2.274345708718891e-18
vn 0 -1 0
vn 0 -1 0
vn 0 -1 0
vn 0 -1 0
vn 0 -1 0
vn 0 -1 0
vn -0.8919667798291169 0.08909519958282756 0.4432350494856783
vn -0.8919667798291169 0.08909519958282756 0.4432350494856783
vn -0.8919667798291169 0.08909519958282756 0.4432350494856783
vn 0.6122550906719382 -0.2172071403818935 0.760239937199709
vn 0.6122550906719382 -0.2172071403818935 0.760239937199709
vn 0.6122550906719382 -0.2172071403818935 0.760239937199709
vn 0.8916033600748916 0.07153199477454196 0.4471315489056192
vn 0.8916033600748916 0.07153199477454196 0.4471315489056192
vn 0.8916033600748916 0.07153199477454196 0.4471315489056192
vn -0.8174927346141962 -0.5743854720250917 -0.04227243048980748
vn -0.8174927346141962 -0.5743854720250917 -0.04227243048980748
vn -0.8174927346141962 -0.5743854720250917 -0.04227243048980748
vn -0.7334646544224221 -0.5906828610983439 0.33633816066225886
vn -0.7334646544224221 -0.5906828610983439 0.33633816066225886
vn -0.7334646544224221 -0.5906828610983439 0.33633816066225886
vn -0.7154119127813804 -0.6762490379405932 0.17570723870947577
vn -0.7154119127813804 -0.6762490379405932 0.17570723870947577
vn -0.7154119127813804 -0.6762490379405932 0.17570723870947577
vn 0.7224849932184728 -0.029474876305491865 -0.6907580374059208
vn 0.7224849932184728 -0.029474876305491865 -0.6907580374059208
vn 0.7224849932184728 -0.029474876305491865 -0.6907580374059208
vn 0.6974814950673187 0.05342321705375408 -0.7146086508840243
vn 0.6974814950673187 0.05342321705375408 -0.7146086508840243
vn 0.6974814950673187 0.05342321705375408 -0.7146086508840243
vn 0.7486207368244776 0.4545651305232407 0.48263602694863705
vn 0.7486207368244776 0.4545651305232407 0.48263602694863705
vn 0.7486207368244776 0.4545651305232407 0.48263602694863705
vn -0.6498519706145267 0.25370737628761647 -0.7164670149460266
vn -0.6498519706145267 0.25370737628761647 -0.7164670149460266
vn -0.6498519706145267 0.25370737628761647 -0.7164670149460266
vn -0.8734487154540346 -0.20932648739004858 0.43962457068348737
vn -0.8734487154540346 -0.20932648739004858 0.43962457068348737
vn -0.8734487154540346 -0.20932648739004858 0.43962457068348737
vn -0.10955162361285004 0.5673395403006616 0.8161643754631922
vn -0.10955162361285004 0.5673395403006616 0.8161643754631922
vn -0.10955162361285004 0.5673395403006616 0.8161643754631922
vn 0 1 0
vn 0 1 0
vn 0 1 0
vn 0.07213394923884031 0.6651378717841078 0.7432282993035964
vn 0.07213394923884031 0.6651378717841078 0.7432282993035964
vn 0.07213394923884031 0.6651378717841078 0.7432282993035964
vn 0.09047357422182448 0.6746279361775509 0.7325924379191654
vn 0.09047357422182448 0.6746279361775509 0.7325924379191654
vn 0.09047357422182448 0.6746279361775509 0.7325924379191654
vn 0.07423441779630202 0.6659216215257843 0.7423190993089926
vn 0.07423441779630202 0.6659216215257843 0.7423190993089926
vn 0.07423441779630202 0.6659216215257843 0.7423190993089926
vn -0.6853253933115744 -0.6686872333370174 0.28842068104492946
vn -0.6853253933115744 -0.6686872333370174 0.28842068104492946
vn -0.6853253933115744 -0.6686872333370174 0.28842068104492946
vn -0.39249698581521486 -0.030214466256752413 0.9192568749565001
vn -0.39249698581521486 -0.030214466256752413 0.9192568749565001
vn -0.39249698581521486 -0.030214466256752413 0.9192568749565001
vn -0.3924971189412884 -0.030215061943407066 0.9192567985359391
vn -0.39249698581521486 -0.030214466256752413 0.9192568749565001
vn -0.39249698581521486 -0.030214466256752413 0.9192568749565001
vn -0.3604975385439827 0.48613280633574235 0.7960630749556629
vn -0.3604975385439827 0.48613280633574235 0.7960630749556629
vn -0.3604975385439827 0.48613280633574235 0.7960630749556629
vn -0.36954474404547666 0.4741978639600369 0.7991076698193439
vn -0.36954474404547666 0.4741978639600369 0.7991076698193439
vn -0.36954474404547666 0.4741978639600369 0.7991076698193439
vn -0.35926311063322897 0.4696626123938002 0.8064409760531563
vn -0.35926311063322897 0.4696626123938002 0.8064409760531563
vn -0.35926311063322897 0.4696626123938002 0.8064409760531563
vn -0.35549426169519893 0.46400088190237937 0.8113735338890464
vn -0.35549426169519893 0.46400088190237937 0.8113735338890464
vn -0.35549426169519893 0.46400088190237937 0.8113735338890464
vn -0.36083799124224936 0.46659203747830785 0.8075195444310309
vn -0.36083799124224936 0.46659203747830785 0.8075195444310309
vn -0.36083799124224936 0.46659203747830785 0.8075195444310309
vn -0.3743214075437431 0.47007859560004334 0.7993182081081113
vn -0.3743214075437431 0.47007859560004334 0.7993182081081113
vn -0.3743214075437431 0.47007859560004334 0.7993182081081113
vn 0 -1 0
vn 0 -1 0
vn 2.375722069461246e-18 -1 -2.274345708718891e-18
vn -0.892091977768482 0.3194760042077667 0.3195418375370541
vn -0.892091977768482 0.3194760042077667 0.3195418375370541
vn -0.892091977768482 0.3194760042077667 0.3195418375370541
vn 0.10151871850015938 -0.12924705746922746 0.9864021228330927
vn 0.10151871850015938 -0.12924705746922746 0.9864021228330927
vn 0.10151871850015938 -0.12924705746922746 0.9864021228330927
vn 0.08481393885696197 -0.13804325674951562 0.9867880497054851
vn 0.08481393885696197 -0.13804325674951562 0.9867880497054851
vn 0.08481393885696197 -0.13804325674951562 0.9867880497054851
vn -0.1823596391896434 0.38165972339926096 -0.9061350989391278
vn -0.1823596391896434 0.38165972339926096 -0.9061350989391278
vn -0.1823596391896434 0.38165972339926096 -0.9061350989391278
vn -0.060869499756641875 0.5476812694712554 -0.8344699701425633
vn -0.060869499756641875 0.5476812694712554 -0.8344699701425633
vn -0.060869499756641875 0.5476812694712554 -0.8344699701425633
vn 0.060869503468129596 0.5476812693470651 -0.8344699699533417
vn 0.060869503468129596 0.5476812693470651 -0.8344699699533417
vn 0.060869503468129596 0.5476812693470651 -0.8344699699533417
vn -0.2184846701488637 0.041058193934538384 -0.9749762425930061
vn -0.2184846701488637 0.041058193934538384 -0.9749762425930061
vn -0.2184846701488637 0.041058193934538384 -0.9749762425930061
vn -0.19676964960710744 0.02503631753985013 -0.9801300361674158
vn -0.19676964960710744 0.02503631753985013 -0.9801300361674158
vn -0.19676964960710744 0.02503631753985013 -0.9801300361674158
vn 0.45768177182599146 0.8596934614802524 -0.22683594958983663
vn 0.45768177182599146 0.8596934614802524 -0.22683594958983663
vn 0.45768177182599146 0.8596934614802524 -0.22683594958983663
vn 0.48378657445345163 0.40328817851636495 -0.7767298085225953
vn 0.48378657445345163 0.40328817851636495 -0.7767298085225953
vn 0.48378657445345163 0.40328817851636495 -0.7767298085225953
vn -0.2848056232998565 -0.6766368690279109 0.6790053787775808
vn -0.2848056232998565 -0.6766368690279109 0.6790053787775808
vn -0.2848056232998565 -0.6766368690279109 0.6790053787775808
vn -0.2849265443160742 -0.6746990822438204 0.680880321909399
vn -0.2849265443160742 -0.6746990822438204 0.680880321909399
vn -0.2849265443160742 -0.6746990822438204 0.680880321909399
vn -0.28785888105471635 -0.6718844945250236 0.6824283776447023
vn -0.28785888105471635 -0.6718844945250236 0.6824283776447023
vn -0.28785888105471635 -0.6718844945250236 0.6824283776447023
vn -0.3003994581434531 -0.6870981585122783 0.6615559584163354
vn -0.3003994581434531 -0.6870981585122783 0.6615559584163354
vn -0.3003994581434531 -0.6870981585122783 0.6615559584163354
vn -0.2796774006891219 -0.6729973665409563 0.6847299439725958
vn -0.2796774006891219 -0.6729973665409563 0.6847299439725958
vn -0.2796774006891219 -0.6729973665409563 0.6847299439725958
vn -0.7602397491510366 0.5831868551087392 -0.28623175197581996
vn -0.7602397491510366 0.5831868551087392 -0.28623175197581996
vn -0.7602397491510366 0.5831868551087392 -0.28623175197581996
vn -0.762886457279052 0.5805080477351893 -0.2846307429194821
vn -0.762886457279052 0.5805080477351893 -0.2846307429194821
vn -0.762886457279052 0.5805080477351893 -0.2846307429194821
vn -0.986541063695563 -0.1592614157359528 -0.03704768684016522
vn -0.986541063695563 -0.1592614157359528 -0.03704768684016522
vn -0.986541063695563 -0.1592614157359528 -0.03704768684016522
vn 0 -1 0
vn 0 -1 0
vn 2.375722069461246e-18 -1 -2.274345708718891e-18
vn 0.40263431929290877 0.6130419322500271 0.6797537747086728
vn 0.40263431929290877 0.6130419322500271 0.6797537747086728
vn 0.40263431929290877 0.6130419322500271 0.6797537747086728
vn 0.08445594588079343 0.35435706915376064 0.9312884949069958
vn 0.08445594588079343 0.35435706915376064 0.9312884949069958
vn 0.08445594588079343 0.35435706915376064 0.9312884949069958
vn -0.13231998553556948 0.6949397258046321 -0.7067886522337843
vn -0.13231998553556948 0.6949397258046321 -0.7067886522337843
vn -0.13231998553556948 0.6949397258046321 -0.7067886522337843
vn -0.11718130714858924 0.7375647932387142 -0.6650313654480371
vn -0.11718130714858924 0.7375647932387142 -0.6650313654480371
vn -0.11718130714858924 0.7375647932387142 -0.6650313654480371
vn 0.11718129980031607 0.7375647938826589 -0.6650313660286552
vn 0.11718129980031607 0.7375647938826589 -0.6650313660286552
vn 0.11718129980031607 0.7375647938826589 -0.6650313660286552
vn -0.2349687406786977 0.7723376283451059 -0.5901561477661008
vn -0.2349687406786977 0.7723376283451059 -0.5901561477661008
vn -0.2349687406786977 0.7723376283451059 -0.5901561477661008
vn -0.1843633444901443 0.3951704952844925 0.8999169055335148
vn -0.1843633444901443 0.3951704952844925 0.8999169055335148
vn -0.1843633444901443 0.3951704952844925 0.8999169055335148
vn -0.18184561993397358 0.2988122994071805 0.9368262273409208
vn -0.18184561993397358 0.2988122994071805 0.9368262273409208
vn -0.18184561993397358 0.2988122994071805 0.9368262273409208
vn -0.35072433872023345 -0.2430430347387031 -0.9043906907383868
vn -0.35072433872023345 -0.2430430347387031 -0.9043906907383868
vn -0.35072433872023345 -0.2430430347387031 -0.9043906907383868
vn -0.2825010549129562 -0.6195624102734673 -0.7323493522556014
vn -0.2825010549129562 -0.6195624102734673 -0.7323493522556014
vn -0.2825010549129562 -0.6195624102734673 -0.7323493522556014
vn -0.2972474028371038 -0.38580830978929864 -0.8733818921892765
vn -0.2972474028371038 -0.38580830978929864 -0.8733818921892765
vn -0.2972474028371038 -0.38580830978929864 -0.8733818921892765
vn 0.331933998396928 0.5451456306151973 0.7698285926941054
vn 0.331933998396928 0.5451456306151973 0.7698285926941054
vn 0.331933998396928 0.5451456306151973 0.7698285926941054
vn -0.24768045777522676 0.2766342785144799 -0.9285084096479832
vn -0.24768045777522676 0.2766342785144799 -0.9285084096479832
vn -0.24768045777522676 0.2766342785144799 -0.9285084096479832
vn -0.2657307754218019 0.29207349590703585 -0.9187383893047959
vn -0.2657307754218019 0.29207349590703585 -0.9187383893047959
vn -0.2657307754218019 0.29207349590703585 -0.9187383893047959
vn -0.7522047292449036 -0.030612722569887656 0.6582179779666156
vn -0.7522047292449036 -0.030612722569887656 0.6582179779666156
vn -0.7522047292449036 -0.030612722569887656 0.6582179779666156
vn -0.35658421430577814 0.4687838166714742 0.8081394875483171
vn -0.35658421430577814 0.4687838166714742 0.8081394875483171
vn -0.35658421430577814 0.4687838166714742 0.8081394875483171
vn -0.20299791024927294 0.8627339697272479 0.46312195576661286
vn -0.20299791024927294 0.8627339697272479 0.46312195576661286
vn -0.20299791024927294 0.8627339697272479 0.46312195576661286
vn -0.18371192034291256 0.8730880814593783 0.4516272050458222
vn -0.18371192034291256 0.8730880814593783 0.4516272050458222
vn -0.18371192034291256 0.8730880814593783 0.4516272050458222
vn -0.24478899833198406 -0.10469969105653718 0.9639068009866355
vn -0.24478899833198406 -0.10469969105653718 0.9639068009866355
vn -0.24478899833198406 -0.10469969105653718 0.9639068009866355
vn -0.2895366558903504 0.4497620477991153 0.8449157503889835
vn -0.2895366558903504 0.4497620477991153 0.8449157503889835
vn -0.2895366558903504 0.4497620477991153 0.8449157503889835
vn -0.3028965531064394 0.412674895515225 0.8590419714587502
vn -0.3028965531064394 0.412674895515225 0.8590419714587502
vn -0.3028965531064394 0.412674895515225 0.8590419714587502
vn -0.2703751644589837 -0.6392840196575329 -0.7198702748789426
vn -0.2703751644589837 -0.6392840196575329 -0.7198702748789426
vn -0.2703751644589837 -0.6392840196575329 -0.7198702748789426
vn -0.358933176851226 0.44353580015248023 0.8212447677389401
vn -0.358933176851226 0.44353580015248023 0.8212447677389401
vn -0.358933176851226 0.44353580015248023 0.8212447677389401
vn -0.025463617880261604 0.9953363226787931 0.09304412351516528
vn -0.025463617880261604 0.9953363226787931 0.09304412351516528
vn -0.025463617880261604 0.9953363226787931 0.09304412351516528
vn -0.014926141447613837 0.9961146874672221 0.086791357366758
vn -0.014926141447613837 0.9961146874672221 0.086791357366758
vn -0.014926141447613837 0.9961146874672221 0.086791357366758
vn 0.8585962142087683 0.11052662243557144 0.5005960514020812
vn 0.8585962142087683 0.11052662243557144 0.5005960514020812
vn 0.8585962142087683 0.11052662243557144 0.5005960514020812
vn 0.8859970677182162 0.061324563621976566 0.45961776933806314
vn 0.8859970677182162 0.061324563621976566 0.45961776933806314
vn 0.8859970677182162 0.061324563621976566 0.45961776933806314
vn -0.28772473255821346 0.925061938592627 0.24794129958834144
vn -0.28772473255821346 0.925061938592627 0.24794129958834144
vn -0.28772473255821346 0.925061938592627 0.24794129958834144
vn -0.3305175975665027 0.9097280709318208 0.25130251621807365
vn -0.3305175975665027 0.9097280709318208 0.25130251621807365
vn -0.3305175975665027 0.9097280709318208 0.25130251621807365
vn 0 -1 0
vn 0 -1 0
vn 2.375722069461246e-18 -1 -2.274345708718891e-18
vn -0.8911440357325439 0.165705308036585 0.4223790459608706
vn -0.8911440357325439 0.165705308036585 0.4223790459608706
vn -0.8911440357325439 0.165705308036585 0.4223790459608706
vn 0.04046973931721446 0.814818198035205 0.5783022603710435
vn 0.04046973931721446 0.814818198035205 0.5783022603710435
vn 0.04046973931721446 0.814818198035205 0.5783022603710435
vn 0.09160626047677985 -0.13796115091866637 0.9861921789786499
vn 0.09160626047677985 -0.13796115091866637 0.9861921789786499
vn 0.09160626047677985 -0.13796115091866637 0.9861921789786499
vn 0.09160626047677985 -0.13796115091866637 0.9861921789786499
vn 0.09160777886315048 -0.1379606866753468 0.986192102880482
vn 0.09160626047677985 -0.13796115091866637 0.9861921789786499
vn 0.07423748848553241 0.6659230614564317 0.7423175004833538
vn 0.07423441779630202 0.6659216215257843 0.7423190993089926
vn 0.07423441779630202 0.6659216215257843 0.7423190993089926
vn -0.522970722344081 -0.5545955155230171 0.6472444961007154
vn -0.522970722344081 -0.5545955155230171 0.6472444961007154
vn -0.522970722344081 -0.5545955155230171 0.6472444961007154
vn -0.4839813742320384 -0.42388284495949863 0.7655621223294091
vn -0.4839813742320384 -0.42388284495949863 0.7655621223294091
vn -0.4839813742320384 -0.42388284495949863 0.7655621223294091
vn -0.5558187433243762 0.23846151225198597 0.7963677741746004
vn -0.5558187433243762 0.23846151225198597 0.7963677741746004
vn -0.5558187433243762 0.23846151225198597 0.7963677741746004
vn -0.5649849833342727 0.24751341609675562 0.7871016944835565
vn -0.5649849833342727 0.24751341609675562 0.7871016944835565
vn -0.5649849833342727 0.24751341609675562 0.7871016944835565
vn 0.18461423812938269 -0.7169464114273023 -0.6722391138734944
vn 0.18461423812938269 -0.7169464114273023 -0.6722391138734944
vn 0.18461423812938269 -0.7169464114273023 -0.6722391138734944
vn 0.18373769928098818 -0.7163995677875472 -0.6730617483832702
vn 0.18373769928098818 -0.7163995677875472 -0.6730617483832702
vn 0.18373769928098818 -0.7163995677875472 -0.6730617483832702
vn 0.0916048427832075 -0.1379611216591288 0.9861923147587487
vn 0.09160777886315048 -0.1379606866753468 0.986192102880482
vn 0.09160626047677985 -0.13796115091866637 0.9861921789786499
vn 0 -1 0
vn 0 -1 0
vn 2.375722069461246e-18 -1 -2.274345708718891e-18
vn 0.9297742425368004 0.1477221427792318 0.337191379557413
vn 0.9297742425368004 0.1477221427792318 0.337191379557413
vn 0.9297742425368004 0.1477221427792318 0.337191379557413
vn 0.06534027177507865 -0.1428531081707953 0.9875847499684784
vn 0.06534027177507865 -0.1428531081707953 0.9875847499684784
vn 0.06534027177507865 -0.1428531081707953 0.9875847499684784
vn 0.0916048427832075 -0.1379611216591288 0.9861923147587487
vn 0.09160626047677985 -0.13796115091866637 0.9861921789786499
vn 0.09160575326905579 -0.1379611053593994 0.9861922324658726
vn -0.5739199468286605 0.3274417192522572 0.7505983047711429
vn -0.5739199468286605 0.3274417192522572 0.7505983047711429
vn -0.5739199468286605 0.3274417192522572 0.7505983047711429
vn 0.046829111575571986 0.7664558242574342 0.6405876238040349
vn 0.046829111575571986 0.7664558242574342 0.6405876238040349
vn 0.046829111575571986 0.7664558242574342 0.6405876238040349
vn 0 -1 0
vn 0 -1 0
vn 2.375722069461246e-18 -1 -2.274345708718891e-18
vn 0.9120296642281618 0.4095372768721303 0.021934229414922495
vn 0.9120296642281618 0.4095372768721303 0.021934229414922495
vn 0.9120296642281618 0.4095372768721303 0.021934229414922495
vn 0.9619170915482507 0.01084274879602957 0.2731262414816641
vn 0.9619170915482507 0.01084274879602957 0.2731262414816641
vn 0.9619170915482507 0.01084274879602957 0.2731262414816641
vn 0.9673090199576105 -0.15515498745449202 0.20059957571401618
vn 0.9673090199576105 -0.15515498745449202 0.20059957571401618
vn 0.9673090199576105 -0.15515498745449202 0.20059957571401618
vn -0.9984342125146018 0.05099586669114801 0.022990103539688497
vn -0.9984342125146018 0.05099586669114801 0.022990103539688497
vn -0.9984342125146018 0.05099586669114801 0.022990103539688497
vn -0.9799870625873626 0.059009584188091206 0.19011371895615914
vn -0.9799870625873626 0.059009584188091206 0.19011371895615914
vn -0.9799870625873626 0.059009584188091206 0.19011371895615914
vn -0.13768929184887396 -0.6584581108870893 0.7399152486042987
vn -0.13768929184887396 -0.6584581108870893 0.7399152486042987
vn -0.13768929184887396 -0.6584581108870893 0.7399152486042987
vn -0.2566154595531618 -0.03216186161224849 0.9659783230362647
vn -0.2566154595531618 -0.03216186161224849 0.9659783230362647
vn -0.2566154595531618 -0.03216186161224849 0.9659783230362647
vn 0.0057898834522828865 0.3832750332025991 0.9236161140718343
vn 0.0057898834522828865 0.3832750332025991 0.9236161140718343
vn 0.0057898834522828865 0.3832750332025991 0.9236161140718343
vn -0.005789883917928566 0.38327503320156575 0.9236161140693442
vn -0.005789883917928566 0.38327503320156575 0.9236161140693442
vn -0.005789883917928566 0.38327503320156575 0.9236161140693442
vn 0.26567386906722545 0.7481333423556407 -0.6080410326208491
vn 0.26567386906722545 0.7481333423556407 -0.6080410326208491
vn 0.26567386906722545 0.7481333423556407 -0.6080410326208491
vn 0.17386287709298814 0.7025962576427657 -0.6900218827800526
vn 0.17386287709298814 0.7025962576427657 -0.6900218827800526
vn 0.17386287709298814 0.7025962576427657 -0.6900218827800526
vn 0.27979657025556565 0.882769489732486 -0.37740151996337873
vn 0.27979657025556565 0.882769489732486 -0.37740151996337873
vn 0.27979657025556565 0.882769489732486 -0.37740151996337873
vn 0.0824449873111133 0.9816033735403494 -0.1722139399743106
vn 0.0824449873111133 0.9816033735403494 -0.1722139399743106
vn 0.0824449873111133 0.9816033735403494 -0.1722139399743106
vn 0.13768929184887396 -0.6584581108870893 0.7399152486042987
vn 0.13768929184887396 -0.6584581108870893 0.7399152486042987
vn 0.13768929184887396 -0.6584581108870893 0.7399152486042987
vn 0.25661548739295637 -0.03216186136628303 0.9659783156487165
vn 0.25661548739295637 -0.03216186136628303 0.9659783156487165
vn 0.25661548739295637 -0.03216186136628303 0.9659783156487165
vn 0.3924971441524435 -0.030215061589971642 0.9192567877830929
vn 0.3924971441524435 -0.030215061589971642 0.9192567877830929
vn 0.3924971441524435 -0.030215061589971642 0.9192567877830929
vn 0.36954483884434247 0.4741978708788912 0.7991076218741974
vn 0.36954483884434247 0.4741978708788912 0.7991076218741974
vn 0.36954483884434247 0.4741978708788912 0.7991076218741974
vn 0.36049755240583814 0.48613286386063803 0.7960630335495138
vn 0.36049755240583814 0.48613286386063803 0.7960630335495138
vn 0.36049755240583814 0.48613286386063803 0.7960630335495138
vn 0.35893316856310725 0.4435353060491226 0.8212450382152451
vn 0.35893316856310725 0.4435353060491226 0.8212450382152451
vn 0.35893316856310725 0.4435353060491226 0.8212450382152451
vn 0.37432173244890204 0.4700786515372174 0.7993180230580339
vn 0.37432173244890204 0.4700786515372174 0.7993180230580339
vn 0.37432173244890204 0.4700786515372174 0.7993180230580339
vn 0.35658421430577814 0.4687838166714742 0.8081394875483171
vn 0.35658421430577814 0.4687838166714742 0.8081394875483171
vn 0.35658421430577814 0.4687838166714742 0.8081394875483171
vn 0.3554943235723818 0.46400103388017117 0.8113734198665536
vn 0.3554943235723818 0.46400103388017117 0.8113734198665536
vn 0.3554943235723818 0.46400103388017117 0.8113734198665536
vn 0.2029979217345852 0.8627339552100105 0.463121977775975
vn 0.2029979217345852 0.8627339552100105 0.463121977775975
vn 0.2029979217345852 0.8627339552100105 0.463121977775975
vn 0.18371190594466624 0.8730880838494753 0.4516272062821612
vn 0.18371190594466624 0.8730880838494753 0.4516272062821612
vn 0.18371190594466624 0.8730880838494753 0.4516272062821612
vn 0 -1 0
vn 0 -1 0
vn 0 -1 0
vn 0 -1 0
vn 0 -1 0
vn 0 -1 0
vn 0 -1 0
vn 0 -1 0
vn 0 -1 0
vn 0 -1 0
vn 0 -1 0
vn 0 -1 0
vn 0 -1 0
vn 0 -1 0
vn 0 -1 0
vn 0.3003994191851935 -0.6870981375700707 0.6615559978572778
vn 0.3003994191851935 -0.6870981375700707 0.6615559978572778
vn 0.3003994191851935 -0.6870981375700707 0.6615559978572778
vn 0.28785888105471635 -0.6718844945250236 0.6824283776447023
vn 0.28785888105471635 -0.6718844945250236 0.6824283776447023
vn 0.28785888105471635 -0.6718844945250236 0.6824283776447023
vn 0.24478895611625412 -0.10469969957116455 0.9639068107826724
vn 0.24478895611625412 -0.10469969957116455 0.9639068107826724
vn 0.24478895611625412 -0.10469969957116455 0.9639068107826724
vn 0.28953661988210827 0.4497622169728598 0.8449156726744402
vn 0.28953661988210827 0.4497622169728598 0.8449156726744402
vn 0.28953661988210827 0.4497622169728598 0.8449156726744402
vn 0.3028965531064394 0.412674895515225 0.8590419714587502
vn 0.3028965531064394 0.412674895515225 0.8590419714587502
vn 0.3028965531064394 0.412674895515225 0.8590419714587502
vn 0.23496878291408818 0.7723376202325315 -0.5901561415671466
vn 0.23496878291408818 0.7723376202325315 -0.5901561415671466
vn 0.23496878291408818 0.7723376202325315 -0.5901561415671466
vn 0.13231998544211787 0.6949396657091836 -0.7067887113392557
vn 0.13231998544211787 0.6949396657091836 -0.7067887113392557
vn 0.13231998544211787 0.6949396657091836 -0.7067887113392557
vn 0.18436333089952295 0.3951703214169359 0.8999169846662904
vn 0.18436333089952295 0.3951703214169359 0.8999169846662904
vn 0.18436333089952295 0.3951703214169359 0.8999169846662904
vn 0.18184560184900675 0.29881217496620077 0.9368262705433389
vn 0.18184560184900675 0.29881217496620077 0.9368262705433389
vn 0.18184560184900675 0.29881217496620077 0.9368262705433389
vn 0.28772476095636623 0.925061934078091 0.2479412834771642
vn 0.28772476095636623 0.925061934078091 0.2479412834771642
vn 0.28772476095636623 0.925061934078091 0.2479412834771642
vn 0.3305176506598235 0.9097280530098271 0.2513025112673172
vn 0.3305176506598235 0.9097280530098271 0.2513025112673172
vn 0.3305176506598235 0.9097280530098271 0.2513025112673172
vn -0.17386290599443718 0.7025962540022506 -0.6900218792046918
vn -0.17386290599443718 0.7025962540022506 -0.6900218792046918
vn -0.17386290599443718 0.7025962540022506 -0.6900218792046918
vn -0.2656738435868451 0.7481332949215149 -0.6080411021170116
vn -0.2656738435868451 0.7481332949215149 -0.6080411021170116
vn -0.2656738435868451 0.7481332949215149 -0.6080411021170116
vn -0.2797965394802251 0.8827695210854609 -0.37740146944260394
vn -0.2797965394802251 0.8827695210854609 -0.37740146944260394
vn -0.2797965394802251 0.8827695210854609 -0.37740146944260394
vn -0.18373767833051466 -0.716399542696563 -0.6730617808090634
vn -0.18373767833051466 -0.716399542696563 -0.6730617808090634
vn -0.18373767833051466 -0.716399542696563 -0.6730617808090634
vn -0.18461428821453846 -0.7169464919315827 -0.6722390142605802
vn -0.18461428821453846 -0.7169464919315827 -0.6722390142605802
vn -0.18461428821453846 -0.7169464919315827 -0.6722390142605802
vn 0.27037519208267485 -0.6392840145063049 -0.7198702690783662
vn 0.27037519208267485 -0.6392840145063049 -0.7198702690783662
vn 0.27037519208267485 -0.6392840145063049 -0.7198702690783662
vn 0.282501039820636 -0.6195624425344594 -0.7323493307848339
vn 0.282501039820636 -0.6195624425344594 -0.7323493307848339
vn 0.282501039820636 -0.6195624425344594 -0.7323493307848339
vn -0.0824449873111133 0.9816033735403494 -0.1722139399743106
vn -0.0824449873111133 0.9816033735403494 -0.1722139399743106
vn -0.0824449873111133 0.9816033735403494 -0.1722139399743106
vn 0.24768047380423017 0.2766342499718437 -0.9285084138760551
vn 0.24768047380423017 0.2766342499718437 -0.9285084138760551
vn 0.24768047380423017 0.2766342499718437 -0.9285084138760551
vn 0.2657308308175932 0.29207349128094495 -0.9187383747530911
vn 0.2657308308175932 0.29207349128094495 -0.9187383747530911
vn 0.2657308308175932 0.29207349128094495 -0.9187383747530911
vn 0.182359604155733 0.381659801857058 -0.9061350729436509
vn 0.182359604155733 0.381659801857058 -0.9061350729436509
vn 0.182359604155733 0.381659801857058 -0.9061350729436509
vn 0.21848464210335145 0.04105815701177933 -0.9749762504326792
vn 0.21848464210335145 0.04105815701177933 -0.9749762504326792
vn 0.21848464210335145 0.04105815701177933 -0.9749762504326792
vn 0.19676965829193113 0.025036316815562284 -0.9801300344423628
vn 0.19676965829193113 0.025036316815562284 -0.9801300344423628
vn 0.19676965829193113 0.025036316815562284 -0.9801300344423628
vn 0.2972474028371038 -0.38580830978929864 -0.8733818921892765
vn 0.2972474028371038 -0.38580830978929864 -0.8733818921892765
vn 0.2972474028371038 -0.38580830978929864 -0.8733818921892765
vn 0.35072440496515833 -0.24304287542747152 -0.9043907078612551
vn 0.35072440496515833 -0.24304287542747152 -0.9043907078612551
vn 0.35072440496515833 -0.24304287542747152 -0.9043907078612551
vn 0.6434367680730975 0.765449308304201 -0.00874539354559398
vn 0.6434367680730975 0.765449308304201 -0.00874539354559398
vn 0.6434367680730975 0.765449308304201 -0.00874539354559398
vn 0.6403364598609361 0.7680646252430601 -0.006778615124141295
vn 0.6403364598609361 0.7680646252430601 -0.006778615124141295
vn 0.6403364598609361 0.7680646252430601 -0.006778615124141295
vn 0.6726047947204945 0.4811727074020122 -0.5622060260886741
vn 0.6726047947204945 0.4811727074020122 -0.5622060260886741
vn 0.6726047947204945 0.4811727074020122 -0.5622060260886741
vn 0.6733654089163295 0.4952952525320666 -0.5488730626421202
vn 0.6733654089163295 0.4952952525320666 -0.5488730626421202
vn 0.6733654089163295 0.4952952525320666 -0.5488730626421202
vn 0.733464597292471 -0.5906829823005841 0.3363380723900894
vn 0.733464597292471 -0.5906829823005841 0.3363380723900894
vn 0.733464597292471 -0.5906829823005841 0.3363380723900894
vn 0.7154119175289296 -0.6762489860864725 0.1757074189514988
vn 0.7154119175289296 -0.6762489860864725 0.1757074189514988
vn 0.7154119175289296 -0.6762489860864725 0.1757074189514988
vn 0.385267378804181 -0.2865973129134485 -0.8771721764056054
vn 0.385267378804181 -0.2865973129134485 -0.8771721764056054
vn 0.385267378804181 -0.2865973129134485 -0.8771721764056054
vn 0.5622418628243567 -0.3193045914431527 -0.7628424906696787
vn 0.5622418628243567 -0.3193045914431527 -0.7628424906696787
vn 0.5622418628243567 -0.3193045914431527 -0.7628424906696787
vn 0.5403592005684473 -0.290927828177341 -0.7895396970089877
vn 0.5403592005684473 -0.290927828177341 -0.7895396970089877
vn 0.5403592005684473 -0.290927828177341 -0.7895396970089877
vn 0.27967742332253415 -0.6729973613998709 0.6847299397809908
vn 0.27967742332253415 -0.6729973613998709 0.6847299397809908
vn 0.27967742332253415 -0.6729973613998709 0.6847299397809908
vn 0.3924971441524435 -0.030215061589971642 0.9192567877830929
vn 0.392497005360478 -0.030214322906567986 0.9192568713228935
vn 0.3924971441524435 -0.030215061589971642 0.9192567877830929
vn -0.9619170734932764 0.010842653857077457 0.2731263088379925
vn -0.9619170734932764 0.010842653857077457 0.2731263088379925
vn -0.9619170734932764 0.010842653857077457 0.2731263088379925
vn -0.6974814371104232 0.05342315385002885 -0.7146087121768772
vn -0.6974814371104232 0.05342315385002885 -0.7146087121768772
vn -0.6974814371104232 0.05342315385002885 -0.7146087121768772
vn -0.7224849350594295 -0.0294748726391771 -0.6907580983926835
vn -0.7224849350594295 -0.0294748726391771 -0.6907580983926835
vn -0.7224849350594295 -0.0294748726391771 -0.6907580983926835
vn 4.1092027065676923e-19 -1 -1.2392173702415904e-18
vn 4.1092027065676923e-19 -1 -1.2392173702415904e-18
vn 4.1092027065676923e-19 -1 -1.2392173702415904e-18
vn 4.1092027065676923e-19 -1 -1.2392173702415904e-18
vn -2.3757251713885432e-18 -1 -2.274347156284963e-18
vn 4.1092027065676923e-19 -1 -1.2392173702415904e-18
vn 4.1092027065676923e-19 -1 -1.2392173702415904e-18
vn -2.3757251713885432e-18 -1 -2.274347156284963e-18
vn 0 -1 0
vn 0 -1 0
vn 4.1092027065676923e-19 -1 -1.2392173702415904e-18
vn 4.1092027065676923e-19 -1 -1.2392173702415904e-18
vn -0.9120296408593676 0.40953732902074497 0.02193422741941909
vn -0.9120296408593676 0.40953732902074497 0.02193422741941909
vn -0.9120296408593676 0.40953732902074497 0.02193422741941909
vn -0.9673090073218161 -0.15515482573479283 0.2005997617278958
vn -0.9673090073218161 -0.15515482573479283 0.2005997617278958
vn -0.9673090073218161 -0.15515482573479283 0.2005997617278958
vn 0.28492647373079744 -0.6746991268131222 0.6808803072823767
vn 0.28492647373079744 -0.6746991268131222 0.6808803072823767
vn 0.28492647373079744 -0.6746991268131222 0.6808803072823767
vn 0.28480556848978816 -0.6766368208141487 0.6790054498129819
vn 0.28480556848978816 -0.6766368208141487 0.6790054498129819
vn 0.28480556848978816 -0.6766368208141487 0.6790054498129819
vn 0.35926307014941644 0.4696625571414712 0.8064410262667381
vn 0.35926307014941644 0.4696625571414712 0.8064410262667381
vn 0.35926307014941644 0.4696625571414712 0.8064410262667381
vn 0.998434235309262 0.050995490920155206 0.02298994711219181
vn 0.998434235309262 0.050995490920155206 0.02298994711219181
vn 0.998434235309262 0.050995490920155206 0.02298994711219181
vn 0.9799872244904817 0.05900919960116839 0.1901130037579535
vn 0.9799872244904817 0.05900919960116839 0.1901130037579535
vn 0.9799872244904817 0.05900919960116839 0.1901130037579535
vn 0.483981492716395 -0.4238831423478093 0.7655618827641282
vn 0.483981492716395 -0.4238831423478093 0.7655618827641282
vn 0.483981492716395 -0.4238831423478093 0.7655618827641282
vn 0.5229705665069191 -0.554594880633802 0.6472451660245992
vn 0.5229705665069191 -0.554594880633802 0.6472451660245992
vn 0.5229705665069191 -0.554594880633802 0.6472451660245992
vn 0 -1 0
vn 0 -1 0
vn 4.1092027065676923e-19 -1 -1.2392173702415904e-18
vn 0.5739203741429797 0.32744148658570227 0.7505980795379957
vn 0.5739203741429797 0.32744148658570227 0.7505980795379957
vn 0.5739203741429797 0.32744148658570227 0.7505980795379957
vn -0.046829176554657445 0.7664558512491809 0.6405875867585213
vn -0.046829176554657445 0.7664558512491809 0.6405875867585213
vn -0.046829176554657445 0.7664558512491809 0.6405875867585213
vn -0.06534033112524873 -0.14285310761444164 0.9875847461222452
vn -0.06534033112524873 -0.14285310761444164 0.9875847461222452
vn -0.06534033112524873 -0.14285310761444164 0.9875847461222452
vn -0.09160587166630735 -0.13796108923528433 0.986192223723788
vn -0.09160587166630735 -0.13796108923528433 0.986192223723788
vn -0.09160587166630735 -0.13796108923528433 0.986192223723788
vn -0.09160587166630735 -0.13796108923528433 0.986192223723788
vn -0.09160587166630735 -0.13796108923528433 0.986192223723788
vn -0.09160483376841096 -0.13796110072194348 0.9861923185250692
vn -0.09160587166630735 -0.13796108923528433 0.986192223723788
vn -0.09160786050840915 -0.13796065640446914 0.9861920995310803
vn -0.09160483376841096 -0.13796110072194348 0.9861923185250692
vn -0.09047365206837653 0.6746279610882561 0.7325924053655708
vn -0.09047365206837653 0.6746279610882561 0.7325924053655708
vn -0.09047365206837653 0.6746279610882561 0.7325924053655708
vn -0.07423441779630202 0.6659216215257843 0.7423190993089926
vn -0.07423441779630202 0.6659216215257843 0.7423190993089926
vn -0.07423441779630202 0.6659216215257843 0.7423190993089926
vn -0.07423441779630202 0.6659216215257843 0.7423190993089926
vn -0.07423441779630202 0.6659216215257843 0.7423190993089926
vn -0.07423755550924019 0.6659231207783564 0.742317440563555
vn 0.685325440454996 -0.6686871615736806 0.2884207354052412
vn 0.685325440454996 -0.6686871615736806 0.2884207354052412
vn 0.685325440454996 -0.6686871615736806 0.2884207354052412
vn 0.02546360857307536 0.9953363229148355 0.09304412353723056
vn 0.02546360857307536 0.9953363229148355 0.09304412353723056
vn 0.02546360857307536 0.9953363229148355 0.09304412353723056
vn 0.014926131205348952 0.9961146876195395 0.0867913573800294
vn 0.014926131205348952 0.9961146876195395 0.0867913573800294
vn 0.014926131205348952 0.9961146876195395 0.0867913573800294
vn 0.5558185465277693 0.2384614598334411 0.7963679272232542
vn 0.5558185465277693 0.2384614598334411 0.7963679272232542
vn 0.5558185465277693 0.2384614598334411 0.7963679272232542
vn 0.5649846178206381 0.24751322261721423 0.7871020176925662
vn 0.5649846178206381 0.24751322261721423 0.7871020176925662
vn 0.5649846178206381 0.24751322261721423 0.7871020176925662
vn -0.33193400234005194 0.5451456860364032 0.7698285517479939
vn -0.33193400234005194 0.5451456860364032 0.7698285517479939
vn -0.33193400234005194 0.5451456860364032 0.7698285517479939
vn -0.4576817700318422 0.8596935177148293 -0.2268357400843671
vn -0.4576817700318422 0.8596935177148293 -0.2268357400843671
vn -0.4576817700318422 0.8596935177148293 -0.2268357400843671
vn -0.4837866308761936 0.4032882354685511 -0.7767297438093406
vn -0.4837866308761936 0.4032882354685511 -0.7767297438093406
vn -0.4837866308761936 0.4032882354685511 -0.7767297438093406
vn 0.7522046434851817 -0.030612758758348197 0.6582180742888593
vn 0.7522046434851817 -0.030612758758348197 0.6582180742888593
vn 0.7522046434851817 -0.030612758758348197 0.6582180742888593
vn 0.8174926582238804 -0.5743855794404581 -0.04227244824827421
vn 0.8174926582238804 -0.5743855794404581 -0.04227244824827421
vn 0.8174926582238804 -0.5743855794404581 -0.04227244824827421
vn 0 -1 0
vn 0 -1 0
vn 4.1092027065676923e-19 -1 -1.2392173702415904e-18
vn -0.9297742232270851 0.14772234832756867 0.3371913427522408
vn -0.9297742232270851 0.14772234832756867 0.3371913427522408
vn -0.9297742232270851 0.14772234832756867 0.3371913427522408
vn -0.04046976907072636 0.8148181970524587 0.5783022596735574
vn -0.04046976907072636 0.8148181970524587 0.5783022596735574
vn -0.04046976907072636 0.8148181970524587 0.5783022596735574
vn -0.09160587166630735 -0.13796108923528433 0.986192223723788
vn -0.09160632734594272 -0.13796112083612824 0.9861921769755766
vn -0.09160786050840915 -0.13796065640446914 0.9861920995310803
vn -0.08481397619081565 -0.13804322707894717 0.9867880506473181
vn -0.08481397619081565 -0.13804322707894717 0.9867880506473181
vn -0.08481397619081565 -0.13804322707894717 0.9867880506473181
vn 0 -1 0
vn 0 -1 0
vn 4.1092027065676923e-19 -1 -1.2392173702415904e-18
vn 0.8911437367806757 0.16570615723009222 0.4223793435439401
vn 0.8911437367806757 0.16570615723009222 0.4223793435439401
vn 0.8911437367806757 0.16570615723009222 0.4223793435439401
vn 0.760240092151289 0.5831866373110631 -0.2862312847115327
vn 0.760240092151289 0.5831866373110631 -0.2862312847115327
vn 0.760240092151289 0.5831866373110631 -0.2862312847115327
vn 0.7628865847646393 0.5805080540329252 -0.28463038837947585
vn 0.7628865847646393 0.5805080540329252 -0.28463038837947585
vn 0.7628865847646393 0.5805080540329252 -0.28463038837947585
vn 0.7754423702695873 0.5520848691933558 -0.3064170811140261
vn 0.7754423702695873 0.5520848691933558 -0.3064170811140261
vn 0.7754423702695873 0.5520848691933558 -0.3064170811140261
vn 0.7862751247258356 0.5354872374862619 -0.30826100422645636
vn 0.7862751247258356 0.5354872374862619 -0.30826100422645636
vn 0.7862751247258356 0.5354872374862619 -0.30826100422645636
vn 0.74564523881137 -0.28968665538487365 0.6000790110725926
vn 0.74564523881137 -0.28968665538487365 0.6000790110725926
vn 0.74564523881137 -0.28968665538487365 0.6000790110725926
vn 0.7159413057074941 -0.3571848252216618 0.599872525969659
vn 0.7159413057074941 -0.3571848252216618 0.599872525969659
vn 0.7159413057074941 -0.3571848252216618 0.599872525969659
vn -0.858596129795527 0.11052707372738198 0.5005960965423167
vn -0.858596129795527 0.11052707372738198 0.5005960965423167
vn -0.858596129795527 0.11052707372738198 0.5005960965423167
vn -0.8859976514106654 0.06132377300534892 0.4596167496503729
vn -0.8859976514106654 0.06132377300534892 0.4596167496503729
vn -0.8859976514106654 0.06132377300534892 0.4596167496503729
vn -0.0721339820816164 0.665137899819735 0.7432282710260969
vn -0.0721339820816164 0.665137899819735 0.7432282710260969
vn -0.0721339820816164 0.665137899819735 0.7432282710260969
vn -0.08445596516885032 0.35435699669462567 0.9312885207286531
vn -0.08445596516885032 0.35435699669462567 0.9312885207286531
vn -0.08445596516885032 0.35435699669462567 0.9312885207286531
vn -0.10151874799533468 -0.12924705707819129 0.9864021198487392
vn -0.10151874799533468 -0.12924705707819129 0.9864021198487392
vn -0.10151874799533468 -0.12924705707819129 0.9864021198487392
vn 0 -1 0
vn 0 -1 0
vn 4.1092027065676923e-19 -1 -1.2392173702415904e-18
vn -0.40263449534112267 0.6130416896204322 0.6797538892486937
vn -0.40263449534112267 0.6130416896204322 0.6797538892486937
vn -0.40263449534112267 0.6130416896204322 0.6797538892486937
vn 0.894859278138357 0.3325817528337091 0.2976848165623439
vn 0.894859278138357 0.3325817528337091 0.2976848165623439
vn 0.894859278138357 0.3325817528337091 0.2976848165623439
vn 0.8927476786251217 0.33937545790122553 0.2963543164588457
vn 0.8927476786251217 0.33937545790122553 0.2963543164588457
vn 0.8927476786251217 0.33937545790122553 0.2963543164588457
vn 0 -1 0
vn 0 -1 0
vn 0 -1 0
vn 0 -1 0
vn 0 -1 0
vn 0 -1 0
vn 0 -1 0
vn 0 -1 0
vn 0 -1 0
vn 0 -1 0
vn 0 -1 0
vn 0 -1 0
vn -0.7486210923533966 0.45456483122553676 0.4826357573745512
vn -0.7486210923533966 0.45456483122553676 0.4826357573745512
vn -0.7486210923533966 0.45456483122553676 0.4826357573745512
vn -0.612255758556347 -0.21720661452456988 0.7602395495640617
vn -0.612255758556347 -0.21720661452456988 0.7602395495640617
vn -0.612255758556347 -0.21720661452456988 0.7602395495640617
vn -0.8916033086780395 0.07153204970050732 0.44713164260653365
vn -0.8916033086780395 0.07153204970050732 0.44713164260653365
vn -0.8916033086780395 0.07153204970050732 0.44713164260653365
vn 0.9865410067822367 -0.15926174399596085 -0.03704779124935815
vn 0.9865410067822367 -0.15926174399596085 -0.03704779124935815
vn 0.9865410067822367 -0.15926174399596085 -0.03704779124935815
vn 0.4510880313455492 0.8893208312062142 0.07502031164614743
vn 0.4510880313455492 0.8893208312062142 0.07502031164614743
vn 0.4510880313455492 0.8893208312062142 0.07502031164614743
vn 0.5133731355875675 0.42238452953837385 -0.7470203028456694
vn 0.5133731355875675 0.42238452953837385 -0.7470203028456694
vn 0.5133731355875675 0.42238452953837385 -0.7470203028456694
vn 0.36083802218183003 0.466592009146551 0.8075195469761025
vn 0.36083802218183003 0.466592009146551 0.8075195469761025
vn 0.36083802218183003 0.466592009146551 0.8075195469761025
vn 0.8770541745866489 0.33682437890393657 0.34252782750618865
vn 0.8770541745866489 0.33682437890393657 0.34252782750618865
vn 0.8770541745866489 0.33682437890393657 0.34252782750618865
vn 0.8750197297753897 0.3327119054835898 0.35162943627245263
vn 0.8750197297753897 0.3327119054835898 0.35162943627245263
vn 0.8750197297753897 0.3327119054835898 0.35162943627245263
vn 0.873448654455575 -0.20932636784672595 0.4396247487958825
vn 0.873448654455575 -0.20932636784672595 0.4396247487958825
vn 0.873448654455575 -0.20932636784672595 0.4396247487958825
vn 0.10955165305749802 0.5673395384483586 0.8161643727985027
vn 0.10955165305749802 0.5673395384483586 0.8161643727985027
vn 0.10955165305749802 0.5673395384483586 0.8161643727985027
vn 0.9221266629510025 -0.06320038449078964 -0.381691143301838
vn 0.9221266629510025 -0.06320038449078964 -0.381691143301838
vn 0.9221266629510025 -0.06320038449078964 -0.381691143301838
vn 0.9221267299193375 -0.063199028989958 -0.38169120595449335
vn 0.9221266629510025 -0.06320038449078964 -0.381691143301838
vn 0.9221266629510025 -0.06320038449078964 -0.381691143301838
vn 0 1 0
vn 0 1 0
vn 0 1 0
vn 0.740797875545561 -0.6716884954651168 -0.007285097596562208
vn 0.740797875545561 -0.6716884954651168 -0.007285097596562208
vn 0.740797875545561 -0.6716884954651168 -0.007285097596562208
vn 0.7033929304014089 0.26341846867013136 -0.6601886819878101
vn 0.7033929304014089 0.26341846867013136 -0.6601886819878101
vn 0.7033929304014089 0.26341846867013136 -0.6601886819878101
vn 0.6498519116134897 0.2537075255348799 -0.7164670156115084
vn 0.6498519116134897 0.2537075255348799 -0.7164670156115084
vn 0.6498519116134897 0.2537075255348799 -0.7164670156115084
vn 0.8574725757355256 0.0019758820473635363 -0.5145258766589084
vn 0.8574725757355256 0.0019758820473635363 -0.5145258766589084
vn 0.8574725757355256 0.0019758820473635363 -0.5145258766589084
vn 0.8180264959634754 0.56106381277703 -0.1266493185683214
vn 0.8180264959634754 0.56106381277703 -0.1266493185683214
vn 0.8180264959634754 0.56106381277703 -0.1266493185683214
vn 0.8920914350371311 0.3194771046412558 0.31954225251667795
vn 0.8920914350371311 0.3194771046412558 0.31954225251667795
vn 0.8920914350371311 0.3194771046412558 0.31954225251667795
vn 0.477308476906706 -0.20343701327250563 0.854862561762862
vn 0.477308476906706 -0.20343701327250563 0.854862561762862
vn 0.477308476906706 -0.20343701327250563 0.854862561762862
vn 0.4802386402439573 -0.20648123064874063 0.852488328252309
vn 0.4802386402439573 -0.20648123064874063 0.852488328252309
vn 0.4802386402439573 -0.20648123064874063 0.852488328252309
vn 0 -1 0
vn 0 -1 0
vn 4.1092027065676923e-19 -1 -1.2392173702415904e-18
vn 0.8962760705991392 -0.3635249008499402 0.25404497974454854
vn 0.8962760705991392 -0.3635249008499402 0.25404497974454854
vn 0.8962760705991392 -0.3635249008499402 0.25404497974454854
vn 0.9353879254438194 -0.3409541307710686 0.09380676758130427
vn 0.9353879254438194 -0.3409541307710686 0.09380676758130427
vn 0.9353879254438194 -0.3409541307710686 0.09380676758130427
vn 0.8998095973797238 -0.34922051369863727 0.26151046112039067
vn 0.8998095973797238 -0.34922051369863727 0.26151046112039067
vn 0.8998095973797238 -0.34922051369863727 0.26151046112039067
vn 0.3647323283157731 -0.3428392738744668 -0.8656971531491733
vn 0.3647323283157731 -0.3428392738744668 -0.8656971531491733
vn 0.3647323283157731 -0.3428392738744668 -0.8656971531491733
vn 0.3519165470223775 -0.34529917984065683 -0.8700133449167412
vn 0.3519165470223775 -0.34529917984065683 -0.8700133449167412
vn 0.3519165470223775 -0.34529917984065683 -0.8700133449167412
vn 0.3255030913150144 0.5836623556167042 0.7438991814623331
vn 0.3255030913150144 0.5836623556167042 0.7438991814623331
vn 0.3255030913150144 0.5836623556167042 0.7438991814623331
vn 0.8662013515846925 -0.4357034910935388 0.24465830531938745
vn 0.8662013515846925 -0.4357034910935388 0.24465830531938745
vn 0.8662013515846925 -0.4357034910935388 0.24465830531938745
vn 0.8660124589051383 -0.43637112028532776 0.24413657325768295
vn 0.8660124589051383 -0.43637112028532776 0.24413657325768295
vn 0.8660124589051383 -0.43637112028532776 0.24413657325768295
vn 0.8919665064016911 0.08909579958294338 0.4432354791239508
vn 0.8919665064016911 0.08909579958294338 0.4432354791239508
vn 0.8919665064016911 0.08909579958294338 0.4432354791239508
vn 0.8696003979816243 0.4721983875552933 -0.14430464517950073
vn 0.8696003979816243 0.4721983875552933 -0.14430464517950073
vn 0.8696003979816243 0.4721983875552933 -0.14430464517950073
vn 0.8610612876615614 0.490373201425382 -0.13456441659828072
vn 0.8610612876615614 0.490373201425382 -0.13456441659828072
vn 0.8610612876615614 0.490373201425382 -0.13456441659828072
vn 0.8591579109861368 0.4885747978157518 -0.15212610206415786
vn 0.8591579109861368 0.4885747978157518 -0.15212610206415786
vn 0.8591579109861368 0.4885747978157518 -0.15212610206415786
vn 0.9602566728928477 -0.23797057002646607 0.14586682270494936
vn 0.9602566728928477 -0.23797057002646607 0.14586682270494936
vn 0.9602566728928477 -0.23797057002646607 0.14586682270494936
vn 0.9593420562607023 -0.22515611204727698 0.1701985437576989
vn 0.9593420562607023 -0.22515611204727698 0.1701985437576989
vn 0.9593420562607023 -0.22515611204727698 0.1701985437576989
vn 0.9611057055638483 -0.21673792628962227 0.17117387078725396
vn 0.9611057055638483 -0.21673792628962227 0.17117387078725396
vn 0.9611057055638483 -0.21673792628962227 0.17117387078725396
vn 0.48265016685282724 -0.12268197690588878 0.8671781529647763
vn 0.48265016685282724 -0.12268197690588878 0.8671781529647763
vn 0.48265016685282724 -0.12268197690588878 0.8671781529647763
vn 0.4739058253884068 -0.2515416410508393 0.8438839206196451
vn 0.4739058253884068 -0.2515416410508393 0.8438839206196451
vn 0.4739058253884068 -0.2515416410508393 0.8438839206196451
vn 0.4742712346435863 -0.25224375554247547 0.8434689583970925
vn 0.4742712346435863 -0.25224375554247547 0.8434689583970925
vn 0.4742712346435863 -0.25224375554247547 0.8434689583970925
vn 0.47428168854787045 -0.2522598154248078 0.8434582772313179
vn 0.47428168854787045 -0.2522598154248078 0.8434582772313179
vn 0.47428168854787045 -0.2522598154248078 0.8434582772313179
vn 0.7346317146665621 0.592394826749394 0.33073344712414904
vn 0.7346317146665621 0.592394826749394 0.33073344712414904
vn 0.7346317146665621 0.592394826749394 0.33073344712414904
vn 0.7346317146665621 0.592394826749394 0.33073344712414904
vn 0.7346310601888038 0.5923951372591537 0.3307343446900892
vn 0.7346317146665621 0.592394826749394 0.33073344712414904
vn 0 -1 0
vn 0 -1 0
vn 0 -1 0
vn -0.4746003230098102 0.004648007877594929 0.8801891441171912
vn -0.4746003230098102 0.004648007877594929 0.8801891441171912
vn -0.4746003230098102 0.004648007877594929 0.8801891441171912
vn 0.37150285143656014 0.6030070378431793 0.7059519414847583
vn 0.37150285143656014 0.6030070378431793 0.7059519414847583
vn 0.37150285143656014 0.6030070378431793 0.7059519414847583
vn 0.9047576712734264 0.3693568974998265 0.21210619637622372
vn 0.9047576712734264 0.3693568974998265 0.21210619637622372
vn 0.9047576712734264 0.3693568974998265 0.21210619637622372
vn 0.4841987813432216 -0.014652936794272127 0.8748353168391421
vn 0.4841987813432216 -0.014652936794272127 0.8748353168391421
vn 0.4841987813432216 -0.014652936794272127 0.8748353168391421
vn -0.3432199320003239 0.04557261168577244 0.9381488236638317
vn -0.3432199320003239 0.04557261168577244 0.9381488236638317
vn -0.3432199320003239 0.04557261168577244 0.9381488236638317
vn 0.9741978379812174 -0.19816415961912834 -0.10802563730506999
vn 0.9741978379812174 -0.19816415961912834 -0.10802563730506999
vn 0.9741978379812174 -0.19816415961912834 -0.10802563730506999
vn 0.9756337071414065 -0.19360978548178084 -0.10321879894290169
vn 0.9756337071414065 -0.19360978548178084 -0.10321879894290169
vn 0.9756337071414065 -0.19360978548178084 -0.10321879894290169
vn 0.9208404019824624 0.26766270963185873 -0.2835659146465038
vn 0.9208404019824624 0.26766270963185873 -0.2835659146465038
vn 0.9208404019824624 0.26766270963185873 -0.2835659146465038
vn 0.40581792042639686 0.6239678316861914 0.6678143158705324
vn 0.40581792042639686 0.6239678316861914 0.6678143158705324
vn 0.40581792042639686 0.6239678316861914 0.6678143158705324
vn 0.47438583050051797 -0.25230923439728137 0.8433849263878217
vn 0.47438583050051797 -0.25230923439728137 0.8433849263878217
vn 0.47438583050051797 -0.25230923439728137 0.8433849263878217
vn -0.4742811978267833 -0.2522590490310565 0.8434587823776207
vn -0.47428038430935027 -0.25225823965873184 0.84345948188615
vn -0.4742811978267833 -0.2522590490310565 0.8434587823776207
vn 0.47428168854787045 -0.2522598154248078 0.8434582772313179
vn 0.47428168854787045 -0.2522598154248078 0.8434582772313179
vn 0.47427964573336845 -0.2522577960715557 0.8434600298556842
f 1//1 2//2 3//3
f 4//4 5//5 6//6
f 7//7 8//8 9//9
f 10//10 11//11 12//12
f 13//13 14//14 15//15
f 16//16 17//17 18//18
f 19//19 20//20 21//21
f 22//22 23//23 24//24
f 25//25 26//26 27//27
f 28//28 29//29 30//30
f 31//31 32//32 33//33
f 34//34 35//35 36//36
f 37//37 38//38 39//39
f 40//40 41//41 42//42
f 43//43 44//44 45//45
f 46//46 47//47 48//48
f 49//49 50//50 51//51
f 52//52 53//53 54//54
f 55//55 56//56 57//57
f 58//58 59//59 60//60
f 61//61 62//62 63//63
f 64//64 65//65 66//66
f 67//67 68//68 69//69
f 70//70 71//71 72//72
f 73//73 74//74 75//75
f 76//76 77//77 78//78
f 79//79 80//80 81//81
f 82//82 83//83 84//84
f 85//85 86//86 87//87
f 88//88 89//89 90//90
f 91//91 92//92 93//93
f 94//94 95//95 96//96
f 97//97 98//98 99//99
f 100//100 101//101 102//102
f 103//103 104//104 105//105
f 106//106 107//107 108//108
f 109//109 110//110 111//111
f 112//112 113//113 114//114
f 115//115 116//116 117//117
f 118//118 119//119 120//120
f 121//121 122//122 123//123
f 124//124 125//125 126//126
f 127//127 128//128 129//129
f 130//130 131//131 132//132
f 133//133 134//134 135//135
f 136//136 137//137 138//138
f 139//139 140//140 141//141
f 142//142 143//143 144//144
f 145//145 146//146 147//147
f 148//148 149//149 150//150
f 151//151 152//152 153//153
f 154//154 155//155 156//156
f 157//157 158//158 159//159
f 160//160 161//161 162//162
f 163//163 164//164 165//165
f 166//166 167//167 168//168
f 169//169 170//170 171//171
f 172//172 173//173 174//174
f 175//175 176//176 177//177
f 178//178 179//179 180//180
f 181//181 182//182 183//183
f 184//184 185//185 186//186
f 187//187 188//188 189//189
f 190//190 191//191 192//192
f 193//193 194//194 195//195
f 196//196 197//197 198//198
f 199//199 200//200 201//201
f 202//202 203//203 204//204
f 205//205 206//206 207//207
f 208//208 209//209 210//210
f 211//211 212//212 213//213
f 214//214 215//215 216//216
f 217//217 218//218 219//219
f 220//220 221//221 222//222
f 223//223 224//224 225//225
f 226//226 227//227 228//228
f 229//229 230//230 231//231
f 232//232 233//233 234//234
f 235//235 236//236 237//237
f 238//238 239//239 240//240
f 241//241 242//242 243//243
f 244//244 245//245 246//246
f 247//247 248//248 249//249
f 250//250 251//251 252//252
f 253//253 254//254 255//255
f 256//256 257//257 258//258
f 259//259 260//260 261//261
f 262//262 263//263 264//264
f 265//265 266//266 267//267
f 268//268 269//269 270//270
f 271//271 272//272 273//273
f 274//274 275//275 276//276
f 277//277 278//278 279//279
f 280//280 281//281 282//282
f 283//283 284//284 285//285
f 286//286 287//287 288//288
f 289//289 290//290 291//291
f 292//292 293//293 294//294
f 295//295 296//296 297//297
f 298//298 299//299 300//300
f 301//301 302//302 303//303
f 304//304 305//305 306//306
f 307//307 308//308 309//309
f 310//310 311//311 312//312
f 313//313 314//314 315//315
f 316//316 317//317 318//318
f 319//319 320//320 321//321
f 322//322 323//323 324//324
f 325//325 326//326 327//327
f 328//328 329//329 330//330
f 331//331 332//332 333//333
f 334//334 335//335 336//336
f 337//337 338//338 339//339
f 340//340 341//341 342//342
f 343//343 344//344 345//345
f 346//346 347//347 348//348
f 349//349 350//350 351//351
f 352//352 353//353 354//354
f 355//355 356//356 357//357
f 358//358 359//359 360//360
f 361//361 362//362 363//363
f 364//364 365//365 366//366
f 367//367 368//368 369//369
f 370//370 371//371 372//372
f 373//373 374//374 375//375
f 376//376 377//377 378//378
f 379//379 380//380 381//381
f 382//382 383//383 384//384
f 385//385 386//386 387//387
f 388//388 389//389 390//390
f 391//391 392//392 393//393
f 394//394 395//395 396//396
f 397//397 398//398 399//399
f 400//400 401//401 402//402
f 403//403 404//404 405//405
f 406//406 407//407 408//408
f 409//409 410//410 411//411
f 412//412 413//413 414//414
f 415//415 416//416 417//417
f 418//418 419//419 420//420
f 421//421 422//422 423//423
f 424//424 425//425 426//426
f 427//427 428//428 429//429
f 430//430 431//431 432//432
f 433//433 434//434 435//435
f 436//436 437//437 438//438
f 439//439 440//440 441//441
f 442//442 443//443 444//444
f 445//445 446//446 447//447
f 448//448 449//449 450//450
f 451//451 452//452 453//453
f 454//454 455//455 456//456
f 457//457 458//458 459//459
f 460//460 461//461 462//462
f 463//463 464//464 465//465
f 466//466 467//467 468//468
f 469//469 470//470 471//471
f 472//472 473//473 474//474
f 475//475 476//476 477//477
f 478//478 479//479 480//480
f 481//481 482//482 483//483
f 484//484 485//485 486//486
f 487//487 488//488 489//489
f 490//490 491//491 492//492
f 493//493 494//494 495//495
f 496//496 497//497 498//498
f 499//499 500//500 501//501
f 502//502 503//503 504//504
f 505//505 506//506 507//507
f 508//508 509//509 510//510
f 511//511 512//512 513//513
f 514//514 515//515 516//516
f 517//517 518//518 519//519
f 520//520 521//521 522//522
f 523//523 524//524 525//525
f 526//526 527//527 528//528
f 529//529 530//530 531//531
f 532//532 533//533 534//534
f 535//535 536//536 537//537
f 538//538 539//539 540//540
f 541//541 542//542 543//543
f 544//544 545//545 546//546
f 547//547 548//548 549//549
f 550//550 551//551 552//552
f 553//553 554//554 555//555
f 556//556 557//557 558//558
f 559//559 560//560 561//561
f 562//562 563//563 564//564
f 565//565 566//566 567//567
f 568//568 569//569 570//570
f 571//571 572//572 573//573
f 574//574 575//575 576//576
f 577//577 578//578 579//579
f 580//580 581//581 582//582
f 583//583 584//584 585//585
f 586//586 587//587 588//588
f 589//589 590//590 591//591
f 592//592 593//593 594//594
f 595//595 596//596 597//597
f 598//598 599//599 600//600
f 601//601 602//602 603//603
f 604//604 605//605 606//606
f 607//607 608//608 609//609
f 610//610 611//611 612//612
f 613//613 614//614 615//615
f 616//616 617//617 618//618
f 619//619 620//620 621//621
f 622//622 623//623 624//624
f 625//625 626//626 627//627
f 628//628 629//629 630//630
f 631//631 632//632 633//633
f 634//634 635//635 636//636
f 637//637 638//638 639//639
f 640//640 641//641 642//642
f 643//643 644//644 645//645
f 646//646 647//647 648//648
f 649//649 650//650 651//651
f 652//652 653//653 654//654
f 655//655 656//656 657//657
f 658//658 659//659 660//660
f 661//661 662//662 663//663
f 664//664 665//665 666//666
f 667//667 668//668 669//669
f 670//670 671//671 672//672
f 673//673 674//674 675//675
f 676//676 677//677 678//678
f 679//679 680//680 681//681
f 682//682 683//683 684//684
f 685//685 686//686 687//687
f 688//688 689//689 690//690
f 691//691 692//692 693//693
f 694//694 695//695 696//696
f 697//697 698//698 699//699
f 700//700 701//701 702//702
f 703//703 704//704 705//705
f 706//706 707//707 708//708
f 709//709 710//710 711//711
f 712//712 713//713 714//714
f 715//715 716//716 717//717
f 718//718 719//719 720//720
f 721//721 722//722 723//723
f 724//724 725//725 726//726
f 727//727 728//728 729//729
f 730//730 731//731 732//732
f 733//733 734//734 735//735
f 736//736 737//737 738//738
f 739//739 740//740 741//741
f 742//742 743//743 744//744
f 745//745 746//746 747//747
f 748//748 749//749 750//750
f 751//751 752//752 753//753
f 754//754 755//755 756//756
f 757//757 758//758 759//759
f 760//760 761//761 762//762
f 763//763 764//764 765//765
f 766//766 767//767 768//768
f 769//769 770//770 771//771
f 772//772 773//773 774//774
f 775//775 776//776 777//777
f 778//778 779//779 780//780
f 781//781 782//782 783//783
f 784//784 785//785 786//786
f 787//787 788//788 789//789
f 790//790 791//791 792//792
f 793//793 794//794 795//795
f 796//796 797//797 798//798
f 799//799 800//800 801//801
f 802//802 803//803 804//804
f 805//805 806//806 807//807
f 808//808 809//809 810//810
f 811//811 812//812 813//813
f 814//814 815//815 816//816
f 817//817 818//818 819//819
f 820//820 821//821 822//822
f 823//823 824//824 825//825
f 826//826 827//827 828//828
f 829//829 830//830 831//831
f 832//832 833//833 834//834
f 835//835 836//836 837//837
f 838//838 839//839 840//840
f 841//841 842//842 843//843
f 844//844 845//845 846//846
f 847//847 848//848 849//849
f 850//850 851//851 852//852
f 853//853 854//854 855//855
f 856//856 857//857 858//858
f 859//859 860//860 861//861
f 862//862 863//863 864//864
f 865//865 866//866 867//867
f 868//868 869//869 870//870
f 871//871 872//872 873//873
f 874//874 875//875 876//876
f 877//877 878//878 879//879
f 880//880 881//881 882//882
f 883//883 884//884 885//885
f 886//886 887//887 888//888
f 889//889 890//890 891//891
f 892//892 893//893 894//894
f 895//895 896//896 897//897
f 898//898 899//899 900//900
f 901//901 902//902 903//903
f 904//904 905//905 906//906
f 907//907 908//908 909//909
f 910//910 911//911 912//912
f 913//913 914//914 915//915
f 916//916 917//917 918//918
f 919//919 920//920 921//921
f 922//922 923//923 924//924
f 925//925 926//926 927//927
f 928//928 929//929 930//930
f 931//931 932//932 933//933
f 934//934 935//935 936//936
f 937//937 938//938 939//939
f 940//940 941//941 942//942
f 943//943 944//944 945//945
f 946//946 947//947 948//948
f 949//949 950//950 951//951
f 952//952 953//953 954//954
f 955//955 956//956 957//957
f 958//958 959//959 960//960
f 961//961 962//962 963//963
f 964//964 965//965 966//966
f 967//967 968//968 969//969
f 970//970 971//971 972//972
f 973//973 974//974 975//975
f 976//976 977//977 978//978
f 979//979 980//980 981//981
f 982//982 983//983 984//984
f 985//985 986//986 987//987
f 988//988 989//989 990//990
f 991//991 992//992 993//993
f 994//994 995//995 996//996
f 997//997 998//998 999//999
f 1000//1000 1001//1001 1002//1002
f 1003//1003 1004//1004 1005//1005
f 1006//1006 1007//1007 1008//1008
f 1009//1009 1010//1010 1011//1011
f 1012//1012 1013//1013 1014//1014
f 1015//1015 1016//1016 1017//1017
f 1018//1018 1019//1019 1020//1020
f 1021//1021 1022//1022 1023//1023
f 1024//1024 1025//1025 1026//1026
f 1027//1027 1028//1028 1029//1029
f 1030//1030 1031//1031 1032//1032
f 1033//1033 1034//1034 1035//1035
f 1036//1036 1037//1037 1038//1038
f 1039//1039 1040//1040 1041//1041
f 1042//1042 1043//1043 1044//1044
