# File generated by ImageToStl.com - Free Image and 3D model conversion tools

mtllib Sogwendel_Nail_1.mtl

o obj1
v -417.5274353 -529.06347656 -51.90169907
v -417.58764648 -529.07171631 -51.20710754
v -417.40170288 -530.90167236 -51.90169907
v -417.46246338 -530.90167236 -51.20710754
v -417.5274353 -532.7399292 -51.90169907
v -417.58764648 -532.73168945 -51.20710754
v -417.90231323 -534.54394531 -51.90169907
v -417.96084595 -534.52758789 -51.20710754
v -418.51934814 -536.28009033 -51.90169907
v -418.57507324 -536.25592041 -51.20710754
v -419.36703491 -537.91607666 -51.90169907
v -419.41894531 -537.88452148 -51.20710754
v -420.42959595 -539.42138672 -51.90169907
v -420.47674561 -539.38305664 -51.20710754
v -421.68722534 -540.76800537 -51.90169907
v -421.72869873 -540.72357178 -51.20710754
v -423.11651611 -541.93078613 -51.90169907
v -423.15155029 -541.88116455 -51.20710754
v -424.69082642 -542.88812256 -51.90169907
v -424.71878052 -542.83416748 -51.20710754
v -426.38082886 -543.62219238 -51.90169907
v -426.40118408 -543.56494141 -51.20710754
v -428.1550293 -544.11932373 -51.90169907
v -428.16741943 -544.05981445 -51.20710754
v -429.98043823 -544.37023926 -51.90169907
v -429.98458862 -544.30957031 -51.20710754
v -431.82296753 -544.37023926 -51.90169907
v -431.81881714 -544.30957031 -51.20710754
v -433.64834595 -544.11932373 -51.90169907
v -433.63598633 -544.05981445 -51.20710754
v -435.4225769 -543.62219238 -51.90169907
v -435.40222168 -543.56494141 -51.20710754
v -437.11257935 -542.88812256 -51.90169907
v -437.08462524 -542.83416748 -51.20710754
v -438.68688965 -541.93078613 -51.90169907
v -438.65182495 -541.88116455 -51.20710754
v -440.11618042 -540.76800537 -51.90169907
v -440.07467651 -540.72357178 -51.20710754
v -441.37380981 -539.42138672 -51.90169907
v -441.32666016 -539.38305664 -51.20710754
v -442.43637085 -537.91607666 -51.90169907
v -442.38442993 -537.88452148 -51.20710754
v -443.28405762 -536.28009033 -51.90169907
v -443.228302 -536.25592041 -51.20710754
v -443.90109253 -534.54394531 -51.90169907
v -443.84255981 -534.52758789 -51.20710754
v -444.27597046 -532.7399292 -51.90169907
v -444.21575928 -532.73168945 -51.20710754
v -444.40170288 -530.90167236 -51.90169907
v -444.34094238 -530.90167236 -51.20710754
v -444.27597046 -529.06347656 -51.90169907
v -444.21575928 -529.07171631 -51.20710754
v -443.90109253 -527.25946045 -51.90169907
v -443.84255981 -527.27581787 -51.20710754
v -443.28405762 -525.52325439 -51.90169907
v -443.228302 -525.54748535 -51.20710754
v -442.43637085 -523.8873291 -51.90169907
v -442.38442993 -523.91888428 -51.20710754
v -441.37380981 -522.38201904 -51.90169907
v -441.32666016 -522.42034912 -51.20710754
v -440.11618042 -521.03540039 -51.90169907
v -440.07467651 -521.07983398 -51.20710754
v -438.68688965 -519.87261963 -51.90169907
v -438.65182495 -519.92224121 -51.20710754
v -437.11257935 -518.91522217 -51.90169907
v -437.08462524 -518.96917725 -51.20710754
v -435.4225769 -518.18115234 -51.90169907
v -435.40222168 -518.23846436 -51.20710754
v -433.64834595 -517.68408203 -51.90169907
v -433.63598633 -517.74359131 -51.20710754
v -431.82296753 -517.4331665 -51.90169907
v -431.81881714 -517.49377441 -51.20710754
v -429.98043823 -517.4331665 -51.90169907
v -429.98458862 -517.49377441 -51.20710754
v -428.1550293 -517.68408203 -51.90169907
v -428.16741943 -517.74359131 -51.20710754
v -426.38082886 -518.18115234 -51.90169907
v -426.40118408 -518.23846436 -51.20710754
v -424.69082642 -518.91522217 -51.90169907
v -424.71878052 -518.96917725 -51.20710754
v -423.11651611 -519.87261963 -51.90169907
v -423.15155029 -519.92224121 -51.20710754
v -421.68722534 -521.03540039 -51.90169907
v -421.72869873 -521.07983398 -51.20710754
v -420.42959595 -522.38201904 -51.90169907
v -420.47674561 -522.42034912 -51.20710754
v -419.36703491 -523.8873291 -51.90169907
v -419.41894531 -523.91888428 -51.20710754
v -418.51934814 -525.52325439 -51.90169907
v -418.57507324 -525.54748535 -51.20710754
v -417.90231323 -527.25946045 -51.90169907
v -417.96084595 -527.27581787 -51.20710754
v -421.53128052 -532.46533203 -47.90169907
v -420.80206299 -532.28985596 -47.96246719
v -421.40170288 -530.90167236 -47.90169907
v -420.70709229 -530.90167236 -47.96246719
v -420.80206299 -529.5135498 -47.96246719
v -420.03363037 -530.90167236 -48.14292908
v -420.13485718 -529.42181396 -48.14292908
v -419.40170288 -530.90167236 -48.43759918
v -419.50881958 -529.33575439 -48.43759918
v -418.83053589 -530.90167236 -48.8375206
v -418.94299316 -529.25799561 -48.8375206
v -418.33752441 -530.90167236 -49.33054733
v -418.45455933 -529.19085693 -49.33054733
v -417.93759155 -530.90167236 -49.90169907
v -418.05834961 -529.13641357 -49.90169907
v -417.64291382 -530.90167236 -50.53361893
v -417.76641846 -529.09631348 -50.53361893
v -421.08514404 -533.65216064 -47.96246719
v -421.91644287 -533.98632812 -47.90169907
v -421.55111694 -534.96325684 -47.96246719
v -422.54669189 -535.42321777 -47.90169907
v -422.19125366 -536.19866943 -47.96246719
v -423.40487671 -536.73669434 -47.90169907
v -422.99365234 -537.33538818 -47.96246719
v -424.4675293 -537.89105225 -47.90169907
v -423.94335938 -538.35229492 -47.96246719
v -425.02267456 -539.23034668 -47.96246719
v -424.63427734 -539.78057861 -48.14292908
v -425.90167236 -540.55133057 -48.14292908
v -425.61096191 -541.11236572 -48.43759918
v -427.05059814 -541.7376709 -48.43759918
v -426.85931396 -542.27587891 -48.8375206
v -428.44573975 -542.72039795 -48.8375206
v -428.34542847 -543.20306396 -49.33054733
v -430.04428101 -543.43658447 -49.33054733
v -430.01699829 -543.83557129 -49.90169907
v -431.78640747 -543.83557129 -49.90169907
v -431.80651855 -544.12957764 -50.53361893
v -433.59927368 -543.88317871 -50.53361893
v -425.70568848 -538.85479736 -47.90169907
v -426.21151733 -539.95330811 -47.96246719
v -427.26220703 -541.14227295 -48.14292908
v -428.56195068 -542.16119385 -48.43759918
v -430.07794189 -542.94470215 -48.8375206
v -431.75909424 -543.43658447 -49.33054733
v -433.53933716 -543.59466553 -49.90169907
v -435.34179688 -543.39489746 -50.53361893
v -427.08560181 -539.6015625 -47.90169907
v -427.48773193 -540.50769043 -47.96246719
v -428.69052124 -541.54248047 -48.14292908
v -430.11691284 -542.37487793 -48.43759918
v -431.72546387 -542.94470215 -48.8375206
v -433.45794678 -543.20306396 -49.33054733
v -435.24310303 -543.11724854 -49.90169907
v -437.00158691 -542.6739502 -50.53361893
v -428.56958008 -540.11102295 -47.90169907
v -428.82754517 -540.88305664 -47.96246719
v -430.16003418 -541.7444458 -48.14292908
v -431.68649292 -542.37487793 -48.43759918
v -433.3576355 -542.72039795 -48.8375206
v -435.10919189 -542.74041748 -49.33054733
v -436.86602783 -542.41235352 -49.90169907
v -438.54776001 -541.73370361 -50.53361893
v -430.1171875 -540.3692627 -47.90169907
v -430.20599365 -541.07250977 -47.96246719
v -431.64337158 -541.7444458 -48.14292908
v -433.24145508 -542.16119385 -48.43759918
v -434.9440918 -542.27587891 -48.8375206
v -436.68203735 -542.05725098 -49.33054733
v -438.37783813 -541.49298096 -49.90169907
v -439.95150757 -540.5916748 -50.53361893
v -431.68621826 -540.3692627 -47.90169907
v -431.59741211 -541.07250977 -47.96246719
v -433.11288452 -541.54248047 -48.14292908
v -434.75280762 -541.7376709 -48.43759918
v -436.4552002 -541.61950684 -48.8375206
v -438.1472168 -541.16625977 -49.33054733
v -439.75039673 -540.37634277 -49.90169907
v -441.18667603 -539.26916504 -50.53361893
v -432.9758606 -540.88305664 -47.96246719
v -433.23382568 -540.11102295 -47.90169907
v -434.31567383 -540.50769043 -47.96246719
v -434.71780396 -539.6015625 -47.90169907
v -435.59188843 -539.95330811 -47.96246719
v -436.09771729 -538.85479736 -47.90169907
v -436.7807312 -539.23034668 -47.96246719
v -437.33587646 -537.89105225 -47.90169907
v -437.86004639 -538.35229492 -47.96246719
v -438.80975342 -537.33538818 -47.96246719
v -439.33218384 -537.76043701 -48.14292908
v -440.18759155 -536.54858398 -48.14292908
v -440.72750854 -536.87689209 -48.43759918
v -441.44961548 -535.4833374 -48.43759918
v -441.97348022 -535.71087646 -48.8375206
v -442.52520752 -534.15844727 -48.8375206
v -442.99996948 -534.29150391 -49.33054733
v -443.34884644 -532.61254883 -49.33054733
v -443.74505615 -532.66699219 -49.90169907
v -443.86581421 -530.90167236 -49.90169907
v -444.16046143 -530.90167236 -50.53361893
v -444.0369873 -529.09631348 -50.53361893
v -438.39852905 -536.73669434 -47.90169907
v -439.6121521 -536.19866943 -47.96246719
v -440.87002563 -535.23156738 -48.14292908
v -441.97525024 -534.0043335 -48.43759918
v -442.8604126 -532.54541016 -48.8375206
v -443.46588135 -530.90167236 -49.33054733
v -443.74505615 -529.13641357 -49.90169907
v -443.66879272 -527.32452393 -50.53361893
v -439.25671387 -535.42321777 -47.90169907
v -440.25228882 -534.96325684 -47.96246719
v -441.36676025 -533.8338623 -48.14292908
v -442.29458618 -532.46759033 -48.43759918
v -442.97283936 -530.90167236 -48.8375206
v -443.34884644 -529.19085693 -49.33054733
v -443.3850708 -527.40405273 -49.90169907
v -443.06280518 -525.61938477 -50.53361893
v -439.88696289 -533.98632812 -47.90169907
v -440.71826172 -533.65216064 -47.96246719
v -441.66854858 -532.3815918 -48.14292908
v -442.40170288 -530.90167236 -48.43759918
v -442.8604126 -529.25799561 -48.8375206
v -442.99996948 -527.51190186 -49.33054733
v -442.79251099 -525.73681641 -49.90169907
v -442.23025513 -524.01263428 -50.53361893
v -440.27212524 -532.46533203 -47.90169907
v -441.00134277 -532.28985596 -47.96246719
v -441.76977539 -530.90167236 -48.14292908
v -442.29458618 -529.33575439 -48.43759918
v -442.52520752 -527.6449585 -48.8375206
v -442.42572021 -525.89611816 -49.33054733
v -441.97848511 -524.16577148 -49.90169907
v -441.18667603 -522.53424072 -50.53361893
v -440.40170288 -530.90167236 -47.90169907
v -441.09628296 -530.90167236 -47.96246719
v -441.66854858 -529.42181396 -48.14292908
v -441.97525024 -527.79901123 -48.43759918
v -441.97348022 -526.0925293 -48.8375206
v -441.63677979 -524.37353516 -49.33054733
v -440.95809937 -522.72021484 -49.90169907
v -439.95150757 -521.21173096 -50.53361893
v -441.00134277 -529.5135498 -47.96246719
v -440.27212524 -529.33807373 -47.90169907
v -440.71826172 -528.15124512 -47.96246719
v -439.88696289 -527.81707764 -47.90169907
v -440.25228882 -526.84014893 -47.96246719
v -439.25671387 -526.38018799 -47.90169907
v -439.6121521 -525.60473633 -47.96246719
v -438.39852905 -525.06665039 -47.90169907
v -438.80975342 -524.46801758 -47.96246719
v -437.33587646 -523.91229248 -47.90169907
v -437.86004639 -523.45111084 -47.96246719
v -436.7807312 -522.57299805 -47.96246719
v -437.1690979 -522.02282715 -48.14292908
v -435.9017334 -521.2520752 -48.14292908
v -436.19244385 -520.69104004 -48.43759918
v -434.75280762 -520.06567383 -48.43759918
v -434.9440918 -519.52752686 -48.8375206
v -433.3576355 -519.08300781 -48.8375206
v -433.45794678 -518.6003418 -49.33054733
v -431.75909424 -518.36682129 -49.33054733
v -431.78640747 -517.96783447 -49.90169907
v -430.01699829 -517.96783447 -49.90169907
v -429.99688721 -517.67382812 -50.53361893
v -428.20413208 -517.92022705 -50.53361893
v -436.09771729 -522.9486084 -47.90169907
v -435.59188843 -521.85009766 -47.96246719
v -434.54119873 -520.66113281 -48.14292908
v -433.24145508 -519.64221191 -48.43759918
v -431.72546387 -518.85870361 -48.8375206
v -430.04428101 -518.36682129 -49.33054733
v -428.2640686 -518.20874023 -49.90169907
v -426.46160889 -518.4085083 -50.53361893
v -434.71780396 -522.20184326 -47.90169907
v -434.31567383 -521.29571533 -47.96246719
v -433.11288452 -520.26092529 -48.14292908
v -431.68649292 -519.42852783 -48.43759918
v -430.07794189 -518.85870361 -48.8375206
v -428.34542847 -518.6003418 -49.33054733
v -426.56027222 -518.68615723 -49.90169907
v -424.80178833 -519.12945557 -50.53361893
v -433.23382568 -521.69238281 -47.90169907
v -432.9758606 -520.92034912 -47.96246719
v -431.64337158 -520.05895996 -48.14292908
v -430.11691284 -519.42852783 -48.43759918
v -428.44573975 -519.08300781 -48.8375206
v -426.69421387 -519.06298828 -49.33054733
v -424.93737793 -519.39105225 -49.90169907
v -423.25561523 -520.06970215 -50.53361893
v -431.68621826 -521.43414307 -47.90169907
v -431.59741211 -520.730896 -47.96246719
v -430.16003418 -520.05895996 -48.14292908
v -428.56195068 -519.64221191 -48.43759918
v -426.85931396 -519.52752686 -48.8375206
v -425.12136841 -519.74615479 -49.33054733
v -423.42556763 -520.3104248 -49.90169907
v -421.85189819 -521.21173096 -50.53361893
v -430.1171875 -521.43414307 -47.90169907
v -430.20599365 -520.730896 -47.96246719
v -428.69052124 -520.26092529 -48.14292908
v -427.05059814 -520.06567383 -48.43759918
v -425.34817505 -520.18389893 -48.8375206
v -423.65618896 -520.637146 -49.33054733
v -422.05300903 -521.42706299 -49.90169907
v -420.61672974 -522.53424072 -50.53361893
v -428.82754517 -520.92034912 -47.96246719
v -428.56958008 -521.69238281 -47.90169907
v -427.48773193 -521.29571533 -47.96246719
v -427.08560181 -522.20184326 -47.90169907
v -426.21151733 -521.85009766 -47.96246719
v -425.70568848 -522.9486084 -47.90169907
v -425.02267456 -522.57299805 -47.96246719
v -424.4675293 -523.91229248 -47.90169907
v -423.94335938 -523.45111084 -47.96246719
v -422.99365234 -524.46801758 -47.96246719
v -422.47119141 -524.04296875 -48.14292908
v -421.61581421 -525.25482178 -48.14292908
v -421.0758667 -524.92651367 -48.43759918
v -420.35375977 -526.32006836 -48.43759918
v -419.82989502 -526.0925293 -48.8375206
v -419.27816772 -527.6449585 -48.8375206
v -418.80343628 -527.51190186 -49.33054733
v -423.40487671 -525.06665039 -47.90169907
v -422.19125366 -525.60473633 -47.96246719
v -420.93338013 -526.57183838 -48.14292908
v -419.82815552 -527.79901123 -48.43759918
v -422.54669189 -526.38018799 -47.90169907
v -421.55111694 -526.84014893 -47.96246719
v -420.43664551 -527.96954346 -48.14292908
v -421.91644287 -527.81707764 -47.90169907
v -421.08514404 -528.15124512 -47.96246719
v -421.53128052 -529.33807373 -47.90169907
v -444.0369873 -532.70709229 -50.53361893
v -443.3850708 -534.39935303 -49.90169907
v -442.42572021 -535.9072876 -49.33054733
v -441.21551514 -537.17364502 -48.8375206
v -439.8223877 -538.15924072 -48.43759918
v -438.31973267 -538.84448242 -48.14292908
v -418.13461304 -527.32452393 -50.53361893
v -418.74060059 -525.61938477 -50.53361893
v -419.57315063 -524.01263428 -50.53361893
v -418.41833496 -527.40405273 -49.90169907
v -419.01086426 -525.73681641 -49.90169907
v -419.82492065 -524.16577148 -49.90169907
v -420.8453064 -522.72021484 -49.90169907
v -420.13485718 -532.3815918 -48.14292908
v -420.43664551 -533.8338623 -48.14292908
v -420.93338013 -535.23156738 -48.14292908
v -421.61581421 -536.54858398 -48.14292908
v -422.47119141 -537.76043701 -48.14292908
v -423.48364258 -538.84448242 -48.14292908
v -419.50881958 -532.46759033 -48.43759918
v -419.82815552 -534.0043335 -48.43759918
v -420.35375977 -535.4833374 -48.43759918
v -421.0758667 -536.87689209 -48.43759918
v -421.98101807 -538.15924072 -48.43759918
v -423.05233765 -539.30633545 -48.43759918
v -424.26986694 -540.296875 -48.43759918
v -418.94299316 -532.54541016 -48.8375206
v -419.27816772 -534.15844727 -48.8375206
v -419.82989502 -535.71087646 -48.8375206
v -420.58786011 -537.17364502 -48.8375206
v -421.53796387 -538.51965332 -48.8375206
v -422.6625061 -539.72375488 -48.8375206
v -423.94049072 -540.76348877 -48.8375206
v -425.34817505 -541.61950684 -48.8375206
v -418.45455933 -532.61254883 -49.33054733
v -418.80343628 -534.29150391 -49.33054733
v -419.37768555 -535.9072876 -49.33054733
v -420.16662598 -537.42987061 -49.33054733
v -421.15551758 -538.83081055 -49.33054733
v -422.32598877 -540.08404541 -49.33054733
v -423.65618896 -541.16625977 -49.33054733
v -425.12136841 -542.05725098 -49.33054733
v -426.69421387 -542.74041748 -49.33054733
v -418.05834961 -532.66699219 -49.90169907
v -418.41833496 -534.39935303 -49.90169907
v -419.01086426 -536.06658936 -49.90169907
v -419.82492065 -537.63763428 -49.90169907
v -420.8453064 -539.08319092 -49.90169907
v -422.05300903 -540.37634277 -49.90169907
v -423.42556763 -541.49298096 -49.90169907
v -424.93737793 -542.41235352 -49.90169907
v -426.56027222 -543.11724854 -49.90169907
v -428.2640686 -543.59466553 -49.90169907
v -417.76641846 -532.70709229 -50.53361893
v -418.13461304 -534.47888184 -50.53361893
v -418.74060059 -536.184021 -50.53361893
v -419.57315063 -537.79077148 -50.53361893
v -420.61672974 -539.26916504 -50.53361893
v -421.85189819 -540.5916748 -50.53361893
v -423.25561523 -541.73370361 -50.53361893
v -424.80178833 -542.6739502 -50.53361893
v -426.46160889 -543.39489746 -50.53361893
v -428.20413208 -543.88317871 -50.53361893
v -429.99688721 -544.12957764 -50.53361893
v -419.37768555 -525.89611816 -49.33054733
v -420.58786011 -524.62969971 -48.8375206
v -421.98101807 -523.64416504 -48.43759918
v -423.48364258 -522.95892334 -48.14292908
v -420.16662598 -524.37353516 -49.33054733
v -421.15551758 -522.97259521 -49.33054733
v -422.32598877 -521.71936035 -49.33054733
v -421.53796387 -523.28375244 -48.8375206
v -423.05233765 -522.49707031 -48.43759918
v -424.63427734 -522.02282715 -48.14292908
v -422.6625061 -522.07965088 -48.8375206
v -423.94049072 -521.03991699 -48.8375206
v -424.26986694 -521.50653076 -48.43759918
v -425.90167236 -521.2520752 -48.14292908
v -425.61096191 -520.69104004 -48.43759918
v -427.26220703 -520.66113281 -48.14292908
v -431.80651855 -517.67382812 -50.53361893
v -433.59927368 -517.92022705 -50.53361893
v -435.34179688 -518.4085083 -50.53361893
v -437.00158691 -519.12945557 -50.53361893
v -438.54776001 -520.06970215 -50.53361893
v -433.53933716 -518.20874023 -49.90169907
v -435.10919189 -519.06298828 -49.33054733
v -436.4552002 -520.18389893 -48.8375206
v -437.5335083 -521.50653076 -48.43759918
v -438.31973267 -522.95892334 -48.14292908
v -435.24310303 -518.68615723 -49.90169907
v -436.86602783 -519.39105225 -49.90169907
v -438.37783813 -520.3104248 -49.90169907
v -439.75039673 -521.42706299 -49.90169907
v -436.68203735 -519.74615479 -49.33054733
v -437.86288452 -521.03991699 -48.8375206
v -438.75106812 -522.49707031 -48.43759918
v -439.33218384 -524.04296875 -48.14292908
v -438.1472168 -520.637146 -49.33054733
v -439.47741699 -521.71936035 -49.33054733
v -440.64788818 -522.97259521 -49.33054733
v -439.14089966 -522.07965088 -48.8375206
v -439.8223877 -523.64416504 -48.43759918
v -440.18759155 -525.25482178 -48.14292908
v -440.26544189 -523.28375244 -48.8375206
v -441.21551514 -524.62969971 -48.8375206
v -440.72750854 -524.92651367 -48.43759918
v -440.87002563 -526.57183838 -48.14292908
v -441.44961548 -526.32006836 -48.43759918
v -441.36676025 -527.96954346 -48.14292908
v -443.66879272 -534.47888184 -50.53361893
v -443.06280518 -536.184021 -50.53361893
v -442.23025513 -537.79077148 -50.53361893
v -442.79251099 -536.06658936 -49.90169907
v -441.63677979 -537.42987061 -49.33054733
v -440.26544189 -538.51965332 -48.8375206
v -438.75106812 -539.30633545 -48.43759918
v -437.1690979 -539.78057861 -48.14292908
v -441.97848511 -537.63763428 -49.90169907
v -440.95809937 -539.08319092 -49.90169907
v -440.64788818 -538.83081055 -49.33054733
v -439.14089966 -539.72375488 -48.8375206
v -437.5335083 -540.296875 -48.43759918
v -435.9017334 -540.55133057 -48.14292908
v -439.47741699 -540.08404541 -49.33054733
v -437.86288452 -540.76348877 -48.8375206
v -436.19244385 -541.11236572 -48.43759918
v -434.54119873 -541.14227295 -48.14292908
v -417.5274353 -529.06347656 -171.70170593
v -417.5274353 -529.06347656 -148.65170288
v -417.40170288 -530.90167236 -171.70170593
v -417.40170288 -530.90167236 -148.65170288
v -417.5274353 -532.7399292 -171.70170593
v -417.5274353 -532.7399292 -148.65170288
v -417.90231323 -534.54394531 -171.70170593
v -417.90231323 -534.54394531 -148.65170288
v -418.51934814 -536.28009033 -171.70170593
v -418.51934814 -536.28009033 -148.65170288
v -419.36703491 -537.91607666 -171.70170593
v -419.36703491 -537.91607666 -148.65170288
v -420.42959595 -539.42138672 -171.70170593
v -420.42959595 -539.42138672 -148.65170288
v -421.68722534 -540.76800537 -171.70170593
v -421.68722534 -540.76800537 -148.65170288
v -423.11651611 -541.93078613 -171.70170593
v -423.11651611 -541.93078613 -148.65170288
v -424.69082642 -542.88812256 -171.70170593
v -424.69082642 -542.88812256 -148.65170288
v -426.38082886 -543.62219238 -171.70170593
v -426.38082886 -543.62219238 -148.65170288
v -428.1550293 -544.11932373 -171.70170593
v -428.1550293 -544.11932373 -148.65170288
v -429.98043823 -544.37023926 -171.70170593
v -429.98043823 -544.37023926 -148.65170288
v -431.82296753 -544.37023926 -171.70170593
v -431.82296753 -544.37023926 -148.65170288
v -433.64834595 -544.11932373 -171.70170593
v -433.64834595 -544.11932373 -148.65170288
v -435.4225769 -543.62219238 -171.70170593
v -435.4225769 -543.62219238 -148.65170288
v -437.11257935 -542.88812256 -171.70170593
v -437.11257935 -542.88812256 -148.65170288
v -438.68688965 -541.93078613 -171.70170593
v -438.68688965 -541.93078613 -148.65170288
v -440.11618042 -540.76800537 -171.70170593
v -440.11618042 -540.76800537 -148.65170288
v -441.37380981 -539.42138672 -171.70170593
v -441.37380981 -539.42138672 -148.65170288
v -442.43637085 -537.91607666 -171.70170593
v -442.43637085 -537.91607666 -148.65170288
v -443.28405762 -536.28009033 -171.70170593
v -443.28405762 -536.28009033 -148.65170288
v -443.90109253 -534.54394531 -171.70170593
v -443.90109253 -534.54394531 -148.65170288
v -444.27597046 -532.7399292 -171.70170593
v -444.27597046 -532.7399292 -148.65170288
v -444.40170288 -530.90167236 -171.70170593
v -444.40170288 -530.90167236 -148.65170288
v -444.27597046 -529.06347656 -171.70170593
v -444.27597046 -529.06347656 -148.65170288
v -443.90109253 -527.25946045 -171.70170593
v -443.90109253 -527.25946045 -148.65170288
v -443.28405762 -525.52325439 -171.70170593
v -443.28405762 -525.52325439 -148.65170288
v -442.43637085 -523.8873291 -171.70170593
v -442.43637085 -523.8873291 -148.65170288
v -441.37380981 -522.38201904 -171.70170593
v -441.37380981 -522.38201904 -148.65170288
v -440.11618042 -521.03540039 -171.70170593
v -440.11618042 -521.03540039 -148.65170288
v -438.68688965 -519.87261963 -171.70170593
v -438.68688965 -519.87261963 -148.65170288
v -437.11257935 -518.91522217 -171.70170593
v -437.11257935 -518.91522217 -148.65170288
v -435.4225769 -518.18115234 -171.70170593
v -435.4225769 -518.18115234 -148.65170288
v -433.64834595 -517.68408203 -171.70170593
v -433.64834595 -517.68408203 -148.65170288
v -431.82296753 -517.4331665 -171.70170593
v -431.82296753 -517.4331665 -148.65170288
v -429.98043823 -517.4331665 -171.70170593
v -429.98043823 -517.4331665 -148.65170288
v -428.1550293 -517.68408203 -171.70170593
v -428.1550293 -517.68408203 -148.65170288
v -426.38082886 -518.18115234 -171.70170593
v -426.38082886 -518.18115234 -148.65170288
v -424.69082642 -518.91522217 -171.70170593
v -424.69082642 -518.91522217 -148.65170288
v -423.11651611 -519.87261963 -171.70170593
v -423.11651611 -519.87261963 -148.65170288
v -421.68722534 -521.03540039 -171.70170593
v -421.68722534 -521.03540039 -148.65170288
v -420.42959595 -522.38201904 -171.70170593
v -420.42959595 -522.38201904 -148.65170288
v -419.36703491 -523.8873291 -171.70170593
v -419.36703491 -523.8873291 -148.65170288
v -418.51934814 -525.52325439 -171.70170593
v -418.51934814 -525.52325439 -148.65170288
v -417.90231323 -527.25946045 -171.70170593
v -417.90231323 -527.25946045 -148.65170288
v -417.5274353 -532.7399292 -84.15170288
v -417.40170288 -530.90167236 -84.15170288
v -417.5274353 -529.06347656 -84.15170288
v -417.90231323 -527.25946045 -84.15170288
v -418.51934814 -525.52325439 -84.15170288
v -419.36703491 -523.8873291 -84.15170288
v -420.42959595 -522.38201904 -84.15170288
v -421.68722534 -521.03540039 -84.15170288
v -423.11651611 -519.87261963 -84.15170288
v -424.69082642 -518.91522217 -84.15170288
v -426.38082886 -518.18115234 -84.15170288
v -428.1550293 -517.68408203 -84.15170288
v -429.98043823 -517.4331665 -84.15170288
v -431.82296753 -517.4331665 -84.15170288
v -433.64834595 -517.68408203 -84.15170288
v -435.4225769 -518.18115234 -84.15170288
v -437.11257935 -518.91522217 -84.15170288
v -438.68688965 -519.87261963 -84.15170288
v -440.11618042 -521.03540039 -84.15170288
v -441.37380981 -522.38201904 -84.15170288
v -442.43637085 -523.8873291 -84.15170288
v -443.28405762 -525.52325439 -84.15170288
v -443.90109253 -527.25946045 -84.15170288
v -444.27597046 -529.06347656 -84.15170288
v -444.40170288 -530.90167236 -84.15170288
v -444.27597046 -532.7399292 -84.15170288
v -443.90109253 -534.54394531 -84.15170288
v -443.28405762 -536.28009033 -84.15170288
v -442.43637085 -537.91607666 -84.15170288
v -441.37380981 -539.42138672 -84.15170288
v -440.11618042 -540.76800537 -84.15170288
v -438.68688965 -541.93078613 -84.15170288
v -437.11257935 -542.88812256 -84.15170288
v -435.4225769 -543.62219238 -84.15170288
v -433.64834595 -544.11932373 -84.15170288
v -431.82296753 -544.37023926 -84.15170288
v -429.98043823 -544.37023926 -84.15170288
v -428.1550293 -544.11932373 -84.15170288
v -426.38082886 -543.62219238 -84.15170288
v -424.69082642 -542.88812256 -84.15170288
v -423.11651611 -541.93078613 -84.15170288
v -421.68722534 -540.76800537 -84.15170288
v -420.42959595 -539.42138672 -84.15170288
v -419.36703491 -537.91607666 -84.15170288
v -418.51934814 -536.28009033 -84.15170288
v -417.90231323 -534.54394531 -84.15170288
v -417.40170288 -530.90167236 -116.40170288
v -417.5274353 -532.7399292 -116.40170288
v -417.90231323 -534.54394531 -116.40170288
v -418.51934814 -536.28009033 -116.40170288
v -419.36703491 -537.91607666 -116.40170288
v -420.42959595 -539.42138672 -116.40170288
v -421.68722534 -540.76800537 -116.40170288
v -423.11651611 -541.93078613 -116.40170288
v -424.69082642 -542.88812256 -116.40170288
v -426.38082886 -543.62219238 -116.40170288
v -428.1550293 -544.11932373 -116.40170288
v -429.98043823 -544.37023926 -116.40170288
v -431.82296753 -544.37023926 -116.40170288
v -433.64834595 -544.11932373 -116.40170288
v -435.4225769 -543.62219238 -116.40170288
v -437.11257935 -542.88812256 -116.40170288
v -438.68688965 -541.93078613 -116.40170288
v -440.11618042 -540.76800537 -116.40170288
v -441.37380981 -539.42138672 -116.40170288
v -442.43637085 -537.91607666 -116.40170288
v -443.28405762 -536.28009033 -116.40170288
v -443.90109253 -534.54394531 -116.40170288
v -444.27597046 -532.7399292 -116.40170288
v -444.40170288 -530.90167236 -116.40170288
v -444.27597046 -529.06347656 -116.40170288
v -443.90109253 -527.25946045 -116.40170288
v -443.28405762 -525.52325439 -116.40170288
v -442.43637085 -523.8873291 -116.40170288
v -441.37380981 -522.38201904 -116.40170288
v -440.11618042 -521.03540039 -116.40170288
v -438.68688965 -519.87261963 -116.40170288
v -437.11257935 -518.91522217 -116.40170288
v -435.4225769 -518.18115234 -116.40170288
v -433.64834595 -517.68408203 -116.40170288
v -431.82296753 -517.4331665 -116.40170288
v -429.98043823 -517.4331665 -116.40170288
v -428.1550293 -517.68408203 -116.40170288
v -426.38082886 -518.18115234 -116.40170288
v -424.69082642 -518.91522217 -116.40170288
v -423.11651611 -519.87261963 -116.40170288
v -421.68722534 -521.03540039 -116.40170288
v -420.42959595 -522.38201904 -116.40170288
v -419.36703491 -523.8873291 -116.40170288
v -418.51934814 -525.52325439 -116.40170288
v -417.90231323 -527.25946045 -116.40170288
v -417.5274353 -529.06347656 -116.40170288
v -417.3432312 -532.12200928 -173.14089966
v -417.28842163 -530.90167236 -173.14089966
v -417.3432312 -529.68139648 -173.14089966
v -416.95141602 -530.90167236 -174.54466248
v -417.00756836 -529.65118408 -174.54466248
v -416.3989563 -530.90167236 -175.87841797
v -416.45733643 -529.60168457 -175.87841797
v -415.64465332 -530.90167236 -177.10932922
v -415.70608521 -529.53405762 -177.10932922
v -414.70709229 -530.90167236 -178.20707703
v -414.77227783 -529.45001221 -178.20707703
v -413.60931396 -530.90167236 -179.14465332
v -413.67892456 -529.35162354 -179.14465332
v -412.37841797 -530.90167236 -179.8989563
v -412.45297241 -529.24127197 -179.8989563
v -411.04464722 -530.90167236 -180.45141602
v -411.12460327 -529.1217041 -180.45141602
v -409.64089966 -530.90167236 -180.78843689
v -409.72650146 -528.99591064 -180.78843689
v -408.20278931 -530.67797852 -180.90170288
v -409.33996582 -525.45983887 -180.8901825
v -417.50720215 -533.3324585 -173.14089966
v -417.77902222 -534.52331543 -173.14089966
v -418.15649414 -535.68505859 -173.14089966
v -417.8409729 -535.8034668 -174.54466248
v -418.33291626 -536.95452881 -174.54466248
v -417.83517456 -537.19421387 -175.87841797
v -418.45184326 -538.34014893 -175.87841797
v -417.80432129 -538.72705078 -177.10932922
v -418.5585022 -539.86956787 -177.10932922
v -417.79998779 -540.4206543 -178.20707703
v -418.70599365 -541.5567627 -178.20707703
v -417.87930298 -542.27905273 -179.14465332
v -418.95159912 -543.4005127 -179.14465332
v -418.10095215 -544.29022217 -179.8989563
v -419.35263062 -545.38378906 -179.8989563
v -418.52102661 -546.42657471 -180.45141602
v -419.96252441 -547.47387695 -180.45141602
v -419.18917847 -548.64538574 -180.78843689
v -420.82687378 -549.62384033 -180.78843689
v -419.66970825 -550.62811279 -180.90170288
v -421.76831055 -551.68322754 -180.90170288
v -422.54568481 -550.45159912 -180.78843689
v -423.96469116 -552.51574707 -180.90170288
v -424.33175659 -551.12194824 -180.78843689
v -426.17071533 -551.62945557 -180.78843689
v -424.76553345 -549.78686523 -180.45141602
v -426.48309326 -550.26086426 -180.45141602
v -425.17770386 -548.51837158 -179.8989563
v -426.77987671 -548.96057129 -179.8989563
v -425.55807495 -547.34771729 -179.14465332
v -427.05377197 -547.76049805 -179.14465332
v -425.89727783 -546.30371094 -178.20707703
v -427.29806519 -546.69030762 -178.20707703
v -426.18701172 -545.4119873 -177.10932922
v -427.50668335 -545.77624512 -177.10932922
v -426.42010498 -544.69464111 -175.87841797
v -427.67453003 -545.04083252 -175.87841797
v -426.59082031 -544.16918945 -174.54466248
v -427.79745483 -544.50219727 -174.54466248
v -426.69497681 -543.84869385 -173.14089966
v -427.87246704 -544.17364502 -173.14089966
v -429.07434082 -544.39178467 -173.14089966
v -430.29095459 -544.50128174 -173.14089966
v -431.51245117 -544.50128174 -173.14089966
v -432.72906494 -544.39178467 -173.14089966
v -432.77429199 -544.72570801 -174.54466248
v -434.00592041 -544.50219727 -174.54466248
v -434.12887573 -545.04083252 -175.87841797
v -435.38330078 -544.69464111 -175.87841797
v -435.61639404 -545.4119873 -177.10932922
v -436.89810181 -544.93096924 -177.10932922
v -437.26660156 -545.79309082 -178.20707703
v -438.57583618 -545.16259766 -178.20707703
v -439.0960083 -546.12927246 -179.14465332
v -440.42800903 -545.33343506 -179.14465332
v -441.10610962 -546.36071777 -179.8989563
v -442.45077515 -545.38378906 -179.8989563
v -443.28234863 -546.42657471 -180.45141602
v -444.62414551 -545.25427246 -180.45141602
v -445.59423828 -546.2689209 -180.78843689
v -446.91259766 -544.89001465 -180.78843689
v -447.62466431 -546.25201416 -180.90170288
v -449.12139893 -544.44177246 -180.90170288
v -448.10205078 -543.39849854 -180.78843689
v -450.42303467 -542.48651123 -180.90170288
v -449.15301514 -541.80633545 -180.78843689
v -450.05700684 -540.12640381 -180.78843689
v -447.94796753 -541.08636475 -180.45141602
v -448.79226685 -539.51733398 -180.45141602
v -446.80297852 -540.40228271 -179.8989563
v -447.59060669 -538.93865967 -179.8989563
v -445.74630737 -539.77093506 -179.14465332
v -446.4815979 -538.40460205 -179.14465332
v -444.80395508 -539.20788574 -178.20707703
v -445.49255371 -537.92828369 -178.20707703
v -443.99908447 -538.72705078 -177.10932922
v -444.64782715 -537.52148438 -177.10932922
v -443.3515625 -538.34014893 -175.87841797
v -443.9682312 -537.19421387 -175.87841797
v -442.87728882 -538.0567627 -174.54466248
v -443.47045898 -536.95452881 -174.54466248
v -442.58798218 -537.88391113 -173.14089966
v -443.1668396 -536.80828857 -173.14089966
v -443.64691162 -535.68505859 -173.14089966
v -444.02438354 -534.52331543 -173.14089966
v -444.29620361 -533.3324585 -173.14089966
v -444.46017456 -532.12200928 -173.14089966
v -444.79580688 -532.15222168 -174.54466248
v -444.85198975 -530.90167236 -174.54466248
v -445.40444946 -530.90167236 -175.87841797
v -445.34606934 -529.60168457 -175.87841797
v -446.09732056 -529.53405762 -177.10932922
v -445.9135437 -528.1774292 -177.10932922
v -446.83605957 -528.01000977 -178.20707703
v -446.51269531 -526.59332275 -178.20707703
v -447.57089233 -526.30126953 -179.14465332
v -447.09143066 -524.82562256 -179.14465332
v -448.24383545 -524.39306641 -179.8989563
v -447.59060669 -522.86474609 -179.8989563
v -448.79226685 -522.28607178 -180.45141602
v -447.94796753 -520.71704102 -180.45141602
v -449.15301514 -519.99707031 -180.78843689
v -448.10205078 -518.40490723 -180.78843689
v -450.42303467 -519.31689453 -180.90170288
v -449.12139893 -517.3616333 -180.90170288
v -446.91259766 -516.91339111 -180.78843689
v -447.62466431 -515.5513916 -180.90170288
v -445.59423828 -515.53448486 -180.78843689
v -445.94891357 -513.90545654 -180.90170288
v -444.15759277 -514.27935791 -180.78843689
v -444.11203003 -512.44152832 -180.90170288
v -442.61419678 -513.15802002 -180.78843689
v -442.13369751 -511.17526245 -180.90170288
v -440.97653198 -512.17950439 -180.78843689
v -440.03509521 -510.12017822 -180.90170288
v -439.25772095 -511.35180664 -180.78843689
v -437.8387146 -509.28762817 -180.90170288
v -437.47164917 -510.68148804 -180.78843689
v -435.63265991 -510.1739502 -180.78843689
v -437.03787231 -512.01654053 -180.45141602
v -435.3203125 -511.54251099 -180.45141602
v -436.6257019 -513.28503418 -179.8989563
v -435.02352905 -512.84283447 -179.8989563
v -436.24533081 -514.45568848 -179.14465332
v -434.74960327 -514.04290771 -179.14465332
v -435.90609741 -515.49969482 -178.20707703
v -434.50534058 -515.11309814 -178.20707703
v -435.61639404 -516.39141846 -177.10932922
v -434.29672241 -516.02716064 -177.10932922
v -435.38330078 -517.10876465 -175.87841797
v -434.12887573 -516.76257324 -175.87841797
v -435.21258545 -517.63421631 -174.54466248
v -434.00592041 -517.3012085 -174.54466248
v -435.10842896 -517.95471191 -173.14089966
v -433.93093872 -517.62976074 -173.14089966
v -432.72906494 -517.41162109 -173.14089966
v -431.51245117 -517.30212402 -173.14089966
v -430.29095459 -517.30212402 -173.14089966
v -429.07434082 -517.41162109 -173.14089966
v -429.02911377 -517.07769775 -174.54466248
v -427.79745483 -517.3012085 -174.54466248
v -427.67453003 -516.76257324 -175.87841797
v -426.42010498 -517.10876465 -175.87841797
v -426.18701172 -516.39141846 -177.10932922
v -424.90530396 -516.87243652 -177.10932922
v -424.5368042 -516.01031494 -178.20707703
v -423.22756958 -516.64080811 -178.20707703
v -422.70739746 -515.6741333 -179.14465332
v -421.37539673 -516.4699707 -179.14465332
v -420.69726562 -515.44268799 -179.8989563
v -419.35263062 -516.4196167 -179.8989563
v -418.52102661 -515.37683105 -180.45141602
v -417.17922974 -516.5491333 -180.45141602
v -416.20916748 -515.53448486 -180.78843689
v -414.89080811 -516.91339111 -180.78843689
v -414.17871094 -515.5513916 -180.90170288
v -412.68200684 -517.3616333 -180.90170288
v -413.70135498 -518.40490723 -180.78843689
v -411.38037109 -519.31689453 -180.90170288
v -412.65039062 -519.99707031 -180.78843689
v -411.74636841 -521.67700195 -180.78843689
v -413.85543823 -520.71704102 -180.45141602
v -413.0111084 -522.28607178 -180.45141602
v -415.00039673 -521.40112305 -179.8989563
v -414.21279907 -522.86474609 -179.8989563
v -416.05706787 -522.0324707 -179.14465332
v -415.32180786 -523.39880371 -179.14465332
v -416.99945068 -522.59552002 -178.20707703
v -416.31085205 -523.87512207 -178.20707703
v -417.80432129 -523.07635498 -177.10932922
v -417.15557861 -524.28192139 -177.10932922
v -418.45184326 -523.46325684 -175.87841797
v -417.83517456 -524.60919189 -175.87841797
v -418.92608643 -523.74658203 -174.54466248
v -418.33291626 -524.84887695 -174.54466248
v -419.21539307 -523.91949463 -173.14089966
v -418.63656616 -524.99511719 -173.14089966
v -418.15649414 -526.11834717 -173.14089966
v -417.77902222 -527.28009033 -173.14089966
v -417.50720215 -528.47094727 -173.14089966
v -418.63656616 -536.80828857 -173.14089966
v -418.92608643 -538.0567627 -174.54466248
v -419.16873169 -539.4262085 -175.87841797
v -419.41204834 -540.93988037 -177.10932922
v -419.71020508 -542.60705566 -178.20707703
v -420.12008667 -544.42144775 -179.14465332
v -420.69726562 -546.36071777 -179.8989563
v -421.49206543 -548.38769531 -180.45141602
v -419.21539307 -537.88391113 -173.14089966
v -419.61569214 -539.10144043 -174.54466248
v -419.98010254 -540.44360352 -175.87841797
v -420.35812378 -541.92938232 -177.10932922
v -420.80453491 -543.56317139 -178.20707703
v -421.37539673 -545.33343506 -179.14465332
v -422.12408447 -547.2131958 -179.8989563
v -423.09738159 -549.16082764 -180.45141602
v -419.88833618 -538.90338135 -173.14089966
v -420.64993286 -539.85839844 -173.14089966
v -421.49407959 -540.74127197 -173.14089966
v -422.41397095 -541.54498291 -173.14089966
v -422.2038269 -541.80847168 -174.54466248
v -423.21652222 -542.54425049 -174.54466248
v -422.91217041 -543.00531006 -175.87841797
v -424.02929688 -543.67272949 -175.87841797
v -423.671875 -544.3369751 -177.10932922
v -424.90530396 -544.93096924 -177.10932922
v -424.5368042 -545.79309082 -178.20707703
v -423.40219116 -542.26293945 -173.14089966
v -424.29110718 -543.1862793 -174.54466248
v -425.20175171 -544.23736572 -175.87841797
v -424.45080566 -542.88946533 -173.14089966
v -425.41888428 -543.72937012 -174.54466248
v -425.55133057 -543.41949463 -173.14089966
v -433.93093872 -544.17364502 -173.14089966
v -435.21258545 -544.16918945 -174.54466248
v -436.60165405 -544.23736572 -175.87841797
v -438.13153076 -544.3369751 -177.10932922
v -439.82327271 -544.41729736 -178.20707703
v -441.68331909 -544.42144775 -179.14465332
v -443.70245361 -544.29022217 -179.8989563
v -445.85546875 -543.96643066 -180.45141602
v -435.10842896 -543.84869385 -173.14089966
v -436.38452148 -543.72937012 -174.54466248
v -437.77407837 -543.67272949 -175.87841797
v -439.3067627 -543.63482666 -177.10932922
v -440.99887085 -543.56317139 -178.20707703
v -442.85180664 -543.4005127 -179.14465332
v -444.8510437 -543.08886719 -179.8989563
v -446.96640015 -542.57336426 -180.45141602
v -436.25204468 -543.41949463 -173.14089966
v -437.3526001 -542.88946533 -173.14089966
v -438.4012146 -542.26293945 -173.14089966
v -439.38943481 -541.54498291 -173.14089966
v -439.59954834 -541.80847168 -174.54466248
v -440.54220581 -540.98486328 -174.54466248
v -440.92401123 -541.38421631 -175.87841797
v -441.82330322 -540.44360352 -175.87841797
v -442.39135742 -540.93988037 -177.10932922
v -443.24490356 -539.86956787 -177.10932922
v -444.00341797 -540.4206543 -178.20707703
v -440.30932617 -540.74127197 -173.14089966
v -441.40725708 -540.08013916 -174.54466248
v -442.63467407 -539.4262085 -175.87841797
v -441.1534729 -539.85839844 -173.14089966
v -442.18771362 -539.10144043 -174.54466248
v -441.91506958 -538.90338135 -173.14089966
v -444.51495361 -530.90167236 -173.14089966
v -444.79580688 -529.65118408 -174.54466248
v -445.17138672 -528.31213379 -175.87841797
v -445.60891724 -526.84277344 -177.10932922
v -446.06365967 -525.21130371 -178.20707703
v -446.4815979 -523.39880371 -179.14465332
v -446.80297852 -521.40112305 -179.8989563
v -446.96640015 -519.2300415 -180.45141602
v -444.46017456 -529.68139648 -173.14089966
v -444.29620361 -528.47094727 -173.14089966
v -444.02438354 -527.28009033 -173.14089966
v -443.64691162 -526.11834717 -173.14089966
v -443.96243286 -525.99993896 -174.54466248
v -443.47045898 -524.84887695 -174.54466248
v -443.9682312 -524.60919189 -175.87841797
v -443.3515625 -523.46325684 -175.87841797
v -443.99908447 -523.07635498 -177.10932922
v -443.24490356 -521.93383789 -177.10932922
v -444.00341797 -521.38275146 -178.20707703
v -443.09741211 -520.24664307 -178.20707703
v -443.92410278 -519.52435303 -179.14465332
v -442.85180664 -518.40283203 -179.14465332
v -443.70245361 -517.51318359 -179.8989563
v -442.45077515 -516.4196167 -179.8989563
v -443.28234863 -515.37683105 -180.45141602
v -441.84088135 -514.32952881 -180.45141602
v -443.1668396 -524.99511719 -173.14089966
v -442.87728882 -523.74658203 -174.54466248
v -442.63467407 -522.37719727 -175.87841797
v -442.39135742 -520.86352539 -177.10932922
v -442.09320068 -519.19628906 -178.20707703
v -441.68331909 -517.38195801 -179.14465332
v -441.10610962 -515.44268799 -179.8989563
v -440.31134033 -513.41564941 -180.45141602
v -442.58798218 -523.91949463 -173.14089966
v -442.18771362 -522.7019043 -174.54466248
v -441.82330322 -521.35980225 -175.87841797
v -441.44528198 -519.8739624 -177.10932922
v -440.99887085 -518.24023438 -178.20707703
v -440.42800903 -516.4699707 -179.14465332
v -439.67929077 -514.59014893 -179.8989563
v -438.70602417 -512.64257812 -180.45141602
v -441.91506958 -522.90002441 -173.14089966
v -441.1534729 -521.94500732 -173.14089966
v -440.30932617 -521.06207275 -173.14089966
v -439.38943481 -520.25842285 -173.14089966
v -439.59954834 -519.99493408 -174.54466248
v -438.58685303 -519.25915527 -174.54466248
v -438.89120483 -518.7980957 -175.87841797
v -437.77407837 -518.13067627 -175.87841797
v -438.13153076 -517.46643066 -177.10932922
v -436.89810181 -516.87243652 -177.10932922
v -437.26660156 -516.01031494 -178.20707703
v -438.4012146 -519.54040527 -173.14089966
v -437.51229858 -518.61712646 -174.54466248
v -436.60165405 -517.56604004 -175.87841797
v -437.3526001 -518.91394043 -173.14089966
v -436.38452148 -518.07403564 -174.54466248
v -436.25204468 -518.38391113 -173.14089966
v -427.87246704 -517.62976074 -173.14089966
v -426.59082031 -517.63421631 -174.54466248
v -425.20175171 -517.56604004 -175.87841797
v -423.671875 -517.46643066 -177.10932922
v -421.98013306 -517.3861084 -178.20707703
v -420.12008667 -517.38195801 -179.14465332
v -418.10095215 -517.51318359 -179.8989563
v -415.94793701 -517.8369751 -180.45141602
v -426.69497681 -517.95471191 -173.14089966
v -425.41888428 -518.07403564 -174.54466248
v -424.02929688 -518.13067627 -175.87841797
v -422.49664307 -518.1685791 -177.10932922
v -420.80453491 -518.24023438 -178.20707703
v -418.95159912 -518.40283203 -179.14465332
v -416.95233154 -518.71453857 -179.8989563
v -414.83700562 -519.2300415 -180.45141602
v -425.55133057 -518.38391113 -173.14089966
v -424.45080566 -518.91394043 -173.14089966
v -423.40219116 -519.54040527 -173.14089966
v -422.41397095 -520.25842285 -173.14089966
v -422.2038269 -519.99493408 -174.54466248
v -421.26116943 -520.81848145 -174.54466248
v -420.87939453 -520.41918945 -175.87841797
v -419.98010254 -521.35980225 -175.87841797
v -419.41204834 -520.86352539 -177.10932922
v -418.5585022 -521.93383789 -177.10932922
v -417.79998779 -521.38275146 -178.20707703
v -421.49407959 -521.06207275 -173.14089966
v -420.39614868 -521.7232666 -174.54466248
v -419.16873169 -522.37719727 -175.87841797
v -420.64993286 -521.94500732 -173.14089966
v -419.61569214 -522.7019043 -174.54466248
v -419.88833618 -522.90002441 -173.14089966
v -409.14096069 -535.45947266 -180.89021301
v -410.99658203 -538.37219238 -180.78843689
v -410.28775024 -540.40722656 -180.90170288
v -411.74636841 -540.12640381 -180.78843689
v -411.38037109 -542.48651123 -180.90170288
v -412.65039062 -541.80633545 -180.78843689
v -413.70135498 -543.39849854 -180.78843689
v -413.85543823 -541.08636475 -180.45141602
v -414.83700562 -542.57336426 -180.45141602
v -415.00039673 -540.40228271 -179.8989563
v -415.91604614 -541.78942871 -179.8989563
v -416.05706787 -539.77093506 -179.14465332
v -416.91186523 -541.06591797 -179.14465332
v -416.99945068 -539.20788574 -178.20707703
v -408.65008545 -533.22644043 -180.89602661
v -409.98257446 -534.69793701 -180.78843689
v -410.40707397 -536.55786133 -180.78843689
v -411.76025391 -536.18438721 -180.45141602
v -412.31085205 -537.87896729 -180.45141602
v -413.04592896 -535.82958984 -179.8989563
v -413.55953979 -537.41033936 -179.8989563
v -414.23248291 -535.50213623 -179.14465332
v -414.7119751 -536.9777832 -179.14465332
v -415.29067993 -535.21008301 -178.20707703
v -415.73974609 -536.59210205 -178.20707703
v -416.19448853 -534.96063232 -177.10932922
v -416.61752319 -536.26263428 -177.10932922
v -416.92160034 -534.75994873 -175.87841797
v -417.32373047 -535.99761963 -175.87841797
v -417.4541626 -534.61297607 -174.54466248
v -409.72650146 -532.80749512 -180.78843689
v -408.20278931 -531.12542725 -180.90170288
v -408.20181274 -530.97625732 -180.90170288
v -408.20181274 -530.8270874 -180.90170288
v -409.59915161 -524.32495117 -180.89285278
v -410.40707397 -525.24554443 -180.78843689
v -409.98257446 -527.10540771 -180.78843689
v -411.36376953 -527.3560791 -180.45141602
v -412.67608643 -527.59423828 -179.8989563
v -413.88720703 -527.81402588 -179.14465332
v -414.96734619 -528.01000977 -178.20707703
v -415.88983154 -528.1774292 -177.10932922
v -416.63201904 -528.31213379 -175.87841797
v -417.17559814 -528.4107666 -174.54466248
v -410.99658203 -523.43121338 -180.78843689
v -409.83999634 -523.2880249 -180.89668274
v -410.28775024 -521.3961792 -180.90170288
v -415.85449219 -513.90545654 -180.90170288
v -417.64581299 -514.27935791 -180.78843689
v -419.96252441 -514.32952881 -180.45141602
v -422.12408447 -514.59014893 -179.8989563
v -424.1053772 -515.00085449 -179.14465332
v -425.89727783 -515.49969482 -178.20707703
v -427.50668335 -516.02716064 -177.10932922
v -428.95495605 -516.5302124 -175.87841797
v -430.27581787 -516.9654541 -174.54466248
v -417.69137573 -512.44152832 -180.90170288
v -419.18917847 -513.15802002 -180.78843689
v -421.49206543 -513.41564941 -180.45141602
v -423.62158203 -513.86901855 -179.8989563
v -425.55807495 -514.45568848 -179.14465332
v -427.29806519 -515.11309814 -178.20707703
v -428.85369873 -515.78271484 -177.10932922
v -430.2510376 -516.41357422 -175.87841797
v -431.52758789 -516.9654541 -174.54466248
v -419.66970825 -511.17526245 -180.90170288
v -420.82687378 -512.17950439 -180.78843689
v -423.09738159 -512.64257812 -180.45141602
v -425.17770386 -513.28503418 -179.8989563
v -427.05377197 -514.04290771 -179.14465332
v -428.72784424 -514.8536377 -178.20707703
v -430.2171936 -515.66003418 -177.10932922
v -431.55236816 -516.41357422 -175.87841797
v -432.77429199 -517.07769775 -174.54466248
v -421.76831055 -510.12017822 -180.90170288
v -422.54568481 -511.35180664 -180.78843689
v -424.76553345 -512.01654053 -180.45141602
v -426.77987671 -512.84283447 -179.8989563
v -428.58047485 -513.76580811 -179.14465332
v -430.17514038 -514.72338867 -178.20707703
v -431.58621216 -515.66003418 -177.10932922
v -432.84844971 -516.5302124 -175.87841797
v -423.96469116 -509.28762817 -180.90170288
v -424.33175659 -510.68148804 -180.78843689
v -426.48309326 -511.54251099 -180.45141602
v -428.41525269 -512.54608154 -179.8989563
v -430.12588501 -513.62670898 -179.14465332
v -431.62826538 -514.72338867 -178.20707703
v -432.94970703 -515.78271484 -177.10932922
v -426.17071533 -510.1739502 -180.78843689
v -426.23535156 -508.68649292 -180.90170288
v -428.04779053 -509.83331299 -180.78843689
v -428.55596924 -508.32321167 -180.90170288
v -429.94784546 -509.66229248 -180.78843689
v -430.90170288 -508.20169067 -180.90170288
v -431.8555603 -509.66229248 -180.78843689
v -433.24743652 -508.32321167 -180.90170288
v -433.75561523 -509.83331299 -180.78843689
v -435.5680542 -508.68649292 -180.90170288
v -450.05700684 -521.67700195 -180.78843689
v -451.51565552 -521.3961792 -180.90170288
v -450.80679321 -523.43121338 -180.78843689
v -451.99893188 -523.43438721 -180.89785767
v -452.25201416 -524.52941895 -180.89352417
v -451.39633179 -525.24554443 -180.78843689
v -452.51699829 -525.69586182 -180.89048767
v -451.8208313 -527.10540771 -180.78843689
v -453.08035278 -528.23980713 -180.89471436
v -452.0769043 -528.99591064 -180.78843689
v -453.60058594 -530.67797852 -180.90170288
v -452.1625061 -530.90167236 -180.78843689
v -453.6015625 -530.8270874 -180.90170288
v -453.6015625 -530.97625732 -180.90170288
v -453.60058594 -531.12542725 -180.90170288
v -452.0769043 -532.80749512 -180.78843689
v -450.67880249 -532.68164062 -180.45141602
v -450.43963623 -534.44732666 -180.45141602
v -449.12731934 -534.20916748 -179.8989563
v -448.75744629 -535.82958984 -179.8989563
v -447.57089233 -535.50213623 -179.14465332
v -447.09143066 -536.9777832 -179.14465332
v -446.06365967 -536.59210205 -178.20707703
v -453.07955933 -533.56671143 -180.89479065
v -451.8208313 -534.69793701 -180.78843689
v -450.04315186 -536.18438721 -180.45141602
v -448.24383545 -537.41033936 -179.8989563
v -452.52813721 -536.05993652 -180.89033508
v -451.39633179 -536.55786133 -180.78843689
v -449.49255371 -537.87896729 -180.45141602
v -452.00811768 -538.33892822 -180.89515686
v -450.80679321 -538.37219238 -180.78843689
v -451.51565552 -540.40722656 -180.90170288
v -445.94891357 -547.89794922 -180.90170288
v -444.15759277 -547.52404785 -180.78843689
v -441.84088135 -547.47387695 -180.45141602
v -439.67929077 -547.2131958 -179.8989563
v -437.69802856 -546.80249023 -179.14465332
v -435.90609741 -546.30371094 -178.20707703
v -434.29672241 -545.77624512 -177.10932922
v -432.84844971 -545.27319336 -175.87841797
v -431.52758789 -544.83795166 -174.54466248
v -444.11203003 -549.36187744 -180.90170288
v -442.61419678 -548.64538574 -180.78843689
v -440.31134033 -548.38769531 -180.45141602
v -438.18182373 -547.93438721 -179.8989563
v -436.24533081 -547.34771729 -179.14465332
v -434.50534058 -546.69030762 -178.20707703
v -432.94970703 -546.02069092 -177.10932922
v -431.55236816 -545.38983154 -175.87841797
v -430.27581787 -544.83795166 -174.54466248
v -442.13369751 -550.62811279 -180.90170288
v -440.97653198 -549.62384033 -180.78843689
v -438.70602417 -549.16082764 -180.45141602
v -436.6257019 -548.51837158 -179.8989563
v -434.74960327 -547.76049805 -179.14465332
v -433.07556152 -546.94976807 -178.20707703
v -431.58621216 -546.14337158 -177.10932922
v -430.2510376 -545.38983154 -175.87841797
v -429.02911377 -544.72570801 -174.54466248
v -440.03509521 -551.68322754 -180.90170288
v -439.25772095 -550.45159912 -180.78843689
v -437.03787231 -549.78686523 -180.45141602
v -435.02352905 -548.96057129 -179.8989563
v -433.22290039 -548.03759766 -179.14465332
v -431.62826538 -547.08001709 -178.20707703
v -430.2171936 -546.14337158 -177.10932922
v -428.95495605 -545.27319336 -175.87841797
v -437.8387146 -552.51574707 -180.90170288
v -437.47164917 -551.12194824 -180.78843689
v -435.3203125 -550.26086426 -180.45141602
v -433.38815308 -549.25732422 -179.8989563
v -431.67752075 -548.17663574 -179.14465332
v -430.17514038 -547.08001709 -178.20707703
v -428.85369873 -546.02069092 -177.10932922
v -435.63265991 -551.62945557 -180.78843689
v -435.5680542 -553.11688232 -180.90170288
v -433.75561523 -551.97009277 -180.78843689
v -433.24743652 -553.48016357 -180.90170288
v -431.8555603 -552.14111328 -180.78843689
v -430.90170288 -553.60168457 -180.90170288
v -429.94784546 -552.14111328 -180.78843689
v -428.55596924 -553.48016357 -180.90170288
v -428.04779053 -551.97009277 -180.78843689
v -426.23535156 -553.11688232 -180.90170288
v -417.69137573 -549.36187744 -180.90170288
v -417.64581299 -547.52404785 -180.78843689
v -417.17922974 -545.25427246 -180.45141602
v -416.95233154 -543.08886719 -179.8989563
v -415.85449219 -547.89794922 -180.90170288
v -416.20916748 -546.2689209 -180.78843689
v -415.94793701 -543.96643066 -180.45141602
v -414.17871094 -546.25201416 -180.90170288
v -414.89080811 -544.89001465 -180.78843689
v -412.68200684 -544.44177246 -180.90170288
v -417.00756836 -532.15222168 -174.54466248
v -417.17559814 -533.39263916 -174.54466248
v -416.45733643 -532.20172119 -175.87841797
v -416.63201904 -533.49127197 -175.87841797
v -415.70608521 -532.26934814 -177.10932922
v -415.88983154 -533.62597656 -177.10932922
v -414.77227783 -532.35339355 -178.20707703
v -414.96734619 -533.79333496 -178.20707703
v -413.67892456 -532.45178223 -179.14465332
v -413.88720703 -533.98937988 -179.14465332
v -412.45297241 -532.56213379 -179.8989563
v -412.67608643 -534.20916748 -179.8989563
v -411.12460327 -532.68164062 -180.45141602
v -411.36376953 -534.44732666 -180.45141602
v -417.15557861 -537.52148438 -177.10932922
v -416.31085205 -537.92828369 -178.20707703
v -415.32180786 -538.40460205 -179.14465332
v -414.21279907 -538.93865967 -179.8989563
v -413.0111084 -539.51733398 -180.45141602
v -420.39614868 -540.08013916 -174.54466248
v -420.87939453 -541.38421631 -175.87841797
v -421.38909912 -542.83013916 -177.10932922
v -421.98013306 -544.41729736 -178.20707703
v -422.70739746 -546.12927246 -179.14465332
v -423.62158203 -547.93438721 -179.8989563
v -421.26116943 -540.98486328 -174.54466248
v -421.859375 -542.24041748 -175.87841797
v -422.49664307 -543.63482666 -177.10932922
v -423.22756958 -545.16259766 -178.20707703
v -424.1053772 -546.80249023 -179.14465332
v -428.72784424 -546.94976807 -178.20707703
v -428.58047485 -548.03759766 -179.14465332
v -430.12588501 -548.17663574 -179.14465332
v -428.41525269 -549.25732422 -179.8989563
v -430.07064819 -549.40631104 -179.8989563
v -431.73275757 -549.40631104 -179.8989563
v -428.23623657 -550.57904053 -180.45141602
v -430.01080322 -550.73876953 -180.45141602
v -431.79257202 -550.73876953 -180.45141602
v -433.56716919 -550.57904053 -180.45141602
v -437.51229858 -543.1862793 -174.54466248
v -438.89120483 -543.00531006 -175.87841797
v -440.41430664 -542.83013916 -177.10932922
v -442.09320068 -542.60705566 -178.20707703
v -443.92410278 -542.27905273 -179.14465332
v -445.88735962 -541.78942871 -179.8989563
v -438.58685303 -542.54425049 -174.54466248
v -439.94400024 -542.24041748 -175.87841797
v -441.44528198 -541.92938232 -177.10932922
v -443.09741211 -541.5567627 -178.20707703
v -444.89151001 -541.06591797 -179.14465332
v -443.96243286 -535.8034668 -174.54466248
v -444.34924316 -534.61297607 -174.54466248
v -444.62780762 -533.39263916 -174.54466248
v -444.47967529 -535.99761963 -175.87841797
v -444.88180542 -534.75994873 -175.87841797
v -445.17138672 -533.49127197 -175.87841797
v -445.34606934 -532.20172119 -175.87841797
v -445.18588257 -536.26263428 -177.10932922
v -445.60891724 -534.96063232 -177.10932922
v -445.9135437 -533.62597656 -177.10932922
v -446.09732056 -532.26934814 -177.10932922
v -446.15875244 -530.90167236 -177.10932922
v -446.51269531 -535.21008301 -178.20707703
v -447.91616821 -533.98937988 -179.14465332
v -449.35040283 -532.56213379 -179.8989563
v -450.75872803 -530.90167236 -180.45141602
v -446.83605957 -533.79333496 -178.20707703
v -447.03112793 -532.35339355 -178.20707703
v -447.09631348 -530.90167236 -178.20707703
v -447.03112793 -529.45001221 -178.20707703
v -448.12445068 -532.45178223 -179.14465332
v -449.42498779 -530.90167236 -179.8989563
v -450.67880249 -529.1217041 -180.45141602
v -448.19406128 -530.90167236 -179.14465332
v -448.12445068 -529.35162354 -179.14465332
v -447.91616821 -527.81402588 -179.14465332
v -444.62780762 -528.4107666 -174.54466248
v -444.88180542 -527.04345703 -175.87841797
v -445.18588257 -525.54077148 -177.10932922
v -445.49255371 -523.87512207 -178.20707703
v -445.74630737 -522.0324707 -179.14465332
v -445.88735962 -520.01397705 -179.8989563
v -445.85546875 -517.8369751 -180.45141602
v -449.35040283 -529.24127197 -179.8989563
v -450.43963623 -527.3560791 -180.45141602
v -449.12731934 -527.59423828 -179.8989563
v -448.75744629 -525.97381592 -179.8989563
v -444.34924316 -527.19042969 -174.54466248
v -444.47967529 -525.80578613 -175.87841797
v -444.64782715 -524.28192139 -177.10932922
v -444.80395508 -522.59552002 -178.20707703
v -444.89151001 -520.73748779 -179.14465332
v -444.8510437 -518.71453857 -179.8989563
v -444.62414551 -516.5491333 -180.45141602
v -450.04315186 -525.61901855 -180.45141602
v -449.49255371 -523.92443848 -180.45141602
v -441.40725708 -521.7232666 -174.54466248
v -440.92401123 -520.41918945 -175.87841797
v -440.41430664 -518.9732666 -177.10932922
v -439.82327271 -517.3861084 -178.20707703
v -439.0960083 -515.6741333 -179.14465332
v -438.18182373 -513.86901855 -179.8989563
v -440.54220581 -520.81848145 -174.54466248
v -439.94400024 -519.56298828 -175.87841797
v -439.3067627 -518.1685791 -177.10932922
v -438.57583618 -516.64080811 -178.20707703
v -437.69802856 -515.00085449 -179.14465332
v -433.07556152 -514.8536377 -178.20707703
v -433.22290039 -513.76580811 -179.14465332
v -431.67752075 -513.62670898 -179.14465332
v -433.38815308 -512.54608154 -179.8989563
v -431.73275757 -512.39703369 -179.8989563
v -430.07064819 -512.39703369 -179.8989563
v -433.56716919 -511.22436523 -180.45141602
v -431.79257202 -511.06463623 -180.45141602
v -430.01080322 -511.06463623 -180.45141602
v -428.23623657 -511.22436523 -180.45141602
v -424.29110718 -518.61712646 -174.54466248
v -422.91217041 -518.7980957 -175.87841797
v -421.38909912 -518.9732666 -177.10932922
v -419.71020508 -519.19628906 -178.20707703
v -417.87930298 -519.52435303 -179.14465332
v -415.91604614 -520.01397705 -179.8989563
v -423.21652222 -519.25915527 -174.54466248
v -421.859375 -519.56298828 -175.87841797
v -420.35812378 -519.8739624 -177.10932922
v -418.70599365 -520.24664307 -178.20707703
v -416.91186523 -520.73748779 -179.14465332
v -417.8409729 -525.99993896 -174.54466248
v -417.4541626 -527.19042969 -174.54466248
v -417.32373047 -525.80578613 -175.87841797
v -416.92160034 -527.04345703 -175.87841797
v -416.61752319 -525.54077148 -177.10932922
v -416.19448853 -526.84277344 -177.10932922
v -415.73974609 -525.21130371 -178.20707703
v -415.29067993 -526.59332275 -178.20707703
v -414.7119751 -524.82562256 -179.14465332
v -414.23248291 -526.30126953 -179.14465332
v -413.55953979 -524.39306641 -179.8989563
v -413.04592896 -525.97381592 -179.8989563
v -412.31085205 -523.92443848 -180.45141602
v -411.76025391 -525.61901855 -180.45141602
v -450.9855957 -519.21453857 -180.90170288
v -450.45620728 -517.10021973 -180.90170288
v -449.92886353 -515.05432129 -180.90170288
v -449.40499878 -513.07781982 -180.90170288
v -448.88592529 -511.17166138 -180.90170288
v -448.37307739 -509.33688354 -180.90170288
v -447.86779785 -507.57452393 -180.90170288
v -447.37149048 -505.88552856 -180.90170288
v -446.88555908 -504.27090454 -180.90170288
v -446.41131592 -502.73168945 -180.90170288
v -445.95022583 -501.26885986 -180.90170288
v -445.50360107 -499.88339233 -180.90170288
v -444.64651489 -497.31011963 -180.90170288
v -443.81625366 -494.92324829 -180.90170288
v -443.01293945 -492.71240234 -180.90170288
v -442.23770142 -490.6706543 -180.90170288
v -441.49169922 -488.79101562 -180.90170288
v -420.75286865 -487.72546387 -180.90170288
v -440.77606201 -487.06652832 -180.90170288
v -421.09777832 -486.90774536 -180.90170288
v -421.42086792 -486.1578064 -180.90170288
v -419.59536743 -490.59988403 -180.90170288
v -420.00088501 -489.57012939 -180.90170288
v -420.38696289 -488.61245728 -180.90170288
v -418.27020264 -494.13598633 -180.90170288
v -418.72924805 -492.88137817 -180.90170288
v -419.17123413 -491.70315552 -180.90170288
v -417.30410767 -496.87997437 -180.90170288
v -417.79489136 -495.46838379 -180.90170288
v -415.73983765 -501.62567139 -180.90170288
v -416.27890015 -499.94763184 -180.90170288
v -416.7986145 -498.37225342 -180.90170288
v -415.1812439 -503.4119873 -180.90170288
v -414.60546875 -505.30493164 -180.90170288
v -414.01477051 -507.30273438 -180.90170288
v -413.41152954 -509.40371704 -180.90170288
v -412.79803467 -511.60614014 -180.90170288
v -412.17657471 -513.9083252 -180.90170288
v -411.54953003 -516.30853271 -180.90170288
v -410.91912842 -518.80505371 -180.90170288
v -440.09197998 -485.49023438 -180.90170288
v -421.72143555 -485.47427368 -180.90170288
v -421.99862671 -484.85571289 -180.90170288
v -439.44061279 -484.05514526 -180.90170288
v -422.4864502 -483.79354858 -180.90170288
v -438.8230896 -482.7543335 -180.90170288
v -422.93966675 -482.83636475 -180.90170288
v -438.24057007 -481.58078003 -180.90170288
v -423.79595947 -481.11477661 -180.90170288
v -437.69421387 -480.52755737 -180.90170288
v -424.61016846 -479.59231567 -180.90170288
v -437.18518066 -479.58770752 -180.90170288
v -436.71459961 -478.75421143 -180.90170288
v -425.41189575 -478.19937134 -180.90170288
v -436.28366089 -478.02017212 -180.90170288
v -435.89352417 -477.37860107 -180.90170288
v -426.2298584 -476.86825562 -180.90170288
v -435.5453186 -476.82250977 -180.90170288
v -434.93835449 -475.88619995 -180.90170288
v -427.04492188 -475.63519287 -180.90170288
v -434.22817993 -474.88989258 -180.90170288
v -427.87240601 -474.51043701 -180.90170288
v -433.34402466 -473.79602051 -180.90170288
v -428.75952148 -473.45068359 -180.90170288
v -432.24789429 -472.61383057 -180.90170288
v -429.75350952 -472.4125061 -180.90170288
v -431.60842896 -471.99249268 -180.90170288
v -430.90170288 -471.35256958 -180.90170288
v -453.64746094 -530.90167236 -180.90170288
v -408.15594482 -530.90167236 -180.90170288
v -410.81781006 -542.58886719 -180.90170288
v -411.34719849 -544.70318604 -180.90170288
v -411.87451172 -546.74908447 -180.90170288
v -412.39840698 -548.72558594 -180.90170288
v -412.91748047 -550.63171387 -180.90170288
v -413.43032837 -552.4664917 -180.90170288
v -413.93560791 -554.22888184 -180.90170288
v -414.43191528 -555.91790771 -180.90170288
v -414.91784668 -557.5324707 -180.90170288
v -415.39208984 -559.07171631 -180.90170288
v -415.85317993 -560.5345459 -180.90170288
v -416.29980469 -561.91998291 -180.90170288
v -417.15689087 -564.49328613 -180.90170288
v -417.9871521 -566.88018799 -180.90170288
v -418.79046631 -569.09100342 -180.90170288
v -419.56570435 -571.13275146 -180.90170288
v -420.31170654 -573.01239014 -180.90170288
v -441.05053711 -574.07794189 -180.90170288
v -421.02734375 -574.73687744 -180.90170288
v -440.70562744 -574.89569092 -180.90170288
v -440.38250732 -575.64556885 -180.90170288
v -442.20803833 -571.20349121 -180.90170288
v -441.80252075 -572.23327637 -180.90170288
v -441.41641235 -573.19091797 -180.90170288
v -443.53320312 -567.66741943 -180.90170288
v -443.07415771 -568.92199707 -180.90170288
v -442.63217163 -570.10021973 -180.90170288
v -444.4992981 -564.92340088 -180.90170288
v -444.0085144 -566.33502197 -180.90170288
v -446.06356812 -560.17773438 -180.90170288
v -445.52450562 -561.85577393 -180.90170288
v -445.00476074 -563.43115234 -180.90170288
v -446.62216187 -558.39141846 -180.90170288
v -447.19793701 -556.49847412 -180.90170288
v -447.78860474 -554.50067139 -180.90170288
v -448.39187622 -552.39971924 -180.90170288
v -449.00537109 -550.19726562 -180.90170288
v -449.62680054 -547.89508057 -180.90170288
v -450.25387573 -545.49487305 -180.90170288
v -450.88427734 -542.99835205 -180.90170288
v -421.71139526 -576.31317139 -180.90170288
v -440.08197021 -576.32910156 -180.90170288
v -439.80477905 -576.94769287 -180.90170288
v -422.36279297 -577.74822998 -180.90170288
v -439.31695557 -578.00982666 -180.90170288
v -422.98031616 -579.04907227 -180.90170288
v -438.86373901 -578.96704102 -180.90170288
v -423.56283569 -580.22259521 -180.90170288
v -438.00744629 -580.68859863 -180.90170288
v -424.10919189 -581.27581787 -180.90170288
v -437.1932373 -582.21112061 -180.90170288
v -424.6182251 -582.21569824 -180.90170288
v -425.08880615 -583.04919434 -180.90170288
v -436.39151001 -583.60406494 -180.90170288
v -425.51971436 -583.78320312 -180.90170288
v -425.90988159 -584.42480469 -180.90170288
v -435.57354736 -584.93511963 -180.90170288
v -426.25808716 -584.980896 -180.90170288
v -426.86502075 -585.91723633 -180.90170288
v -434.75845337 -586.16821289 -180.90170288
v -427.57522583 -586.91351318 -180.90170288
v -433.93099976 -587.29296875 -180.90170288
v -428.4593811 -588.00738525 -180.90170288
v -433.04388428 -588.35272217 -180.90170288
v -429.55551147 -589.1895752 -180.90170288
v -432.04986572 -589.39086914 -180.90170288
v -430.19497681 -589.81091309 -180.90170288
v -430.90170288 -590.4508667 -180.90170288
v -430.90170288 -589.85400391 -185.95805359
v -432.06466675 -588.99072266 -183.8737793
v -433.24139404 -587.69873047 -183.8737793
v -434.35696411 -586.27282715 -183.8737793
v -435.3460083 -584.79174805 -183.8737793
v -436.06488037 -583.61853027 -183.8737793
v -436.78469849 -582.38195801 -183.8737793
v -438.14706421 -579.82440186 -183.8737793
v -439.36090088 -577.27404785 -183.8737793
v -440.53677368 -574.61157227 -183.8737793
v -439.21936035 -576.93438721 -186.86218262
v -440.38262939 -574.2890625 -186.86218262
v -439.07785034 -576.5947876 -189.85057068
v -440.22845459 -573.96655273 -189.85057068
v -438.93630981 -576.25512695 -192.838974
v -440.0743103 -573.64404297 -192.838974
v -438.7947998 -575.91552734 -195.82736206
v -439.9201355 -573.3215332 -195.82736206
v -438.65325928 -575.57592773 -198.81576538
v -439.76599121 -572.99908447 -198.81576538
v -438.51174927 -575.23626709 -201.80415344
v -439.61181641 -572.67657471 -201.80415344
v -438.37020874 -574.89666748 -204.79255676
v -439.4576416 -572.35406494 -204.79255676
v -438.20147705 -574.49169922 -208.35572815
v -439.27383423 -571.96954346 -208.35572815
v -438.03271484 -574.08673096 -211.91889954
v -439.09002686 -571.58502197 -211.91889954
v -437.86398315 -573.6817627 -215.48208618
v -438.90621948 -571.20050049 -215.48208618
v -437.69522095 -573.27685547 -219.04525757
v -438.72241211 -570.81591797 -219.04525757
v -437.35772705 -572.46691895 -226.1716156
v -438.35476685 -570.046875 -226.1716156
v -437.02023315 -571.65704346 -233.29797363
v -437.9871521 -569.27783203 -233.29797363
v -436.68273926 -570.84710693 -240.42433167
v -437.61950684 -568.50878906 -240.42433167
v -436.34524536 -570.03723145 -247.5506897
v -437.25189209 -567.73974609 -247.5506897
v -435.67626953 -568.40167236 -261.80340576
v -438.37246704 -564.8470459 -247.5506897
v -440.45083618 -555.90167236 -261.80340576
v -439.47906494 -561.94329834 -247.5506897
v -440.57098389 -559.03930664 -247.5506897
v -440.99926758 -559.64404297 -240.42433167
v -442.08837891 -556.67254639 -240.42433167
v -442.52441406 -557.21704102 -233.29797363
v -443.18881226 -555.34985352 -233.29797363
v -443.62686157 -555.85705566 -226.1716156
v -445.15499878 -551.38372803 -226.1716156
v -445.59060669 -551.80279541 -219.04525757
v -447.06433105 -547.22149658 -219.04525757
v -447.27658081 -547.38531494 -215.48208618
v -448.53692627 -543.27276611 -215.48208618
v -448.74069214 -543.39624023 -211.91889954
v -449.95068359 -539.23291016 -211.91889954
v -450.14297485 -539.31536865 -208.35572815
v -451.29779053 -535.10827637 -208.35572815
v -451.47567749 -535.1494751 -204.79255676
v -452.27966309 -530.90167236 -211.23983765
v -452.7355957 -530.90167236 -201.12712097
v -451.62487793 -535.184021 -201.80415344
v -451.77407837 -535.21856689 -198.81576538
v -450.49655151 -539.46697998 -201.80415344
v -450.6578064 -539.53613281 -198.81576538
v -449.31912231 -543.74682617 -201.80415344
v -449.49002075 -543.85040283 -198.81576538
v -448.09136963 -548.01416016 -201.80415344
v -448.26937866 -548.15155029 -198.81576538
v -446.64450073 -552.81665039 -201.80415344
v -446.82714844 -552.99243164 -198.81576538
v -445.12469482 -557.5914917 -201.80415344
v -445.30838013 -557.80419922 -198.81576538
v -444.45132446 -559.62322998 -201.80415344
v -444.63418579 -559.8515625 -198.81576538
v -443.3203125 -562.92156982 -201.80415344
v -443.49990845 -563.1751709 -198.81576538
v -442.1449585 -566.18939209 -201.80415344
v -442.31912231 -566.46679688 -198.81576538
v -440.9078064 -569.45623779 -201.80415344
v -441.07342529 -569.75732422 -198.81576538
v -441.90151978 -571.26281738 -183.8737793
v -441.73590088 -570.96173096 -186.86218262
v -441.57028198 -570.66064453 -189.85057068
v -441.40466309 -570.35955811 -192.838974
v -441.23904419 -570.05841064 -195.82736206
v -443.18984985 -567.85369873 -183.8737793
v -444.39788818 -564.44317627 -183.8737793
v -443.01571655 -567.57629395 -186.86218262
v -444.21829224 -564.1895752 -186.86218262
v -442.84155273 -567.2989502 -189.85057068
v -444.03869629 -563.93597412 -189.85057068
v -442.66741943 -567.02154541 -192.838974
v -443.85910034 -563.68237305 -192.838974
v -442.49325562 -566.74414062 -195.82736206
v -443.67950439 -563.42877197 -195.82736206
v -445.54840088 -560.99316406 -183.8737793
v -446.22683716 -558.86773682 -183.8737793
v -447.74050903 -553.87109375 -183.8737793
v -449.15948486 -548.83850098 -183.8737793
v -450.34451294 -544.36834717 -183.8737793
v -451.46417236 -539.88183594 -183.8737793
v -452.52011108 -535.39135742 -183.8737793
v -452.37091064 -535.35681152 -186.86218262
v -452.22171021 -535.32226562 -189.85057068
v -452.07250977 -535.28771973 -192.838974
v -450.98034668 -539.67437744 -192.838974
v -450.8190918 -539.60522461 -195.82736206
v -449.66091919 -543.95397949 -195.82736206
v -451.82373047 -530.90167236 -221.35255432
v -450.94198608 -535.02587891 -215.48208618
v -451.11990356 -535.06707764 -211.91889954
v -451.36779785 -530.90167236 -231.46525574
v -450.40829468 -534.90228271 -226.1716156
v -450.76409912 -534.98468018 -219.04525757
v -449.56610107 -539.0680542 -219.04525757
v -449.75839233 -539.1505127 -215.48208618
v -448.3331604 -543.14923096 -219.04525757
v -450.05249023 -534.81982422 -233.29797363
v -450.91186523 -530.90167236 -241.57797241
v -449.69671631 -534.73742676 -240.42433167
v -449.34091187 -534.6550293 -247.5506897
v -448.027771 -538.4085083 -247.5506897
v -450.45593262 -530.90167236 -251.69068909
v -450 -530.90167236 -261.80340576
v -446.70300293 -542.16125488 -247.5506897
v -445.36627197 -545.91101074 -247.5506897
v -443.84814453 -550.12646484 -247.5506897
v -445.79077148 -546.23864746 -240.42433167
v -444.28378296 -550.54553223 -240.42433167
v -446.21530151 -546.56628418 -233.29797363
v -444.71939087 -550.96459961 -233.29797363
v -446.63980103 -546.89385986 -226.1716156
v -430.90170288 -580.90167236 -261.80340576
v -433.53625488 -576.84375 -247.5506897
v -434.01351929 -575.72393799 -247.5506897
v -434.4909668 -574.5925293 -247.5506897
v -434.74765015 -575.4642334 -240.42433167
v -435.73556519 -573.15472412 -240.42433167
v -436.03945923 -573.99517822 -233.29797363
v -432.89987183 -578.30718994 -247.5506897
v -430.90170288 -582.09533691 -251.69068909
v -432.24032593 -579.76049805 -247.5506897
v -431.5696106 -581.18933105 -247.5506897
v -432.35235596 -580.64892578 -240.42433167
v -431.62503052 -582.06243896 -240.42433167
v -432.46438599 -581.53729248 -233.29797363
v -431.68041992 -582.93548584 -233.29797363
v -432.57644653 -582.42572021 -226.1716156
v -431.73580933 -583.80859375 -226.1716156
v -432.68847656 -583.31408691 -219.04525757
v -431.79122925 -584.68164062 -219.04525757
v -432.74447632 -583.75830078 -215.48208618
v -431.81893921 -585.1182251 -215.48208618
v -432.80050659 -584.20251465 -211.91889954
v -431.84661865 -585.55474854 -211.91889954
v -432.85650635 -584.64666748 -208.35572815
v -431.87432861 -585.99127197 -208.35572815
v -432.91253662 -585.09088135 -204.79255676
v -431.90203857 -586.42785645 -204.79255676
v -432.95950317 -585.46343994 -201.80415344
v -431.92526245 -586.79394531 -201.80415344
v -433.00650024 -585.83599854 -198.81576538
v -431.94848633 -587.16009521 -198.81576538
v -433.0534668 -586.20849609 -195.82736206
v -431.97174072 -587.52618408 -195.82736206
v -433.10046387 -586.58105469 -192.838974
v -431.9949646 -587.89233398 -192.838974
v -433.14743042 -586.95361328 -189.85057068
v -432.01818848 -588.25848389 -189.85057068
v -433.19439697 -587.32617188 -186.86218262
v -432.04141235 -588.62457275 -186.86218262
v -430.90170288 -583.28900146 -241.57797241
v -430.90170288 -584.48260498 -231.46525574
v -430.90170288 -585.07946777 -226.40890503
v -430.90170288 -585.67626953 -221.35255432
v -430.90170288 -586.27307129 -216.29618835
v -430.90170288 -586.86993408 -211.23983765
v -430.90170288 -587.46673584 -206.18348694
v -430.90170288 -588.0635376 -201.12712097
v -430.90170288 -588.66040039 -196.07077026
v -430.90170288 -589.25720215 -191.0144043
v -451.92330933 -535.25317383 -195.82736206
v -451.30288696 -539.81268311 -186.86218262
v -451.14163208 -539.74353027 -189.85057068
v -450.1736145 -544.26477051 -186.86218262
v -450.00271606 -544.16119385 -189.85057068
v -449.83181763 -544.05755615 -192.838974
v -448.98144531 -548.70111084 -186.86218262
v -448.80343628 -548.5637207 -189.85057068
v -448.62542725 -548.42633057 -192.838974
v -448.44741821 -548.28894043 -195.82736206
v -447.55783081 -553.69537354 -186.86218262
v -447.37518311 -553.51965332 -189.85057068
v -447.19250488 -553.34387207 -192.838974
v -447.00982666 -553.16815186 -195.82736206
v -446.04315186 -558.6550293 -186.86218262
v -445.85946655 -558.44232178 -189.85057068
v -445.67578125 -558.22961426 -192.838974
v -445.49206543 -558.01690674 -195.82736206
v -445.36553955 -560.76483154 -186.86218262
v -445.18270874 -560.53656006 -189.85057068
v -444.99987793 -560.30822754 -192.838974
v -444.8170166 -560.07989502 -195.82736206
v -438.0196228 -579.47192383 -186.86218262
v -437.8921814 -579.11950684 -189.85057068
v -437.76473999 -578.76702881 -192.838974
v -437.6373291 -578.41455078 -195.82736206
v -437.5098877 -578.06213379 -198.81576538
v -437.38244629 -577.70965576 -201.80415344
v -437.25500488 -577.35717773 -204.79255676
v -437.10305786 -576.93695068 -208.35572815
v -436.95114136 -576.51672363 -211.91889954
v -436.79919434 -576.09643555 -215.48208618
v -436.64724731 -575.6762085 -219.04525757
v -436.34335327 -574.83569336 -226.1716156
v -436.67703247 -582.01641846 -186.86218262
v -436.56939697 -581.65081787 -189.85057068
v -436.46176147 -581.28527832 -192.838974
v -436.35409546 -580.91967773 -195.82736206
v -436.24645996 -580.55413818 -198.81576538
v -436.13882446 -580.18859863 -201.80415344
v -436.03115845 -579.82299805 -204.79255676
v -435.90280151 -579.387146 -208.35572815
v -435.7744751 -578.95123291 -211.91889954
v -435.64611816 -578.51538086 -215.48208618
v -435.51776123 -578.07952881 -219.04525757
v -435.26104736 -577.20776367 -226.1716156
v -435.00436401 -576.33599854 -233.29797363
v -435.96862793 -583.24804688 -186.86218262
v -435.87234497 -582.87756348 -189.85057068
v -435.77609253 -582.50708008 -192.838974
v -435.67980957 -582.13653564 -195.82736206
v -435.58352661 -581.76605225 -198.81576538
v -435.48727417 -581.39556885 -201.80415344
v -435.39099121 -581.02508545 -204.79255676
v -435.2762146 -580.58331299 -208.35572815
v -435.16140747 -580.14154053 -211.91889954
v -435.04663086 -579.69976807 -215.48208618
v -434.93182373 -579.25799561 -219.04525757
v -434.70227051 -578.37451172 -226.1716156
v -434.47268677 -577.4909668 -233.29797363
v -434.24310303 -576.60748291 -240.42433167
v -435.26107788 -584.41870117 -186.86218262
v -435.17614746 -584.04571533 -189.85057068
v -435.09121704 -583.67272949 -192.838974
v -435.00628662 -583.29974365 -195.82736206
v -434.9213562 -582.92669678 -198.81576538
v -434.83642578 -582.55371094 -201.80415344
v -434.75146484 -582.1807251 -204.79255676
v -434.65020752 -581.73596191 -208.35572815
v -434.5489502 -581.29119873 -211.91889954
v -434.44766235 -580.84649658 -215.48208618
v -434.34640503 -580.4017334 -219.04525757
v -434.14385986 -579.51226807 -226.1716156
v -433.94134521 -578.6227417 -233.29797363
v -433.73880005 -577.73327637 -240.42433167
v -434.28857422 -585.89898682 -186.86218262
v -434.22018433 -585.52514648 -189.85057068
v -434.15182495 -585.15136719 -192.838974
v -434.08343506 -584.77752686 -195.82736206
v -434.01504517 -584.40368652 -198.81576538
v -433.94665527 -584.02984619 -201.80415344
v -433.8782959 -583.65600586 -204.79255676
v -433.79675293 -583.21026611 -208.35572815
v -433.71520996 -582.76452637 -211.91889954
v -433.63366699 -582.31878662 -215.48208618
v -433.55215454 -581.87304688 -219.04525757
v -433.3890686 -580.98162842 -226.1716156
v -433.22601318 -580.09014893 -233.29797363
v -433.06292725 -579.19866943 -240.42433167
v -450.33526611 -539.39782715 -204.79255676
v -449.14822388 -543.64324951 -204.79255676
v -448.94445801 -543.51977539 -208.35572815
v -447.9133606 -547.87677002 -204.79255676
v -447.70111084 -547.71295166 -208.35572815
v -447.48883057 -547.5491333 -211.91889954
v -446.46182251 -552.64093018 -204.79255676
v -446.24401855 -552.43139648 -208.35572815
v -446.0262146 -552.22186279 -211.91889954
v -445.80841064 -552.0123291 -215.48208618
v -444.94100952 -557.37878418 -204.79255676
v -444.72198486 -557.12518311 -208.35572815
v -444.50296021 -556.87158203 -211.91889954
v -444.28393555 -556.61791992 -215.48208618
v -444.06491089 -556.36431885 -219.04525757
v -444.26849365 -559.39489746 -204.79255676
v -444.05047607 -559.12268066 -208.35572815
v -443.83248901 -558.85046387 -211.91889954
v -443.61447144 -558.57818604 -215.48208618
v -443.39645386 -558.30596924 -219.04525757
v -442.9604187 -557.76147461 -226.1716156
v -443.14068604 -562.66790771 -204.79255676
v -442.92654419 -562.36553955 -208.35572815
v -442.71240234 -562.06317139 -211.91889954
v -442.4982605 -561.76074219 -215.48208618
v -442.28411865 -561.45837402 -219.04525757
v -441.85583496 -560.8536377 -226.1716156
v -441.42755127 -560.24884033 -233.29797363
v -441.9708252 -565.91204834 -204.79255676
v -441.76315308 -565.58129883 -208.35572815
v -441.55551147 -565.25054932 -211.91889954
v -441.34786987 -564.91986084 -215.48208618
v -441.14022827 -564.58911133 -219.04525757
v -440.72494507 -563.92767334 -226.1716156
v -440.30963135 -563.26617432 -233.29797363
v -439.89434814 -562.60473633 -240.42433167
v -440.7421875 -569.15515137 -204.79255676
v -440.54470825 -568.79614258 -208.35572815
v -440.347229 -568.43713379 -211.91889954
v -440.14974976 -568.078125 -215.48208618
v -439.95227051 -567.71911621 -219.04525757
v -439.55731201 -567.00109863 -226.1716156
v -439.16235352 -566.28308105 -233.29797363
v -438.76742554 -565.56506348 -240.42433167
v -449.18151855 -538.90313721 -226.1716156
v -448.79693604 -538.73828125 -233.29797363
v -448.41235352 -538.57336426 -240.42433167
v -447.92562866 -542.90228271 -226.1716156
v -447.51806641 -542.65527344 -233.29797363
v -447.11053467 -542.40826416 -240.42433167
v -442.75076294 -554.84259033 -240.42433167
v -442.31271362 -554.33532715 -247.5506897
v -441.65237427 -556.12805176 -247.5506897
v -435.43170166 -572.31420898 -247.5506897
v -451.58157349 -523.83209229 -189.85092163
v -451.73828125 -523.77679443 -186.8625946
v -451.89501953 -523.72149658 -183.87426758
v -449.77078247 -516.7689209 -189.85092163
v -451.42486572 -523.88739014 -192.83924866
v -449.59823608 -516.87921143 -192.83924866
v -451.11141968 -523.9979248 -198.81590271
v -449.25314331 -517.09979248 -198.81590271
v -450.79797363 -524.10852051 -204.79255676
v -448.90802002 -517.32037354 -204.79255676
v -450.05047607 -524.37213135 -219.04525757
v -448.08505249 -517.84643555 -219.04525757
v -449.30300903 -524.63580322 -233.29797363
v -447.26208496 -518.37249756 -233.29797363
v -440.45083618 -505.90170288 -261.80340576
v -446.26596069 -515.38623047 -233.29797363
v -445.25427246 -512.40002441 -233.29797363
v -446.11993408 -511.62774658 -219.04525757
v -445.10070801 -508.51574707 -219.04525757
v -445.97549438 -507.6194458 -204.79255676
v -444.93466187 -504.40585327 -204.79255676
v -445.30209351 -503.98034668 -198.81590271
v -443.08947754 -497.46359253 -198.81590271
v -443.44558716 -496.93969727 -192.83924866
v -442.24777222 -493.64871216 -192.83924866
v -442.41925049 -493.36291504 -189.85092163
v -441.15362549 -490.08959961 -189.85092163
v -441.31600952 -489.78161621 -186.8625946
v -440.02841187 -486.68804932 -186.8625946
v -440.17889404 -486.35998535 -183.87426758
v -438.79177856 -483.30636597 -183.87426758
v -450.11587524 -516.54833984 -183.87426758
v -449.94332886 -516.65863037 -186.8625946
v -449.02938843 -513.2711792 -186.8625946
v -448.8515625 -513.4072876 -189.85092163
v -448.07458496 -509.88391113 -186.8625946
v -447.89306641 -510.0458374 -189.85092163
v -447.07595825 -506.49188232 -186.8625946
v -446.89254761 -506.67980957 -189.85092163
v -446.03692627 -503.12936401 -186.8625946
v -445.85321045 -503.34210205 -189.85092163
v -443.62362671 -496.67776489 -189.85092163
v -443.80166626 -496.415802 -186.8625946
v -442.59075928 -493.0770874 -186.8625946
v -442.76223755 -492.79125977 -183.87426758
v -441.47839355 -489.47366333 -183.87426758
v -449.20721436 -513.13500977 -183.87426758
v -448.256073 -509.72198486 -183.87426758
v -447.2593689 -506.30395508 -183.87426758
v -446.22064209 -502.91659546 -183.87426758
v -443.97970581 -496.15386963 -183.87426758
v -438.06896973 -481.82400513 -183.87426758
v -437.28305054 -480.32192993 -183.87426758
v -436.4541626 -478.84390259 -183.87426758
v -435.61630249 -477.44110107 -183.87426758
v -434.57766724 -475.84173584 -183.87426758
v -435.52700806 -477.81335449 -186.8625946
v -434.50531006 -476.2154541 -186.8625946
v -435.43771362 -478.18563843 -189.85092163
v -434.4329834 -476.58917236 -189.85092163
v -435.34844971 -478.55789185 -192.83924866
v -434.36065674 -476.96286011 -192.83924866
v -435.16986084 -479.3024292 -198.81590271
v -434.21600342 -477.71026611 -198.81590271
v -434.99130249 -480.04696655 -204.79255676
v -434.07131958 -478.45770264 -204.79255676
v -434.56546021 -481.82247925 -219.04525757
v -433.72634888 -480.24008179 -219.04525757
v -434.13964844 -483.59799194 -233.29797363
v -433.38137817 -482.02243042 -233.29797363
v -430.90170288 -479.70806885 -251.69068909
v -432.57385254 -480.46621704 -233.29797363
v -430.90170288 -478.51443481 -241.57797241
v -431.73608398 -478.96466064 -233.29797363
v -430.90170288 -477.32077026 -231.46525574
v -430.90170288 -476.72396851 -226.40890503
v -431.85501099 -477.21520996 -219.04525757
v -430.90170288 -476.12713623 -221.35255432
v -430.90170288 -475.53030396 -216.29618835
v -431.97390747 -475.46575928 -204.79255676
v -430.90170288 -474.9335022 -211.23983765
v -430.90170288 -474.33666992 -206.18348694
v -430.90170288 -473.73983765 -201.12712097
v -432.02377319 -474.73214722 -198.81590271
v -430.90170288 -473.14303589 -196.07077026
v -432.07363892 -473.99853516 -192.83924866
v -430.90170288 -472.54620361 -191.0144043
v -432.09857178 -473.63174438 -189.85092163
v -432.12350464 -473.26495361 -186.8625946
v -433.30395508 -475.04144287 -189.85092163
v -433.35418701 -474.66833496 -186.8625946
v -433.40441895 -474.29519653 -183.87426758
v -432.1484375 -472.89813232 -183.87426758
v -430.90170288 -471.94937134 -185.95805359
v -430.90170288 -480.90170288 -261.80340576
v -435.67626953 -493.40170288 -261.80340576
v -438.79257202 -494.56710815 -233.29797363
v -437.69006348 -491.78622437 -233.29797363
v -436.55551147 -489.02731323 -233.29797363
v -437.20040894 -487.37750244 -219.04525757
v -436.58065796 -485.97998047 -219.04525757
v -437.18377686 -484.29580688 -204.79255676
v -436.47610474 -482.84945679 -204.79255676
v -436.70666504 -482.12728882 -198.81590271
v -435.94189453 -480.68447876 -198.81590271
v -436.14682007 -479.94824219 -192.83924866
v -436.35171509 -479.21200562 -186.8625946
v -436.24926758 -479.58013916 -189.85092163
v -437.16778564 -480.68301392 -186.8625946
v -437.05249023 -481.04406738 -189.85092163
v -436.93722534 -481.40515137 -192.83924866
v -437.94250488 -482.17712402 -186.8625946
v -437.81604004 -482.53024292 -189.85092163
v -437.68960571 -482.88336182 -192.83924866
v -437.43667603 -483.58956909 -198.81590271
v -438.65658569 -483.6522522 -186.8625946
v -438.5213623 -483.99816895 -189.85092163
v -438.38616943 -484.34408569 -192.83924866
v -438.11572266 -485.03588867 -198.81590271
v -437.8453064 -485.72772217 -204.79255676
v -439.87792969 -487.0161438 -189.85092163
v -440.99121094 -490.39755249 -192.83924866
v -441.90478516 -494.22036743 -198.81590271
v -442.73339844 -497.98745728 -204.79255676
v -444.05844116 -505.42056274 -219.04525757
v -444.22595215 -509.41204834 -233.29797363
v -433.25375366 -475.41455078 -192.83924866
v -433.15332031 -476.16079712 -198.81590271
v -433.05288696 -476.90704346 -204.79255676
v -432.81335449 -478.68661499 -219.04525757
v -439.72744751 -487.34423828 -192.83924866
v -439.42648315 -488.00042725 -198.81590271
v -439.1255188 -488.65661621 -204.79255676
v -438.4078064 -490.22143555 -219.04525757
v -440.66644287 -491.01348877 -198.81590271
v -441.5617981 -494.79199219 -204.79255676
v -441.88421631 -499.23678589 -219.04525757
v -443.18225098 -506.43527222 -233.29797363
v -445.66949463 -503.55487061 -192.83924866
v -446.70913696 -506.86773682 -192.83924866
v -446.34231567 -507.24359131 -198.81590271
v -447.71157837 -510.20776367 -192.83924866
v -447.34857178 -510.53161621 -198.81590271
v -446.98556519 -510.85546875 -204.79255676
v -448.67370605 -513.543396 -192.83924866
v -448.31802368 -513.81561279 -198.81590271
v -447.96234131 -514.08782959 -204.79255676
v -447.11413574 -514.73699951 -219.04525757
v -435.73699951 -481.42068481 -204.79255676
v -435.24835205 -483.1763916 -219.04525757
v -434.75970459 -484.93209839 -233.29797363
v -440.34164429 -491.62942505 -204.79255676
v -439.56710815 -493.0982666 -219.04525757
v -435.92630005 -484.57156372 -219.04525757
v -435.97753906 -487.66412354 -233.29797363
v -440.74386597 -496.15518188 -219.04525757
v -441.03503418 -500.4861145 -233.29797363
v -435.37649536 -486.29370117 -233.29797363
v -439.92593384 -497.5184021 -233.29797363
v -429.73873901 -472.81283569 -183.87489319
v -428.56201172 -474.10482788 -183.87489319
v -427.44647217 -475.53070068 -183.87489319
v -426.45742798 -477.0118103 -183.87489319
v -425.73852539 -478.18496704 -183.87489319
v -425.01873779 -479.42156982 -183.87489319
v -423.65640259 -481.97912598 -183.87489319
v -422.44256592 -484.52947998 -183.87489319
v -421.2666626 -487.19195557 -183.87489319
v -422.58407593 -484.86907959 -186.86312866
v -421.42080688 -487.51443481 -186.86312866
v -422.72558594 -485.20870972 -189.85136414
v -421.57498169 -487.83691406 -189.85136414
v -422.86712646 -485.54830933 -192.83959961
v -421.72912598 -488.15942383 -192.83959961
v -423.00863647 -485.88793945 -195.82783508
v -421.88327026 -488.48190308 -195.82783508
v -423.15014648 -486.22753906 -198.81607056
v -422.03744507 -488.80438232 -198.81607056
v -423.29165649 -486.56713867 -201.80430603
v -422.19158936 -489.12686157 -201.80430603
v -423.43319702 -486.9067688 -204.79255676
v -422.34573364 -489.44934082 -204.79255676
v -423.60192871 -487.31170654 -208.35572815
v -422.52957153 -489.8338623 -208.35572815
v -423.77069092 -487.7166748 -211.91889954
v -422.71337891 -490.21838379 -211.91889954
v -423.93942261 -488.12161255 -215.48208618
v -422.89718628 -490.60293579 -215.48208618
v -424.10818481 -488.52658081 -219.04525757
v -423.08099365 -490.98745728 -219.04525757
v -424.44567871 -489.33648682 -226.1716156
v -423.44863892 -491.75650024 -226.1716156
v -424.78314209 -490.14639282 -233.29797363
v -423.81625366 -492.52557373 -233.29797363
v -425.12063599 -490.95626831 -240.42433167
v -424.18386841 -493.2946167 -240.42433167
v -425.45812988 -491.76617432 -247.5506897
v -424.55151367 -494.06369019 -247.5506897
v -426.12713623 -493.40170288 -261.80340576
v -423.43093872 -496.95639038 -247.5506897
v -421.35253906 -505.90170288 -261.80340576
v -422.32434082 -499.86010742 -247.5506897
v -421.23242188 -502.76409912 -247.5506897
v -420.80413818 -502.15933228 -240.42433167
v -419.71499634 -505.13085938 -240.42433167
v -419.2789917 -504.58639526 -233.29797363
v -418.61459351 -506.45358276 -233.29797363
v -418.17654419 -505.94631958 -226.1716156
v -416.64840698 -510.41970825 -226.1716156
v -416.21279907 -510.00061035 -219.04525757
v -414.73907471 -514.58190918 -219.04525757
v -414.52682495 -514.41809082 -215.48208618
v -413.26647949 -518.53063965 -215.48208618
v -413.06271362 -518.40716553 -211.91889954
v -411.85272217 -522.57049561 -211.91889954
v -411.66043091 -522.48803711 -208.35572815
v -410.50561523 -526.69512939 -208.35572815
v -410.32769775 -526.65393066 -204.79255676
v -409.52374268 -530.90167236 -211.23983765
v -409.06781006 -530.90167236 -201.12712097
v -410.17852783 -526.61938477 -201.80430603
v -410.02932739 -526.58477783 -198.81607056
v -411.30685425 -522.33642578 -201.80430603
v -411.14559937 -522.26727295 -198.81607056
v -412.48428345 -518.05657959 -201.80430603
v -412.31338501 -517.95300293 -198.81607056
v -413.71203613 -513.78924561 -201.80430603
v -413.5340271 -513.65185547 -198.81607056
v -415.15890503 -508.98672485 -201.80430603
v -414.97625732 -508.81100464 -198.81607056
v -416.67871094 -504.21191406 -201.80430603
v -416.49502563 -503.99920654 -198.81607056
v -417.3520813 -502.18017578 -201.80430603
v -417.16925049 -501.95184326 -198.81607056
v -418.48309326 -498.88186646 -201.80430603
v -418.30352783 -498.62826538 -198.81607056
v -419.65844727 -495.61401367 -201.80430603
v -419.48431396 -495.3366394 -198.81607056
v -420.89559937 -492.34716797 -201.80430603
v -420.73001099 -492.04608154 -198.81607056
v -419.90194702 -490.54067993 -183.87489319
v -420.0675354 -490.84176636 -186.86312866
v -420.2331543 -491.14285278 -189.85136414
v -420.39877319 -491.44393921 -192.83959961
v -420.56439209 -491.74502563 -195.82783508
v -418.61358643 -493.9498291 -183.87489319
v -417.40557861 -497.36029053 -183.87489319
v -418.78775024 -494.22717285 -186.86312866
v -417.58514404 -497.6138916 -186.86312866
v -418.96188354 -494.50454712 -189.85136414
v -417.76473999 -497.86749268 -189.85136414
v -419.13601685 -494.78192139 -192.83959961
v -417.94433594 -498.12109375 -192.83959961
v -419.31015015 -495.05926514 -195.82783508
v -418.12393188 -498.37469482 -195.82783508
v -416.25506592 -500.81030273 -183.87489319
v -415.57662964 -502.93572998 -183.87489319
v -414.06295776 -507.93237305 -183.87489319
v -412.64398193 -512.96496582 -183.87489319
v -411.45895386 -517.43511963 -183.87489319
v -410.33929443 -521.92156982 -183.87489319
v -409.28335571 -526.41204834 -183.87489319
v -410.50054932 -521.99072266 -186.86312866
v -409.43255615 -526.44659424 -186.86312866
v -410.6618042 -522.05987549 -189.85136414
v -409.58172607 -526.48114014 -189.85136414
v -410.8230896 -522.12902832 -192.83959961
v -409.73092651 -526.51568604 -192.83959961
v -410.98434448 -522.19818115 -195.82783508
v -409.88012695 -526.55023193 -195.82783508
v -409.97967529 -530.90167236 -221.35255432
v -410.86141968 -526.77752686 -215.48208618
v -410.6835022 -526.73632812 -211.91889954
v -410.43560791 -530.90167236 -231.46525574
v -411.39511108 -526.90112305 -226.1716156
v -411.03930664 -526.81872559 -219.04525757
v -412.23730469 -522.73535156 -219.04525757
v -412.04501343 -522.65289307 -215.48208618
v -413.47024536 -518.65411377 -219.04525757
v -411.75088501 -526.98358154 -233.29797363
v -410.89154053 -530.90167236 -241.57797241
v -412.10668945 -527.065979 -240.42433167
v -412.4624939 -527.14837646 -247.5506897
v -413.77560425 -523.39489746 -247.5506897
v -411.34747314 -530.90167236 -251.69068909
v -411.80340576 -530.90167236 -261.80340576
v -415.10040283 -519.64215088 -247.5506897
v -416.43713379 -515.89239502 -247.5506897
v -417.95523071 -511.67694092 -247.5506897
v -416.01260376 -515.5647583 -240.42433167
v -417.5196228 -511.25784302 -240.42433167
v -415.58810425 -515.23712158 -233.29797363
v -417.08401489 -510.83877563 -233.29797363
v -415.16357422 -514.9095459 -226.1716156
v -428.26712036 -484.95962524 -247.5506897
v -427.78988647 -486.07946777 -247.5506897
v -427.31243896 -487.21090698 -247.5506897
v -427.05575562 -486.33914185 -240.42433167
v -426.06781006 -488.64871216 -240.42433167
v -425.76394653 -487.80819702 -233.29797363
v -428.90353394 -483.49621582 -247.5506897
v -429.56304932 -482.04290771 -247.5506897
v -430.23379517 -480.61407471 -247.5506897
v -429.45101929 -481.1545105 -240.42433167
v -430.17837524 -479.74099731 -240.42433167
v -429.33898926 -480.26611328 -233.29797363
v -430.12298584 -478.8678894 -233.29797363
v -429.22695923 -479.37771606 -226.1716156
v -430.06756592 -477.99481201 -226.1716156
v -429.1149292 -478.48931885 -219.04525757
v -430.01217651 -477.12173462 -219.04525757
v -429.05892944 -478.04510498 -215.48208618
v -429.98446655 -476.68518066 -215.48208618
v -429.00289917 -477.60092163 -211.91889954
v -429.95675659 -476.24865723 -211.91889954
v -428.94689941 -477.15670776 -208.35572815
v -429.92907715 -475.81210327 -208.35572815
v -428.89086914 -476.7124939 -204.79255676
v -429.90136719 -475.37554932 -204.79255676
v -428.84390259 -476.33999634 -201.80430603
v -429.87814331 -475.00946045 -201.80430603
v -428.79690552 -475.96746826 -198.81607056
v -429.85491943 -474.64334106 -198.81607056
v -428.74993896 -475.59494019 -195.82783508
v -429.83166504 -474.2772522 -195.82783508
v -428.70297241 -475.22241211 -192.83959961
v -429.80844116 -473.91113281 -192.83959961
v -428.65597534 -474.84988403 -189.85136414
v -429.78521729 -473.54504395 -189.85136414
v -428.60900879 -474.47735596 -186.86312866
v -429.76199341 -473.17892456 -186.86312866
v -411.62982178 -517.53869629 -186.86312866
v -411.80072021 -517.64227295 -189.85136414
v -411.97161865 -517.74584961 -192.83959961
v -412.14248657 -517.84942627 -195.82783508
v -412.82199097 -513.10235596 -186.86312866
v -413 -513.23974609 -189.85136414
v -413.17800903 -513.3770752 -192.83959961
v -413.35601807 -513.51446533 -195.82783508
v -414.24560547 -508.10809326 -186.86312866
v -414.42828369 -508.28381348 -189.85136414
v -414.6109314 -508.45953369 -192.83959961
v -414.79360962 -508.63528442 -195.82783508
v -415.76031494 -503.1484375 -186.86312866
v -415.94400024 -503.3611145 -189.85136414
v -416.12765503 -503.57382202 -192.83959961
v -416.31134033 -503.78649902 -195.82783508
v -416.43789673 -501.03860474 -186.86312866
v -416.62072754 -501.26693726 -189.85136414
v -416.80355835 -501.49523926 -192.83959961
v -416.98638916 -501.72354126 -195.82783508
v -423.78381348 -482.33157349 -186.86312866
v -423.91125488 -482.68399048 -189.85136414
v -424.03866577 -483.03643799 -192.83959961
v -424.16610718 -483.3888855 -195.82783508
v -424.29351807 -483.74133301 -198.81607056
v -424.42095947 -484.09375 -201.80430603
v -424.54837036 -484.44619751 -204.79255676
v -424.70031738 -484.86645508 -208.35572815
v -424.8522644 -485.28671265 -211.91889954
v -425.00421143 -485.7069397 -215.48208618
v -425.15615845 -486.12719727 -219.04525757
v -425.46005249 -486.9677124 -226.1716156
v -425.12637329 -479.78710938 -186.86312866
v -425.23403931 -480.15264893 -189.85136414
v -425.3416748 -480.51821899 -192.83959961
v -425.4493103 -480.88375854 -195.82783508
v -425.5569458 -481.2492981 -198.81607056
v -425.6645813 -481.61483765 -201.80430603
v -425.7722168 -481.9803772 -204.79255676
v -425.90057373 -482.41625977 -208.35572815
v -426.02893066 -482.85214233 -211.91889954
v -426.1572876 -483.2880249 -215.48208618
v -426.28564453 -483.72387695 -219.04525757
v -426.54232788 -484.59564209 -226.1716156
v -426.79904175 -485.46737671 -233.29797363
v -425.83480835 -478.55545044 -186.86312866
v -425.93106079 -478.92593384 -189.85136414
v -426.02734375 -479.29641724 -192.83959961
v -426.12359619 -479.66690063 -195.82783508
v -426.21987915 -480.03738403 -198.81607056
v -426.31613159 -480.40786743 -201.80430603
v -426.41241455 -480.77835083 -204.79255676
v -426.52719116 -481.22009277 -208.35572815
v -426.64199829 -481.66186523 -211.91889954
v -426.7567749 -482.10360718 -215.48208618
v -426.87155151 -482.54537964 -219.04525757
v -427.10113525 -483.42889404 -226.1716156
v -427.33071899 -484.31240845 -233.29797363
v -427.56030273 -485.19592285 -240.42433167
v -426.5423584 -477.38479614 -186.86312866
v -426.62728882 -477.75778198 -189.85136414
v -426.71221924 -478.13076782 -192.83959961
v -426.79714966 -478.50375366 -195.82783508
v -426.88208008 -478.87670898 -198.81607056
v -426.96697998 -479.24969482 -201.80430603
v -427.0519104 -479.62268066 -204.79255676
v -427.15319824 -480.06744385 -208.35572815
v -427.25445557 -480.51217651 -211.91889954
v -427.35571289 -480.95690918 -215.48208618
v -427.45700073 -481.40167236 -219.04525757
v -427.65951538 -482.2911377 -226.1716156
v -427.86206055 -483.18063354 -233.29797363
v -428.06460571 -484.07012939 -240.42433167
v -427.51483154 -475.9045105 -186.86312866
v -427.58322144 -476.27832031 -189.85136414
v -427.65161133 -476.65213013 -192.83959961
v -427.7199707 -477.02593994 -195.82783508
v -427.7883606 -477.39978027 -198.81607056
v -427.85671997 -477.77359009 -201.80430603
v -427.92510986 -478.1473999 -204.79255676
v -428.00665283 -478.59313965 -208.35572815
v -428.0881958 -479.03884888 -211.91889954
v -428.16970825 -479.48458862 -215.48208618
v -428.25125122 -479.93032837 -219.04525757
v -428.41430664 -480.82180786 -226.1716156
v -428.57739258 -481.71325684 -233.29797363
v -428.740448 -482.60473633 -240.42433167
v -411.46813965 -522.40557861 -204.79255676
v -412.65518188 -518.16015625 -204.79255676
v -412.85894775 -518.28363037 -208.35572815
v -413.89004517 -513.92663574 -204.79255676
v -414.10229492 -514.0904541 -208.35572815
v -414.31454468 -514.25427246 -211.91889954
v -415.34158325 -509.16247559 -204.79255676
v -415.55938721 -509.37200928 -208.35572815
v -415.77719116 -509.58154297 -211.91889954
v -415.99499512 -509.79107666 -215.48208618
v -416.86239624 -504.42459106 -204.79255676
v -417.0814209 -504.67822266 -208.35572815
v -417.30044556 -504.93185425 -211.91889954
v -417.51947021 -505.18545532 -215.48208618
v -417.73849487 -505.43908691 -219.04525757
v -417.53491211 -502.40847778 -204.79255676
v -417.75289917 -502.6807251 -208.35572815
v -417.97091675 -502.95294189 -211.91889954
v -418.18893433 -503.22518921 -215.48208618
v -418.4069519 -503.49743652 -219.04525757
v -418.84295654 -504.04190063 -226.1716156
v -418.66268921 -499.13546753 -204.79255676
v -418.87683105 -499.43786621 -208.35572815
v -419.0909729 -499.74023438 -211.91889954
v -419.30511475 -500.04263306 -215.48208618
v -419.51928711 -500.34500122 -219.04525757
v -419.9475708 -500.94979858 -226.1716156
v -420.37585449 -501.55456543 -233.29797363
v -419.83258057 -495.89135742 -204.79255676
v -420.04022217 -496.22210693 -208.35572815
v -420.24786377 -496.55282593 -211.91889954
v -420.45553589 -496.88354492 -215.48208618
v -420.66317749 -497.21429443 -219.04525757
v -421.07846069 -497.87573242 -226.1716156
v -421.4937439 -498.53720093 -233.29797363
v -421.90905762 -499.19866943 -240.42433167
v -421.06121826 -492.64825439 -204.79255676
v -421.25869751 -493.00726318 -208.35572815
v -421.45617676 -493.36627197 -211.91889954
v -421.65365601 -493.72528076 -215.48208618
v -421.85113525 -494.08428955 -219.04525757
v -422.24609375 -494.80230713 -226.1716156
v -422.64102173 -495.52032471 -233.29797363
v -423.03598022 -496.2383728 -240.42433167
v -412.62188721 -522.90026855 -226.1716156
v -413.00643921 -523.06512451 -233.29797363
v -413.39102173 -523.2300415 -240.42433167
v -413.8777771 -518.90112305 -226.1716156
v -414.28530884 -519.14813232 -233.29797363
v -414.69284058 -519.3951416 -240.42433167
v -419.0526123 -506.96081543 -240.42433167
v -419.49066162 -507.4680481 -247.5506897
v -420.15103149 -505.67532349 -247.5506897
v -426.3717041 -489.48919678 -247.5506897
v -410.22186279 -537.97131348 -189.85145569
v -410.06515503 -538.02655029 -186.86323547
v -409.90841675 -538.08184814 -183.87503052
v -411.68756104 -545.25506592 -183.87503052
v -411.86010742 -545.14477539 -186.86323547
v -412.03265381 -545.03448486 -189.85145569
v -412.77404785 -548.53222656 -186.86323547
v -412.95187378 -548.39611816 -189.85145569
v -413.72888184 -551.91943359 -186.86323547
v -413.91036987 -551.75756836 -189.85145569
v -414.72747803 -555.3114624 -186.86323547
v -414.91088867 -555.12353516 -189.85145569
v -415.76651001 -558.67401123 -186.86323547
v -415.95022583 -558.46124268 -189.85145569
v -418.17980957 -565.12561035 -189.85145569
v -418.00177002 -565.38751221 -186.86323547
v -419.212677 -568.72625732 -186.86323547
v -419.04119873 -569.01208496 -183.87503052
v -420.32504272 -572.32965088 -183.87503052
v -412.59622192 -548.66833496 -183.87503052
v -413.54736328 -552.08135986 -183.87503052
v -414.54406738 -555.49938965 -183.87503052
v -415.58279419 -558.88671875 -183.87503052
v -417.82373047 -565.6494751 -183.87503052
v -421.62454224 -575.44335938 -183.87503052
v -420.48742676 -572.02172852 -186.86323547
v -421.77502441 -575.11523438 -186.86323547
v -420.64981079 -571.71374512 -189.85145569
v -421.92550659 -574.78717041 -189.85145569
v -420.81219482 -571.40582275 -192.8396759
v -422.07595825 -574.45910645 -192.8396759
v -421.13696289 -570.78985596 -198.81611633
v -422.37692261 -573.80297852 -198.81611633
v -421.46176147 -570.1739502 -204.79255676
v -422.67788696 -573.14678955 -204.79255676
v -422.23629761 -568.70513916 -219.04525757
v -423.39559937 -571.58197021 -219.04525757
v -423.01080322 -567.23626709 -233.29797363
v -424.11331177 -570.01715088 -233.29797363
v -426.12713623 -568.40167236 -261.80340576
v -425.24786377 -572.77606201 -233.29797363
v -425.8258667 -574.13928223 -233.29797363
v -425.2227478 -575.82342529 -219.04525757
v -425.87710571 -577.23181152 -219.04525757
v -425.32730103 -578.95397949 -204.79255676
v -426.06640625 -580.38269043 -204.79255676
v -425.86151123 -581.11889648 -198.81611633
v -426.63354492 -582.50091553 -198.81611633
v -426.45495605 -583.24542236 -192.8396759
v -427.44274902 -584.8404541 -192.8396759
v -427.37042236 -585.21417236 -189.85145569
v -428.49945068 -586.76190186 -189.85145569
v -428.44921875 -587.13500977 -186.86323547
v -429.67990112 -588.53839111 -186.86323547
v -429.65496826 -588.90515137 -183.87503052
v -423.0116272 -578.49694824 -183.87503052
v -423.73446655 -579.97930908 -183.87503052
v -424.52038574 -581.48138428 -183.87503052
v -425.34924316 -582.95941162 -183.87503052
v -426.18713379 -584.36218262 -183.87503052
v -427.22576904 -585.96154785 -183.87503052
v -426.27639771 -583.9899292 -186.86323547
v -427.2980957 -585.58789062 -186.86323547
v -426.36569214 -583.61767578 -189.85145569
v -428.39901733 -587.50811768 -183.87503052
v -429.70483398 -588.17156982 -189.85145569
v -428.5496521 -586.38879395 -192.8396759
v -427.58740234 -584.09307861 -198.81611633
v -426.81210327 -581.75640869 -204.79255676
v -426.55505371 -578.62701416 -219.04525757
v -426.4269104 -575.50970459 -233.29797363
v -429.72976685 -587.80480957 -192.8396759
v -429.77963257 -587.07122803 -198.81611633
v -429.82949829 -586.33764648 -204.79255676
v -429.94839478 -584.5881958 -219.04525757
v -428.99002075 -583.11676025 -219.04525757
v -429.22955322 -581.33721924 -233.29797363
v -428.42202759 -579.78094482 -233.29797363
v -427.66375732 -578.2053833 -233.29797363
v -427.04370117 -576.87127686 -233.29797363
v -430.06732178 -582.83874512 -233.29797363
v -421.35253906 -555.90167236 -261.80340576
v -421.87744141 -564.28503418 -233.29797363
v -421.05953979 -565.64819336 -219.04525757
v -420.24160767 -567.01141357 -204.79255676
v -419.89862061 -567.58300781 -198.81611633
v -419.55566406 -568.15466309 -192.8396759
v -419.38418579 -568.44042969 -189.85145569
v -414.5413208 -543.4309082 -233.29797363
v -415.53744507 -546.41717529 -233.29797363
v -416.5491333 -549.40338135 -233.29797363
v -415.68347168 -550.17565918 -219.04525757
v -416.70266724 -553.28765869 -219.04525757
v -415.82791138 -554.18395996 -204.79255676
v -416.8687439 -557.39752197 -204.79255676
v -416.50134277 -557.82299805 -198.81611633
v -418.71392822 -564.33978271 -198.81611633
v -418.35784912 -564.86364746 -192.8396759
v -412.50039673 -537.16760254 -233.29797363
v -411.75289917 -537.43121338 -219.04525757
v -413.71835327 -543.95697021 -219.04525757
v -412.89535522 -544.48303223 -204.79255676
v -413.84103394 -547.71557617 -204.79255676
v -413.48538208 -547.98779297 -198.81611633
v -414.45483398 -551.27178955 -198.81611633
v -414.09185791 -551.59564209 -192.8396759
v -415.0942688 -554.93560791 -192.8396759
v -411.00543213 -537.69488525 -204.79255676
v -410.6920166 -537.80548096 -198.81611633
v -410.37857056 -537.91601562 -192.8396759
v -412.2052002 -544.92419434 -192.8396759
v -425.45169067 -582.59130859 -186.86323547
v -425.55413818 -582.22320557 -189.85145569
v -425.65661621 -581.85510254 -192.8396759
v -424.63565063 -581.12030029 -186.86323547
v -424.75091553 -580.75927734 -189.85145569
v -424.86618042 -580.39819336 -192.8396759
v -425.09674072 -579.67608643 -198.81611633
v -423.8609314 -579.6262207 -186.86323547
v -423.98736572 -579.27307129 -189.85145569
v -424.11383057 -578.91998291 -192.8396759
v -424.36672974 -578.21380615 -198.81611633
v -424.61962891 -577.50756836 -204.79255676
v -423.14685059 -578.15106201 -186.86323547
v -423.28204346 -577.80517578 -189.85145569
v -423.41726685 -577.45928955 -192.8396759
v -423.68768311 -576.76745605 -198.81611633
v -423.95809937 -576.07568359 -204.79255676
v -424.60299683 -574.42590332 -219.04525757
v -428.65008545 -585.64257812 -198.81611633
v -427.73205566 -583.34570312 -204.79255676
v -427.23791504 -579.980896 -219.04525757
v -416.13391113 -558.24853516 -192.8396759
v -415.46109009 -554.55981445 -198.81611633
v -414.81781006 -550.94793701 -204.79255676
v -414.6892395 -547.06634521 -219.04525757
v -413.12969971 -548.26000977 -192.8396759
v -412.55029297 -544.70361328 -198.81611633
v -428.7505188 -584.8963623 -204.79255676
v -428.07705688 -581.56335449 -219.04525757
v -419.07000732 -563.81591797 -204.79255676
v -419.91918945 -562.56658936 -219.04525757
v -420.76837158 -561.31726074 -233.29797363
v -417.7449646 -556.3828125 -219.04525757
v -417.57745361 -552.39135742 -233.29797363
v -418.62115479 -555.36810303 -233.29797363
v -430.90170288 -530.90167236 -685.40991211
v -426.12713623 -518.40167236 -473.60665894
v -426.12713623 -543.40167236 -473.60665894
v -435.67626953 -543.40167236 -473.60665894
v -435.67626953 -518.40167236 -473.60665894
vn 0.99389 0.06798 0.08695
vn 0.99389 -0.06798 0.08695
vn 0.97538 -0.20269 0.08695
vn 0.93869 -0.33361 0.08695
vn 0.88452 -0.45832 0.08695
vn 0.81388 -0.5745 0.08695
vn 0.72807 -0.67997 0.08695
vn 0.6287 -0.77277 0.08695
vn 0.51762 -0.85118 0.08695
vn 0.39689 -0.91374 0.08695
vn 0.26877 -0.95927 0.08695
vn 0.13565 -0.98693 0.08695
vn 0 -0.99621 0.08695
vn -0.13565 -0.98693 0.08695
vn -0.26877 -0.95927 0.08695
vn -0.39689 -0.91374 0.08695
vn -0.51762 -0.85118 0.08695
vn -0.6287 -0.77277 0.08695
vn -0.72807 -0.67997 0.08695
vn -0.81388 -0.5745 0.08695
vn -0.88452 -0.45832 0.08695
vn -0.93869 -0.33361 0.08695
vn -0.97538 -0.20269 0.08695
vn -0.99389 -0.06798 0.08695
vn -0.99389 0.06798 0.08695
vn -0.97538 0.20269 0.08695
vn -0.93869 0.33361 0.08695
vn -0.88452 0.45832 0.08695
vn -0.81388 0.5745 0.08695
vn -0.72807 0.67997 0.08695
vn -0.6287 0.77277 0.08695
vn -0.51762 0.85118 0.08695
vn -0.39689 0.91374 0.08695
vn -0.26877 0.95927 0.08695
vn -0.13565 0.98693 0.08695
vn -0 0.99621 0.08695
vn 0.13565 0.98693 0.08695
vn 0.26877 0.95927 0.08695
vn 0.39689 0.91374 0.08695
vn 0.51762 0.85118 0.08695
vn 0.6287 0.77277 0.08695
vn 0.72807 0.67997 0.08695
vn 0.81388 0.5745 0.08695
vn 0.88452 0.45832 0.08695
vn 0.93869 0.33361 0.08695
vn 0.97538 0.20269 0.08695
vn 0.08472 -0.00702 0.99638
vn 0.08715 -0.00596 0.99618
vn 0.08715 0.00596 0.99618
vn 0.25878 0.0177 0.96577
vn 0.42244 0.0289 0.90593
vn 0.57314 0.0392 0.81852
vn 0.70628 0.04831 0.70628
vn 0.81787 0.05594 0.57268
vn 0.90457 0.06187 0.42181
vn 0.96382 0.06593 0.25826
vn 0.08737 -0.01816 0.99601
vn 0.0811 -0.02054 0.99649
vn 0.08494 -0.03019 0.99593
vn 0.07628 -0.03346 0.99652
vn 0.07992 -0.04141 0.99594
vn 0.07024 -0.04589 0.99647
vn 0.07259 -0.05124 0.99604
vn 0.06292 -0.05792 0.99634
vn 0.0634 -0.05921 0.99623
vn 0.05548 -0.0682 0.99613
vn 0.16369 -0.20121 0.96577
vn 0.13477 -0.22162 0.96577
vn 0.22001 -0.36179 0.90593
vn 0.16869 -0.38837 0.90593
vn 0.22887 -0.52691 0.81852
vn 0.15499 -0.55317 0.81852
vn 0.191 -0.68168 0.70628
vn 0.0964 -0.70134 0.70628
vn 0.11163 -0.81214 0.57268
vn 0 -0.81978 0.57268
vn 0 -0.90668 0.42181
vn -0.12346 -0.89824 0.42181
vn -0.13155 -0.95708 0.25826
vn -0.26064 -0.93025 0.25826
vn 0.05195 -0.06674 0.99642
vn 0.04653 -0.07652 0.99598
vn 0.10334 -0.23791 0.96577
vn 0.11424 -0.40773 0.90593
vn 0.07822 -0.56912 0.81852
vn 0 -0.70793 0.70628
vn -0.11163 -0.81214 0.57268
vn -0.24462 -0.87306 0.42181
vn -0.38489 -0.8861 0.25826
vn 0.03973 -0.07342 0.99651
vn 0.03594 -0.08274 0.99592
vn 0.06998 -0.24976 0.96577
vn 0.05766 -0.41949 0.90593
vn 0 -0.57447 0.81852
vn -0.0964 -0.70134 0.70628
vn -0.22117 -0.78938 0.57268
vn -0.36122 -0.83162 0.42181
vn -0.50196 -0.82543 0.25826
vn 0.02707 -0.07884 0.99652
vn 0.02423 -0.08649 0.99596
vn 0.03532 -0.25697 0.96577
vn 0 -0.42343 0.90593
vn -0.07822 -0.56912 0.81852
vn -0.191 -0.68168 0.70628
vn -0.3266 -0.75191 0.57268
vn -0.4711 -0.77469 0.42181
vn -0.60968 -0.7494 0.25826
vn 0.01386 -0.08306 0.99645
vn 0.01204 -0.08759 0.99608
vn 0 -0.25938 0.96577
vn -0.05766 -0.41949 0.90593
vn -0.15499 -0.55317 0.81852
vn -0.28204 -0.64932 0.70628
vn -0.42594 -0.70044 0.57268
vn -0.5722 -0.70333 0.42181
vn -0.70604 -0.6594 0.25826
vn 0 -0.08609 0.99629
vn -0.03532 -0.25697 0.96577
vn -0.11424 -0.40773 0.90593
vn -0.22887 -0.52691 0.81852
vn -0.36783 -0.60487 0.70628
vn -0.51735 -0.63591 0.57268
vn -0.66264 -0.61886 0.42181
vn -0.78926 -0.55712 0.25826
vn -0.01204 -0.08759 0.99608
vn -0.01386 -0.08306 0.99645
vn -0.02423 -0.08649 0.99596
vn -0.02707 -0.07884 0.99652
vn -0.03594 -0.08274 0.99592
vn -0.03973 -0.07342 0.99651
vn -0.04653 -0.07652 0.99598
vn -0.05195 -0.06674 0.99642
vn -0.05548 -0.0682 0.99613
vn -0.0634 -0.05921 0.99623
vn -0.18957 -0.17704 0.96577
vn -0.21191 -0.14958 0.96577
vn -0.34593 -0.24418 0.90593
vn -0.37596 -0.1948 0.90593
vn -0.51007 -0.2643 0.81852
vn -0.54131 -0.19238 0.81852
vn -0.66706 -0.23707 0.70628
vn -0.69312 -0.14403 0.70628
vn -0.80263 -0.16679 0.57268
vn -0.81787 -0.05594 0.57268
vn -0.90457 -0.06187 0.42181
vn -0.90457 0.06187 0.42181
vn -0.96382 0.06593 0.25826
vn -0.94587 0.19655 0.25826
vn -0.06292 -0.05792 0.99634
vn -0.07259 -0.05124 0.99604
vn -0.2303 -0.11933 0.96577
vn -0.39898 -0.1418 0.90593
vn -0.56246 -0.11688 0.81852
vn -0.70628 -0.04831 0.70628
vn -0.81787 0.05594 0.57268
vn -0.88772 0.18447 0.42181
vn -0.9103 0.32352 0.25826
vn -0.07024 -0.04589 0.99647
vn -0.07992 -0.04141 0.99594
vn -0.24441 -0.08686 0.96577
vn -0.41457 -0.08615 0.90593
vn -0.57314 -0.0392 0.81852
vn -0.70628 0.04831 0.70628
vn -0.80263 0.16679 0.57268
vn -0.85433 0.30363 0.42181
vn -0.85777 0.44446 0.25826
vn -0.07628 -0.03346 0.99652
vn -0.08494 -0.03019 0.99593
vn -0.25396 -0.05277 0.96577
vn -0.42244 -0.0289 0.90593
vn -0.57314 0.0392 0.81852
vn -0.69312 0.14403 0.70628
vn -0.77245 0.27453 0.57268
vn -0.80503 0.41713 0.42181
vn -0.78926 0.55712 0.25826
vn -0.0811 -0.02054 0.99649
vn -0.08737 -0.01816 0.99601
vn -0.25878 -0.0177 0.96577
vn -0.42244 0.0289 0.90593
vn -0.56246 0.11688 0.81852
vn -0.66706 0.23707 0.70628
vn -0.72787 0.37715 0.57268
vn -0.74073 0.52287 0.42181
vn -0.70604 0.6594 0.25826
vn -0.08472 -0.00702 0.99638
vn -0.08715 -0.00596 0.99618
vn -0.25878 0.0177 0.96577
vn -0.41457 0.08615 0.90593
vn -0.54131 0.19238 0.81852
vn -0.62856 0.32569 0.70628
vn -0.66974 0.47275 0.57268
vn -0.66264 0.61886 0.42181
vn -0.60968 0.7494 0.25826
vn -0.08715 0.00596 0.99618
vn -0.08472 0.00702 0.99638
vn -0.08737 0.01816 0.99601
vn -0.0811 0.02054 0.99649
vn -0.08494 0.03019 0.99593
vn -0.07628 0.03346 0.99652
vn -0.07992 0.04141 0.99594
vn -0.07024 0.04589 0.99647
vn -0.07259 0.05124 0.99604
vn -0.06292 0.05792 0.99634
vn -0.0634 0.05921 0.99623
vn -0.05548 0.0682 0.99613
vn -0.16369 0.20121 0.96577
vn -0.13477 0.22162 0.96577
vn -0.22001 0.36179 0.90593
vn -0.16869 0.38837 0.90593
vn -0.22887 0.52691 0.81852
vn -0.15499 0.55317 0.81852
vn -0.191 0.68168 0.70628
vn -0.0964 0.70134 0.70628
vn -0.11163 0.81214 0.57268
vn -0 0.81978 0.57268
vn -0 0.90668 0.42181
vn 0.12346 0.89824 0.42181
vn 0.13155 0.95708 0.25826
vn 0.26064 0.93025 0.25826
vn -0.05195 0.06674 0.99642
vn -0.04653 0.07652 0.99598
vn -0.10334 0.23791 0.96577
vn -0.11424 0.40773 0.90593
vn -0.07822 0.56912 0.81852
vn -0 0.70793 0.70628
vn 0.11163 0.81214 0.57268
vn 0.24462 0.87306 0.42181
vn 0.38489 0.8861 0.25826
vn -0.03973 0.07342 0.99651
vn -0.03594 0.08274 0.99592
vn -0.06998 0.24976 0.96577
vn -0.05766 0.41949 0.90593
vn -0 0.57447 0.81852
vn 0.0964 0.70134 0.70628
vn 0.22117 0.78938 0.57268
vn 0.36122 0.83162 0.42181
vn 0.50196 0.82543 0.25826
vn -0.02707 0.07884 0.99652
vn -0.02423 0.08649 0.99596
vn -0.03532 0.25697 0.96577
vn -0 0.42343 0.90593
vn 0.07822 0.56912 0.81852
vn 0.191 0.68168 0.70628
vn 0.3266 0.75191 0.57268
vn 0.4711 0.77469 0.42181
vn 0.60968 0.7494 0.25826
vn -0.01386 0.08306 0.99645
vn -0.01204 0.08759 0.99608
vn -0 0.25938 0.96577
vn 0.05766 0.41949 0.90593
vn 0.15499 0.55317 0.81852
vn 0.28204 0.64932 0.70628
vn 0.42594 0.70044 0.57268
vn 0.5722 0.70333 0.42181
vn 0.70604 0.6594 0.25826
vn -0 0.08609 0.99629
vn 0.03532 0.25697 0.96577
vn 0.11424 0.40773 0.90593
vn 0.22887 0.52691 0.81852
vn 0.36783 0.60487 0.70628
vn 0.51735 0.63591 0.57268
vn 0.66264 0.61886 0.42181
vn 0.78926 0.55712 0.25826
vn 0.01204 0.08759 0.99608
vn 0.01386 0.08306 0.99645
vn 0.02423 0.08649 0.99596
vn 0.02707 0.07884 0.99652
vn 0.03594 0.08274 0.99592
vn 0.03973 0.07342 0.99651
vn 0.04653 0.07652 0.99598
vn 0.05195 0.06674 0.99642
vn 0.05548 0.0682 0.99613
vn 0.0634 0.05921 0.99623
vn 0.18957 0.17704 0.96577
vn 0.21191 0.14958 0.96577
vn 0.34593 0.24418 0.90593
vn 0.37596 0.1948 0.90593
vn 0.51007 0.2643 0.81852
vn 0.54131 0.19238 0.81852
vn 0.66706 0.23707 0.70628
vn 0.69312 0.14403 0.70628
vn 0.80263 0.16679 0.57268
vn 0.06292 0.05792 0.99634
vn 0.07259 0.05124 0.99604
vn 0.2303 0.11933 0.96577
vn 0.39898 0.1418 0.90593
vn 0.56246 0.11688 0.81852
vn 0.07024 0.04589 0.99647
vn 0.07992 0.04141 0.99594
vn 0.24441 0.08686 0.96577
vn 0.41457 0.08615 0.90593
vn 0.07628 0.03346 0.99652
vn 0.08494 0.03019 0.99593
vn 0.25396 0.05277 0.96577
vn 0.0811 0.02054 0.99649
vn 0.08737 0.01816 0.99601
vn 0.08472 0.00702 0.99638
vn -0.96382 -0.06593 0.25826
vn -0.88772 -0.18447 0.42181
vn -0.77245 -0.27453 0.57268
vn -0.62856 -0.32569 0.70628
vn -0.46933 -0.33129 0.81852
vn -0.30946 -0.28901 0.90593
vn -0.16369 -0.20121 0.96577
vn 0.94587 0.19655 0.25826
vn 0.9103 0.32352 0.25826
vn 0.85777 0.44446 0.25826
vn 0.88772 0.18447 0.42181
vn 0.85433 0.30363 0.42181
vn 0.80503 0.41713 0.42181
vn 0.74073 0.52287 0.42181
vn 0.25878 -0.0177 0.96577
vn 0.25396 -0.05277 0.96577
vn 0.24441 -0.08686 0.96577
vn 0.2303 -0.11933 0.96577
vn 0.21191 -0.14958 0.96577
vn 0.18957 -0.17704 0.96577
vn 0.42244 -0.0289 0.90593
vn 0.41457 -0.08615 0.90593
vn 0.39898 -0.1418 0.90593
vn 0.37596 -0.1948 0.90593
vn 0.34593 -0.24418 0.90593
vn 0.30946 -0.28901 0.90593
vn 0.26722 -0.32846 0.90593
vn 0.57314 -0.0392 0.81852
vn 0.56246 -0.11688 0.81852
vn 0.54131 -0.19238 0.81852
vn 0.51007 -0.2643 0.81852
vn 0.46933 -0.33129 0.81852
vn 0.41985 -0.39211 0.81852
vn 0.36254 -0.44563 0.81852
vn 0.29849 -0.49084 0.81852
vn 0.70628 -0.04831 0.70628
vn 0.69312 -0.14403 0.70628
vn 0.66706 -0.23707 0.70628
vn 0.62856 -0.32569 0.70628
vn 0.57836 -0.40825 0.70628
vn 0.51738 -0.4832 0.70628
vn 0.44677 -0.54915 0.70628
vn 0.36783 -0.60487 0.70628
vn 0.28204 -0.64932 0.70628
vn 0.81787 -0.05594 0.57268
vn 0.80263 -0.16679 0.57268
vn 0.77245 -0.27453 0.57268
vn 0.72787 -0.37715 0.57268
vn 0.66974 -0.47275 0.57268
vn 0.59912 -0.55954 0.57268
vn 0.51735 -0.63591 0.57268
vn 0.42594 -0.70044 0.57268
vn 0.3266 -0.75191 0.57268
vn 0.22117 -0.78938 0.57268
vn 0.96382 -0.06593 0.25826
vn 0.90457 -0.06187 0.42181
vn 0.88772 -0.18447 0.42181
vn 0.85433 -0.30363 0.42181
vn 0.80503 -0.41713 0.42181
vn 0.74073 -0.52287 0.42181
vn 0.66264 -0.61886 0.42181
vn 0.5722 -0.70333 0.42181
vn 0.4711 -0.77469 0.42181
vn 0.36122 -0.83162 0.42181
vn 0.24462 -0.87306 0.42181
vn 0.12346 -0.89824 0.42181
vn 0.77245 0.27453 0.57268
vn 0.62856 0.32569 0.70628
vn 0.46933 0.33129 0.81852
vn 0.30946 0.28901 0.90593
vn 0.16369 0.20121 0.96577
vn 0.72787 0.37715 0.57268
vn 0.66974 0.47275 0.57268
vn 0.59912 0.55954 0.57268
vn 0.57836 0.40825 0.70628
vn 0.41985 0.39211 0.81852
vn 0.26722 0.32846 0.90593
vn 0.13477 0.22162 0.96577
vn 0.51738 0.4832 0.70628
vn 0.44677 0.54915 0.70628
vn 0.36254 0.44563 0.81852
vn 0.22001 0.36179 0.90593
vn 0.10334 0.23791 0.96577
vn 0.29849 0.49084 0.81852
vn 0.16869 0.38837 0.90593
vn 0.06998 0.24976 0.96577
vn 0 0.96608 0.25826
vn -0.13155 0.95708 0.25826
vn -0.26064 0.93025 0.25826
vn -0.38489 0.8861 0.25826
vn -0.50196 0.82543 0.25826
vn -0.12346 0.89824 0.42181
vn -0.22117 0.78938 0.57268
vn -0.28204 0.64932 0.70628
vn -0.29849 0.49084 0.81852
vn -0.26722 0.32846 0.90593
vn -0.18957 0.17704 0.96577
vn -0.24462 0.87306 0.42181
vn -0.36122 0.83162 0.42181
vn -0.4711 0.77469 0.42181
vn -0.5722 0.70333 0.42181
vn -0.3266 0.75191 0.57268
vn -0.36783 0.60487 0.70628
vn -0.36254 0.44563 0.81852
vn -0.30946 0.28901 0.90593
vn -0.21191 0.14958 0.96577
vn -0.42594 0.70044 0.57268
vn -0.51735 0.63591 0.57268
vn -0.59912 0.55954 0.57268
vn -0.44677 0.54915 0.70628
vn -0.41985 0.39211 0.81852
vn -0.34593 0.24418 0.90593
vn -0.2303 0.11933 0.96577
vn -0.51738 0.4832 0.70628
vn -0.57836 0.40825 0.70628
vn -0.46933 0.33129 0.81852
vn -0.37596 0.1948 0.90593
vn -0.24441 0.08686 0.96577
vn -0.51007 0.2643 0.81852
vn -0.39898 0.1418 0.90593
vn -0.25396 0.05277 0.96577
vn -0.94587 -0.19655 0.25826
vn -0.9103 -0.32352 0.25826
vn -0.85777 -0.44446 0.25826
vn -0.85433 -0.30363 0.42181
vn -0.72787 -0.37715 0.57268
vn -0.57836 -0.40825 0.70628
vn -0.41985 -0.39211 0.81852
vn -0.26722 -0.32846 0.90593
vn -0.13477 -0.22162 0.96577
vn -0.80503 -0.41713 0.42181
vn -0.74073 -0.52287 0.42181
vn -0.66974 -0.47275 0.57268
vn -0.51738 -0.4832 0.70628
vn -0.36254 -0.44563 0.81852
vn -0.22001 -0.36179 0.90593
vn -0.10334 -0.23791 0.96577
vn -0.59912 -0.55954 0.57268
vn -0.44677 -0.54915 0.70628
vn -0.29849 -0.49084 0.81852
vn -0.16869 -0.38837 0.90593
vn -0.06998 -0.24976 0.96577
vn 0 -0.96608 0.25826
vn 0.13155 -0.95708 0.25826
vn 0.26064 -0.93025 0.25826
vn 0.38489 -0.8861 0.25826
vn 0.50196 -0.82543 0.25826
vn 0.60968 -0.7494 0.25826
vn 0.70604 -0.6594 0.25826
vn 0.78926 -0.55712 0.25826
vn 0.85777 -0.44446 0.25826
vn 0.9103 -0.32352 0.25826
vn 0.94587 -0.19655 0.25826
vn 0.99767 0.06824 -0
vn 0.99767 -0.06824 0
vn 0.97908 -0.20346 0
vn 0.94226 -0.33488 0
vn 0.88789 -0.46007 0
vn 0.81697 -0.57668 0
vn 0.73084 -0.68255 0
vn 0.63109 -0.77571 0
vn 0.51958 -0.85442 0
vn 0.3984 -0.91721 0
vn 0.2698 -0.96292 0
vn 0.13617 -0.99069 0
vn 0 -1 0
vn -0.13617 -0.99069 0
vn -0.2698 -0.96292 0
vn -0.3984 -0.91721 0
vn -0.51958 -0.85442 0
vn -0.63109 -0.77571 0
vn -0.73084 -0.68255 0
vn -0.81697 -0.57668 0
vn -0.88789 -0.46007 0
vn -0.94226 -0.33488 0
vn -0.97908 -0.20346 0
vn -0.99767 -0.06824 0
vn -0.99767 0.06824 0
vn -0.97908 0.20346 0
vn -0.94226 0.33488 0
vn -0.88789 0.46007 0
vn -0.81697 0.57668 0
vn -0.73084 0.68255 0
vn -0.63109 0.77571 0
vn -0.51958 0.85442 0
vn -0.3984 0.91721 0
vn -0.2698 0.96292 0
vn -0.13617 0.99069 0
vn 0 1 0
vn 0.13617 0.99069 -0
vn 0.2698 0.96292 -0
vn 0.3984 0.91721 -0
vn 0.51958 0.85442 -0
vn 0.63109 0.77571 -0
vn 0.73084 0.68255 -0
vn 0.81697 0.57668 -0
vn 0.88789 0.46007 -0
vn 0.94226 0.33488 -0
vn 0.97908 0.20346 -0
vn 0 0 1
vn 0.99287 -0.06791 0.09792
vn 0.99592 -0.04473 0.07838
vn 0.99592 0.04473 0.07838
vn 0.97144 0.04363 0.23322
vn 0.92309 0.04146 0.38235
vn 0.85202 0.03826 0.52212
vn 0.75996 0.03413 0.64907
vn 0.64917 0.02915 0.76008
vn 0.52235 0.02346 0.85241
vn 0.38263 0.01718 0.92374
vn 0.23343 0.01048 0.97232
vn 0.07798 0.0035 0.99695
vn 0.09424 0.01834 0.99538
vn 0.98859 -0.13391 0.06903
vn 0.97446 -0.2025 0.09707
vn 0.9718 -0.22181 0.08008
vn 0.94825 -0.3081 0.07682
vn 0.92483 -0.3005 0.23322
vn 0.89417 -0.38219 0.23322
vn 0.84966 -0.36316 0.38235
vn 0.81368 -0.43786 0.38235
vn 0.75104 -0.40415 0.52212
vn 0.71179 -0.46985 0.52212
vn 0.63488 -0.41908 0.64907
vn 0.59476 -0.47431 0.64907
vn 0.50805 -0.40516 0.76008
vn 0.46969 -0.44907 0.76008
vn 0.37794 -0.36134 0.85241
vn 0.34402 -0.39377 0.85241
vn 0.252 -0.28844 0.92374
vn 0.22513 -0.30986 0.92374
vn 0.13735 -0.18904 0.97232
vn 0.11985 -0.20059 0.97232
vn 0.03979 -0.0666 0.99699
vn 0.03579 -0.07119 0.99682
vn 0.03386 -0.07031 0.99695
vn 0.02804 -0.07398 0.99687
vn 0.02767 -0.07372 0.99689
vn 0.02084 -0.07552 0.99693
vn 0.06216 -0.22525 0.97232
vn 0.1019 -0.36921 0.92374
vn 0.13911 -0.50404 0.85241
vn 0.17288 -0.62641 0.76008
vn 0.20238 -0.73331 0.64907
vn 0.2269 -0.82214 0.52212
vn 0.24582 -0.89072 0.38235
vn 0.2587 -0.93738 0.23322
vn 0.265 -0.9602 0.08827
vn 0.17809 -0.98138 0.07201
vn 0.13548 -0.98572 0.10005
vn 0.08941 -0.99345 0.07116
vn 0 -0.99588 0.09067
vn -0.08941 -0.99345 0.07116
vn -0.08717 -0.96851 0.23322
vn -0.17363 -0.9568 0.23322
vn -0.16499 -0.90917 0.38235
vn -0.24582 -0.89072 0.38235
vn -0.2269 -0.82214 0.52212
vn -0.29968 -0.79849 0.52212
vn -0.2673 -0.71222 0.64907
vn -0.33007 -0.68539 0.64907
vn -0.28195 -0.58547 0.76008
vn -0.3333 -0.55784 0.76008
vn -0.26819 -0.44887 0.85241
vn -0.30734 -0.42302 0.85241
vn -0.22513 -0.30986 0.92374
vn -0.252 -0.28844 0.92374
vn -0.15374 -0.17597 0.97232
vn -0.16889 -0.16148 0.97232
vn -0.05606 -0.0536 0.99699
vn -0.06142 -0.05078 0.99682
vn -0.061 -0.04864 0.99695
vn -0.06588 -0.04386 0.99686
vn -0.06569 -0.04336 0.9969
vn -0.06902 -0.03714 0.99692
vn -0.20577 -0.11073 0.97232
vn -0.33728 -0.1815 0.92374
vn -0.46045 -0.24778 0.85241
vn -0.57223 -0.30793 0.76008
vn -0.66989 -0.36049 0.64907
vn -0.75104 -0.40415 0.52212
vn -0.81368 -0.43786 0.38235
vn -0.85631 -0.4608 0.23322
vn -0.87603 -0.47141 0.10165
vn -0.91733 -0.39208 0.06917
vn -0.93767 -0.33325 0.09863
vn -0.94825 -0.3081 0.07682
vn -0.97589 -0.20279 0.0807
vn -0.96957 -0.2213 0.10474
vn -0.98859 -0.13391 0.06903
vn -0.96362 -0.13053 0.23322
vn -0.97144 -0.04363 0.23322
vn -0.92309 -0.04146 0.38235
vn -0.92309 0.04146 0.38235
vn -0.85202 0.03826 0.52212
vn -0.84516 0.11448 0.52212
vn -0.75384 0.10212 0.64907
vn -0.74166 0.16928 0.64907
vn -0.63353 0.1446 0.76008
vn -0.61802 0.20081 0.76008
vn -0.49729 0.16158 0.85241
vn -0.4808 0.20551 0.85241
vn -0.35219 0.15053 0.92374
vn -0.33728 0.1815 0.92374
vn -0.20577 0.11073 0.97232
vn -0.19501 0.12873 0.97232
vn -0.06569 0.04336 0.9969
vn -0.06588 0.04386 0.99686
vn -0.061 0.04864 0.99695
vn -0.06142 0.05078 0.99682
vn -0.05606 0.0536 0.99699
vn -0.05608 0.0571 0.99679
vn -0.05089 0.05824 0.997
vn -0.04995 0.06267 0.99678
vn -0.04546 0.06257 0.997
vn -0.04314 0.0674 0.99679
vn -0.03979 0.0666 0.99699
vn -0.03579 0.07119 0.99682
vn -0.03386 0.07031 0.99695
vn -0.02804 0.07398 0.99687
vn -0.02767 0.07372 0.99689
vn -0.02084 0.07552 0.99693
vn -0.06216 0.22525 0.97232
vn -0.1019 0.36921 0.92374
vn -0.13911 0.50404 0.85241
vn -0.17288 0.62641 0.76008
vn -0.20238 0.73331 0.64907
vn -0.2269 0.82214 0.52212
vn -0.24582 0.89072 0.38235
vn -0.2587 0.93738 0.23322
vn -0.265 0.9602 0.08827
vn -0.17809 0.98138 0.07201
vn -0.13548 0.98572 0.10005
vn -0.08941 0.99345 0.07116
vn 0 0.99588 0.09067
vn 0.08941 0.99345 0.07116
vn 0.08717 0.96851 0.23322
vn 0.17363 0.9568 0.23322
vn 0.16499 0.90917 0.38235
vn 0.24582 0.89072 0.38235
vn 0.2269 0.82214 0.52212
vn 0.29968 0.79849 0.52212
vn 0.2673 0.71222 0.64907
vn 0.33007 0.68539 0.64907
vn 0.28195 0.58547 0.76008
vn 0.3333 0.55784 0.76008
vn 0.26819 0.44887 0.85241
vn 0.30734 0.42302 0.85241
vn 0.22513 0.30986 0.92374
vn 0.252 0.28844 0.92374
vn 0.15374 0.17597 0.97232
vn 0.16889 0.16148 0.97232
vn 0.05606 0.0536 0.99699
vn 0.06142 0.05078 0.99682
vn 0.061 0.04864 0.99695
vn 0.06588 0.04386 0.99686
vn 0.06569 0.04336 0.9969
vn 0.06902 0.03714 0.99692
vn 0.20577 0.11073 0.97232
vn 0.33728 0.1815 0.92374
vn 0.46045 0.24778 0.85241
vn 0.57223 0.30793 0.76008
vn 0.66989 0.36049 0.64907
vn 0.75104 0.40415 0.52212
vn 0.81368 0.43786 0.38235
vn 0.85631 0.4608 0.23322
vn 0.87603 0.47141 0.10165
vn 0.91733 0.39208 0.06917
vn 0.93767 0.33325 0.09863
vn 0.94825 0.3081 0.07682
vn 0.97589 0.20279 0.0807
vn 0.96957 0.2213 0.10474
vn 0.98859 0.13391 0.06903
vn 0.96362 0.13053 0.23322
vn 0.93767 -0.33325 0.09863
vn 0.91733 -0.39208 0.06917
vn 0.85631 -0.4608 0.23322
vn 0.77116 -0.50904 0.38235
vn 0.6668 -0.53176 0.52212
vn 0.54985 -0.52571 0.64907
vn 0.42755 -0.48937 0.76008
vn 0.30734 -0.42302 0.85241
vn 0.19645 -0.3288 0.92374
vn 0.10138 -0.21053 0.97232
vn 0.88378 -0.45794 0.09607
vn 0.87764 -0.47228 0.08192
vn 0.81156 -0.53571 0.23322
vn 0.72242 -0.57611 0.38235
vn 0.61645 -0.58939 0.52212
vn 0.50051 -0.57288 0.64907
vn 0.38196 -0.52572 0.76008
vn 0.26819 -0.44887 0.85241
vn 0.16618 -0.34508 0.92374
vn 0.0821 -0.21877 0.97232
vn 0.8322 -0.54933 0.07541
vn 0.81294 -0.57384 0.0992
vn 0.77994 -0.62198 0.06946
vn 0.72754 -0.67947 0.09493
vn 0.72025 -0.68863 0.08389
vn 0.65613 -0.751 0.07413
vn 0.63979 -0.7323 0.23322
vn 0.57158 -0.78671 0.23322
vn 0.54312 -0.74754 0.38235
vn 0.47393 -0.79322 0.38235
vn 0.43744 -0.73215 0.52212
vn 0.37005 -0.76841 0.52212
vn 0.33007 -0.68539 0.64907
vn 0.2673 -0.71222 0.64907
vn 0.22833 -0.60839 0.76008
vn 0.62795 -0.77185 0.09962
vn 0.58635 -0.80704 0.06988
vn 0.49876 -0.83478 0.23322
vn 0.40092 -0.83251 0.38235
vn 0.29968 -0.79849 0.52212
vn 0.5173 -0.85066 0.09366
vn 0.511 -0.85527 0.08601
vn 0.42192 -0.87612 0.23322
vn 0.32468 -0.8651 0.38235
vn 0.43273 -0.89857 0.073
vn 0.39641 -0.91262 0.0999
vn 0.3505 -0.93391 0.07045
vn 0.26865 -0.95881 0.09223
vn -0.13548 -0.98572 0.10005
vn -0.17809 -0.98138 0.07201
vn -0.2587 -0.93738 0.23322
vn -0.32468 -0.8651 0.38235
vn -0.37005 -0.76841 0.52212
vn -0.39018 -0.65305 0.64907
vn -0.38196 -0.52572 0.76008
vn -0.34402 -0.39377 0.85241
vn -0.27684 -0.26469 0.92374
vn -0.18269 -0.14569 0.97232
vn -0.26873 -0.9591 0.08896
vn -0.26488 -0.95977 0.09321
vn -0.34169 -0.91042 0.23322
vn -0.40092 -0.83251 0.38235
vn -0.43744 -0.73215 0.52212
vn -0.44715 -0.61544 0.64907
vn -0.42755 -0.48937 0.76008
vn -0.37794 -0.36134 0.85241
vn -0.29945 -0.2388 0.92374
vn -0.19501 -0.12873 0.97232
vn -0.3505 -0.93391 0.07045
vn -0.39641 -0.91262 0.0999
vn -0.43273 -0.89857 0.073
vn -0.51761 -0.85117 0.08711
vn -0.51054 -0.85449 0.09588
vn -0.58635 -0.80704 0.06988
vn -0.57158 -0.78671 0.23322
vn -0.63979 -0.7323 0.23322
vn -0.60795 -0.69585 0.38235
vn -0.66787 -0.63855 0.38235
vn -0.61645 -0.58939 0.52212
vn -0.6668 -0.53176 0.52212
vn -0.59476 -0.47431 0.64907
vn -0.63488 -0.41908 0.64907
vn -0.54233 -0.35799 0.76008
vn -0.62795 -0.77185 0.09962
vn -0.65613 -0.751 0.07413
vn -0.70286 -0.67201 0.23322
vn -0.72242 -0.57611 0.38235
vn -0.71179 -0.46985 0.52212
vn -0.72818 -0.68008 0.08512
vn -0.71927 -0.68769 0.0987
vn -0.76027 -0.6063 0.23322
vn -0.77116 -0.50904 0.38235
vn -0.77994 -0.62198 0.06946
vn -0.81294 -0.57384 0.0992
vn -0.8322 -0.54933 0.07541
vn -0.88482 -0.45848 0.08298
vn -0.99287 -0.06791 0.09792
vn -0.99592 -0.04473 0.07838
vn -0.97144 0.04363 0.23322
vn -0.91565 0.12403 0.38235
vn -0.83149 0.18978 0.52212
vn -0.7235 0.23508 0.64907
vn -0.59753 0.2554 0.76008
vn -0.46045 0.24778 0.85241
vn -0.31965 0.211 0.92374
vn -0.18269 0.14569 0.97232
vn -0.99592 0.04473 0.07838
vn -0.99287 0.06791 0.09792
vn -0.98859 0.13391 0.06903
vn -0.97446 0.2025 0.09707
vn -0.9718 0.22181 0.08008
vn -0.94825 0.3081 0.07682
vn -0.92483 0.3005 0.23322
vn -0.89417 0.38219 0.23322
vn -0.84966 0.36316 0.38235
vn -0.81368 0.43786 0.38235
vn -0.75104 0.40415 0.52212
vn -0.71179 0.46985 0.52212
vn -0.63488 0.41908 0.64907
vn -0.59476 0.47431 0.64907
vn -0.50805 0.40516 0.76008
vn -0.46969 0.44907 0.76008
vn -0.37794 0.36134 0.85241
vn -0.34402 0.39377 0.85241
vn -0.252 0.28844 0.92374
vn -0.22513 0.30986 0.92374
vn -0.13735 0.18904 0.97232
vn -0.11985 0.20059 0.97232
vn -0.93767 0.33325 0.09863
vn -0.91733 0.39208 0.06917
vn -0.85631 0.4608 0.23322
vn -0.77116 0.50904 0.38235
vn -0.6668 0.53176 0.52212
vn -0.54985 0.52571 0.64907
vn -0.42755 0.48937 0.76008
vn -0.30734 0.42302 0.85241
vn -0.19645 0.3288 0.92374
vn -0.10138 0.21053 0.97232
vn -0.88378 0.45794 0.09607
vn -0.87764 0.47228 0.08192
vn -0.81156 0.53571 0.23322
vn -0.72242 0.57611 0.38235
vn -0.61645 0.58939 0.52212
vn -0.50051 0.57288 0.64907
vn -0.38196 0.52572 0.76008
vn -0.26819 0.44887 0.85241
vn -0.16618 0.34508 0.92374
vn -0.0821 0.21877 0.97232
vn -0.8322 0.54933 0.07541
vn -0.81294 0.57384 0.0992
vn -0.77994 0.62198 0.06946
vn -0.72754 0.67947 0.09493
vn -0.72025 0.68863 0.08389
vn -0.65613 0.751 0.07413
vn -0.63979 0.7323 0.23322
vn -0.57158 0.78671 0.23322
vn -0.54312 0.74754 0.38235
vn -0.47393 0.79322 0.38235
vn -0.43744 0.73215 0.52212
vn -0.37005 0.76841 0.52212
vn -0.33007 0.68539 0.64907
vn -0.2673 0.71222 0.64907
vn -0.22833 0.60839 0.76008
vn -0.62795 0.77185 0.09962
vn -0.58635 0.80704 0.06988
vn -0.49876 0.83478 0.23322
vn -0.40092 0.83251 0.38235
vn -0.29968 0.79849 0.52212
vn -0.5173 0.85066 0.09366
vn -0.511 0.85527 0.08601
vn -0.42192 0.87612 0.23322
vn -0.32468 0.8651 0.38235
vn -0.43273 0.89857 0.073
vn -0.39641 0.91262 0.0999
vn -0.3505 0.93391 0.07045
vn -0.26865 0.95881 0.09223
vn 0.13548 0.98572 0.10005
vn 0.17809 0.98138 0.07201
vn 0.2587 0.93738 0.23322
vn 0.32468 0.8651 0.38235
vn 0.37005 0.76841 0.52212
vn 0.39018 0.65305 0.64907
vn 0.38196 0.52572 0.76008
vn 0.34402 0.39377 0.85241
vn 0.27684 0.26469 0.92374
vn 0.18269 0.14569 0.97232
vn 0.26873 0.9591 0.08896
vn 0.26488 0.95977 0.09321
vn 0.34169 0.91042 0.23322
vn 0.40092 0.83251 0.38235
vn 0.43744 0.73215 0.52212
vn 0.44715 0.61544 0.64907
vn 0.42755 0.48937 0.76008
vn 0.37794 0.36134 0.85241
vn 0.29945 0.2388 0.92374
vn 0.19501 0.12873 0.97232
vn 0.3505 0.93391 0.07045
vn 0.39641 0.91262 0.0999
vn 0.43273 0.89857 0.073
vn 0.51761 0.85117 0.08711
vn 0.51054 0.85449 0.09588
vn 0.58635 0.80704 0.06988
vn 0.57158 0.78671 0.23322
vn 0.63979 0.7323 0.23322
vn 0.60795 0.69585 0.38235
vn 0.66787 0.63855 0.38235
vn 0.61645 0.58939 0.52212
vn 0.6668 0.53176 0.52212
vn 0.59476 0.47431 0.64907
vn 0.63488 0.41908 0.64907
vn 0.54233 0.35799 0.76008
vn 0.62795 0.77185 0.09962
vn 0.65613 0.751 0.07413
vn 0.70286 0.67201 0.23322
vn 0.72242 0.57611 0.38235
vn 0.71179 0.46985 0.52212
vn 0.72818 0.68008 0.08512
vn 0.71927 0.68769 0.0987
vn 0.76027 0.6063 0.23322
vn 0.77116 0.50904 0.38235
vn 0.77994 0.62198 0.06946
vn 0.81294 0.57384 0.0992
vn 0.8322 0.54933 0.07541
vn 0.88482 0.45848 0.08298
vn 0.99287 0.06791 0.09792
vn 0.09153 -0.02353 0.99552
vn 0.07153 -0.03057 0.99697
vn 0.0703 -0.03694 0.99684
vn 0.06902 -0.03714 0.99692
vn 0.06569 -0.04336 0.9969
vn 0.19501 -0.12873 0.97232
vn 0.31965 -0.211 0.92374
vn 0.43638 -0.28805 0.85241
vn 0.54233 -0.35799 0.76008
vn 0.10228 -0.01989 0.99456
vn 0.0997 -0.02276 0.99476
vn 0.11117 -0.03612 0.99314
vn 0.22223 -0.07221 0.97232
vn 0.36427 -0.11836 0.92374
vn 0.49729 -0.16158 0.85241
vn 0.61802 -0.20081 0.76008
vn 0.7235 -0.23508 0.64907
vn 0.81113 -0.26355 0.52212
vn 0.87879 -0.28554 0.38235
vn 0.09452 -0.0128 0.99544
vn 0.09286 -0.01708 0.99553
vn 0.07798 -0.0035 0.99695
vn 0.07844 -0.00052 0.99692
vn 0.07847 0 0.99692
vn 0.07844 0.00052 0.99692
vn 0.0999 0.02515 0.99468
vn 0.09941 0.02269 0.99479
vn 0.11674 0.01581 0.99304
vn 0.23155 0.03137 0.97232
vn 0.37955 0.05141 0.92374
vn 0.51815 0.07019 0.85241
vn 0.64395 0.08723 0.76008
vn 0.75384 0.10212 0.64907
vn 0.84516 0.11448 0.52212
vn 0.91565 0.12403 0.38235
vn 0.09386 0.0305 0.99512
vn 0.09014 0.02462 0.99562
vn 0.09022 0.02399 0.99563
vn 0.07153 0.03057 0.99697
vn 0.0703 0.03694 0.99684
vn 0.05608 0.0571 0.99679
vn 0.05089 0.05824 0.997
vn 0.13735 0.18904 0.97232
vn 0.19645 0.3288 0.92374
vn 0.22687 0.4711 0.85241
vn 0.22833 0.60839 0.76008
vn 0.20238 0.73331 0.64907
vn 0.15229 0.83917 0.52212
vn 0.08283 0.9203 0.38235
vn 0 0.97242 0.23322
vn 0.04995 0.06267 0.99678
vn 0.04546 0.06257 0.997
vn 0.11985 0.20059 0.97232
vn 0.16618 0.34508 0.92374
vn 0.18373 0.48954 0.85241
vn 0.17288 0.62641 0.76008
vn 0.13583 0.7485 0.64907
vn 0.07645 0.84944 0.52212
vn 0 0.92402 0.38235
vn -0.08717 0.96851 0.23322
vn 0.04314 0.0674 0.99679
vn 0.03979 0.0666 0.99699
vn 0.10138 0.21053 0.97232
vn 0.13458 0.35859 0.92374
vn 0.13911 0.50404 0.85241
vn 0.11603 0.63938 0.76008
vn 0.06819 0.75767 0.64907
vn 0 0.85287 0.52212
vn -0.08283 0.9203 0.38235
vn -0.17363 0.9568 0.23322
vn 0.03579 0.07119 0.99682
vn 0.03386 0.07031 0.99695
vn 0.0821 0.21877 0.97232
vn 0.1019 0.36921 0.92374
vn 0.09336 0.51448 0.85241
vn 0.05825 0.64721 0.76008
vn 0 0.76073 0.64907
vn -0.07645 0.84944 0.52212
vn -0.16499 0.90917 0.38235
vn 0.02804 0.07398 0.99687
vn 0.02767 0.07372 0.99689
vn 0.06216 0.22525 0.97232
vn 0.06839 0.37686 0.92374
vn 0.04687 0.52078 0.85241
vn 0 0.64983 0.76008
vn -0.06819 0.75767 0.64907
vn -0.15229 0.83917 0.52212
vn 0.02084 0.07552 0.99693
vn 0.02033 0.07679 0.99684
vn 0.01389 0.07652 0.99697
vn 0.01236 0.07893 0.9968
vn 0.00694 0.07712 0.997
vn 0.00414 0.08001 0.99679
vn 0 0.07732 0.99701
vn -0.00414 0.08001 0.99679
vn -0.00694 0.07712 0.997
vn -0.01236 0.07893 0.9968
vn -0.01389 0.07652 0.99697
vn -0.02033 0.07679 0.99684
vn -0.06902 0.03714 0.99692
vn -0.0703 0.03694 0.99684
vn -0.07153 0.03057 0.99697
vn -0.09144 0.02356 0.99553
vn -0.09144 0.02507 0.9955
vn -0.09606 0.03121 0.99489
vn -0.10081 0.02549 0.99458
vn -0.09973 0.02276 0.99475
vn -0.10296 0.02115 0.99446
vn -0.09565 0.01296 0.99533
vn -0.09269 0.01692 0.99555
vn -0.07798 0.0035 0.99695
vn -0.07844 0.00052 0.99692
vn -0.07847 0 0.99692
vn -0.07844 -0.00052 0.99692
vn -0.07798 -0.0035 0.99695
vn -0.23343 -0.01048 0.97232
vn -0.23155 -0.03137 0.97232
vn -0.37955 -0.05141 0.92374
vn -0.37341 -0.08523 0.92374
vn -0.50977 -0.11635 0.85241
vn -0.49729 -0.16158 0.85241
vn -0.61802 -0.20081 0.76008
vn -0.59753 -0.2554 0.76008
vn -0.69951 -0.29899 0.64907
vn -0.09275 -0.01698 0.99555
vn -0.09576 -0.01297 0.99532
vn -0.22781 -0.052 0.97232
vn -0.36427 -0.11836 0.92374
vn -0.4808 -0.20551 0.85241
vn -0.10288 -0.02098 0.99447
vn -0.09957 -0.02273 0.99477
vn -0.22223 -0.07221 0.97232
vn -0.35219 -0.15053 0.92374
vn -0.10057 -0.02505 0.99461
vn -0.08925 -0.029 0.99559
vn -0.21486 -0.09184 0.97232
vn -0.08913 -0.02437 0.99572
vn -0.07153 -0.03057 0.99697
vn -0.0703 -0.03694 0.99684
vn -0.05608 -0.0571 0.99679
vn -0.05089 -0.05824 0.997
vn -0.13735 -0.18904 0.97232
vn -0.19645 -0.3288 0.92374
vn -0.22687 -0.4711 0.85241
vn -0.22833 -0.60839 0.76008
vn -0.20238 -0.73331 0.64907
vn -0.15229 -0.83917 0.52212
vn -0.08283 -0.9203 0.38235
vn 0 -0.97242 0.23322
vn -0.04995 -0.06267 0.99678
vn -0.04546 -0.06257 0.997
vn -0.11985 -0.20059 0.97232
vn -0.16618 -0.34508 0.92374
vn -0.18373 -0.48954 0.85241
vn -0.17288 -0.62641 0.76008
vn -0.13583 -0.7485 0.64907
vn -0.07645 -0.84944 0.52212
vn 0 -0.92402 0.38235
vn 0.08717 -0.96851 0.23322
vn -0.04314 -0.0674 0.99679
vn -0.03979 -0.0666 0.99699
vn -0.10138 -0.21053 0.97232
vn -0.13458 -0.35859 0.92374
vn -0.13911 -0.50404 0.85241
vn -0.11603 -0.63938 0.76008
vn -0.06819 -0.75767 0.64907
vn 0 -0.85287 0.52212
vn 0.08283 -0.9203 0.38235
vn 0.17363 -0.9568 0.23322
vn -0.03579 -0.07119 0.99682
vn -0.03386 -0.07031 0.99695
vn -0.0821 -0.21877 0.97232
vn -0.1019 -0.36921 0.92374
vn -0.09336 -0.51448 0.85241
vn -0.05825 -0.64721 0.76008
vn 0 -0.76073 0.64907
vn 0.07645 -0.84944 0.52212
vn 0.16499 -0.90917 0.38235
vn -0.02804 -0.07398 0.99687
vn -0.02767 -0.07372 0.99689
vn -0.06216 -0.22525 0.97232
vn -0.06839 -0.37686 0.92374
vn -0.04687 -0.52078 0.85241
vn 0 -0.64983 0.76008
vn 0.06819 -0.75767 0.64907
vn 0.15229 -0.83917 0.52212
vn -0.02084 -0.07552 0.99693
vn -0.02033 -0.07679 0.99684
vn -0.01389 -0.07652 0.99697
vn -0.01236 -0.07893 0.9968
vn -0.00694 -0.07712 0.997
vn -0.00414 -0.08001 0.99679
vn 0 -0.07732 0.99701
vn 0.00414 -0.08001 0.99679
vn 0.00694 -0.07712 0.997
vn 0.01236 -0.07893 0.9968
vn 0.01389 -0.07652 0.99697
vn 0.02033 -0.07679 0.99684
vn 0.04314 -0.0674 0.99679
vn 0.04546 -0.06257 0.997
vn 0.15374 -0.17597 0.97232
vn 0.27684 -0.26469 0.92374
vn 0.40881 -0.32601 0.85241
vn 0.04995 -0.06267 0.99678
vn 0.05089 -0.05824 0.997
vn 0.16889 -0.16148 0.97232
vn 0.29945 -0.2388 0.92374
vn 0.05608 -0.0571 0.99679
vn 0.05606 -0.0536 0.99699
vn 0.18269 -0.14569 0.97232
vn 0.06142 -0.05078 0.99682
vn 0.061 -0.04864 0.99695
vn 0.06588 -0.04386 0.99686
vn 0.97144 -0.04363 0.23322
vn 0.96362 -0.13053 0.23322
vn 0.94804 -0.21638 0.23322
vn 0.92309 -0.04146 0.38235
vn 0.91565 -0.12403 0.38235
vn 0.90085 -0.20561 0.38235
vn 0.85202 -0.03826 0.52212
vn 0.84516 -0.11448 0.52212
vn 0.83149 -0.18978 0.52212
vn 0.75996 -0.03413 0.64907
vn 0.75384 -0.10212 0.64907
vn 0.74166 -0.16928 0.64907
vn 0.64917 -0.02915 0.76008
vn 0.64395 -0.08723 0.76008
vn 0.63353 -0.1446 0.76008
vn 0.52235 -0.02346 0.85241
vn 0.51815 -0.07019 0.85241
vn 0.50977 -0.11635 0.85241
vn 0.23343 -0.01048 0.97232
vn 0.38263 -0.01718 0.92374
vn 0.37955 -0.05141 0.92374
vn 0.37341 -0.08523 0.92374
vn 0.23155 -0.03137 0.97232
vn 0.22781 -0.052 0.97232
vn 0.78424 -0.3352 0.52212
vn 0.69951 -0.29899 0.64907
vn 0.59753 -0.2554 0.76008
vn 0.4808 -0.20551 0.85241
vn 0.35219 -0.15053 0.92374
vn 0.21486 -0.09184 0.97232
vn 0.66989 -0.36049 0.64907
vn 0.57223 -0.30793 0.76008
vn 0.46045 -0.24778 0.85241
vn 0.33728 -0.1815 0.92374
vn 0.20577 -0.11073 0.97232
vn 0.76027 -0.6063 0.23322
vn 0.66787 -0.63855 0.38235
vn 0.56114 -0.64228 0.52212
vn 0.44715 -0.61544 0.64907
vn 0.3333 -0.55784 0.76008
vn 0.22687 -0.4711 0.85241
vn 0.13458 -0.35859 0.92374
vn 0.70286 -0.67201 0.23322
vn 0.60795 -0.69585 0.38235
vn 0.50131 -0.68999 0.52212
vn 0.39018 -0.65305 0.64907
vn 0.28195 -0.58547 0.76008
vn 0.18373 -0.48954 0.85241
vn 0.34169 -0.91042 0.23322
vn 0.13583 -0.7485 0.64907
vn 0.11603 -0.63938 0.76008
vn 0.05825 -0.64721 0.76008
vn 0.09336 -0.51448 0.85241
vn 0.04687 -0.52078 0.85241
vn 0 -0.52288 0.85241
vn 0.06839 -0.37686 0.92374
vn 0.03433 -0.38147 0.92374
vn 0 -0.38301 0.92374
vn -0.03433 -0.38147 0.92374
vn 0.04172 -0.22991 0.97232
vn 0.02095 -0.23273 0.97232
vn 0 -0.23367 0.97232
vn -0.02095 -0.23273 0.97232
vn -0.04172 -0.22991 0.97232
vn -0.42192 -0.87612 0.23322
vn -0.47393 -0.79322 0.38235
vn -0.50131 -0.68999 0.52212
vn -0.50051 -0.57288 0.64907
vn -0.46969 -0.44907 0.76008
vn -0.40881 -0.32601 0.85241
vn -0.31965 -0.211 0.92374
vn -0.49876 -0.83478 0.23322
vn -0.54312 -0.74754 0.38235
vn -0.56114 -0.64228 0.52212
vn -0.54985 -0.52571 0.64907
vn -0.50805 -0.40516 0.76008
vn -0.43638 -0.28805 0.85241
vn -0.81156 -0.53571 0.23322
vn -0.89417 -0.38219 0.23322
vn -0.92483 -0.3005 0.23322
vn -0.94804 -0.21638 0.23322
vn -0.84966 -0.36316 0.38235
vn -0.87879 -0.28554 0.38235
vn -0.90085 -0.20561 0.38235
vn -0.91565 -0.12403 0.38235
vn -0.78424 -0.3352 0.52212
vn -0.81113 -0.26355 0.52212
vn -0.83149 -0.18978 0.52212
vn -0.84516 -0.11448 0.52212
vn -0.85202 -0.03826 0.52212
vn -0.7235 -0.23508 0.64907
vn -0.63353 -0.1446 0.76008
vn -0.51815 -0.07019 0.85241
vn -0.38263 -0.01718 0.92374
vn -0.23343 0.01048 0.97232
vn -0.74166 -0.16928 0.64907
vn -0.75384 -0.10212 0.64907
vn -0.75996 -0.03413 0.64907
vn -0.75996 0.03413 0.64907
vn -0.64395 -0.08723 0.76008
vn -0.52235 -0.02346 0.85241
vn -0.38263 0.01718 0.92374
vn -0.23155 0.03137 0.97232
vn -0.64917 -0.02915 0.76008
vn -0.64917 0.02915 0.76008
vn -0.64395 0.08723 0.76008
vn -0.96362 0.13053 0.23322
vn -0.90085 0.20561 0.38235
vn -0.81113 0.26355 0.52212
vn -0.69951 0.29899 0.64907
vn -0.57223 0.30793 0.76008
vn -0.43638 0.28805 0.85241
vn -0.29945 0.2388 0.92374
vn -0.16889 0.16148 0.97232
vn -0.52235 0.02346 0.85241
vn -0.37955 0.05141 0.92374
vn -0.22781 0.052 0.97232
vn -0.51815 0.07019 0.85241
vn -0.50977 0.11635 0.85241
vn -0.94804 0.21638 0.23322
vn -0.87879 0.28554 0.38235
vn -0.78424 0.3352 0.52212
vn -0.66989 0.36049 0.64907
vn -0.54233 0.35799 0.76008
vn -0.40881 0.32601 0.85241
vn -0.27684 0.26469 0.92374
vn -0.15374 0.17597 0.97232
vn -0.37341 0.08523 0.92374
vn -0.22223 0.07221 0.97232
vn -0.36427 0.11836 0.92374
vn -0.21486 0.09184 0.97232
vn -0.76027 0.6063 0.23322
vn -0.66787 0.63855 0.38235
vn -0.56114 0.64228 0.52212
vn -0.44715 0.61544 0.64907
vn -0.3333 0.55784 0.76008
vn -0.22687 0.4711 0.85241
vn -0.13458 0.35859 0.92374
vn -0.70286 0.67201 0.23322
vn -0.60795 0.69585 0.38235
vn -0.50131 0.68999 0.52212
vn -0.39018 0.65305 0.64907
vn -0.28195 0.58547 0.76008
vn -0.18373 0.48954 0.85241
vn -0.34169 0.91042 0.23322
vn -0.13583 0.7485 0.64907
vn -0.11603 0.63938 0.76008
vn -0.05825 0.64721 0.76008
vn -0.09336 0.51448 0.85241
vn -0.04687 0.52078 0.85241
vn -0 0.52288 0.85241
vn -0.06839 0.37686 0.92374
vn -0.03433 0.38147 0.92374
vn -0 0.38301 0.92374
vn 0.03433 0.38147 0.92374
vn -0.04172 0.22991 0.97232
vn -0.02095 0.23273 0.97232
vn -0 0.23367 0.97232
vn 0.02095 0.23273 0.97232
vn 0.04172 0.22991 0.97232
vn 0.42192 0.87612 0.23322
vn 0.47393 0.79322 0.38235
vn 0.50131 0.68999 0.52212
vn 0.50051 0.57288 0.64907
vn 0.46969 0.44907 0.76008
vn 0.40881 0.32601 0.85241
vn 0.31965 0.211 0.92374
vn 0.49876 0.83478 0.23322
vn 0.54312 0.74754 0.38235
vn 0.56114 0.64228 0.52212
vn 0.54985 0.52571 0.64907
vn 0.50805 0.40516 0.76008
vn 0.43638 0.28805 0.85241
vn 0.81156 0.53571 0.23322
vn 0.89417 0.38219 0.23322
vn 0.92483 0.3005 0.23322
vn 0.94804 0.21638 0.23322
vn 0.84966 0.36316 0.38235
vn 0.87879 0.28554 0.38235
vn 0.90085 0.20561 0.38235
vn 0.78424 0.3352 0.52212
vn 0.81113 0.26355 0.52212
vn 0.83149 0.18978 0.52212
vn 0.69951 0.29899 0.64907
vn 0.7235 0.23508 0.64907
vn 0.74166 0.16928 0.64907
vn 0.59753 0.2554 0.76008
vn 0.61802 0.20081 0.76008
vn 0.63353 0.1446 0.76008
vn 0.4808 0.20551 0.85241
vn 0.49729 0.16158 0.85241
vn 0.50977 0.11635 0.85241
vn 0.35219 0.15053 0.92374
vn 0.36427 0.11836 0.92374
vn 0.37341 0.08523 0.92374
vn 0.21486 0.09184 0.97232
vn 0.22223 0.07221 0.97232
vn 0.22781 0.052 0.97232
vn -0 0 1
vn -0 -0 1
vn 0 0 1
vn -0 -0 1
vn 0 0 1
vn -0 -0 1
vn 0 0 1
vn -0 0 1
vn -0 0 1
vn -0 0 1
vn -0 -0 1
vn -0 0 1
vn -0 -0 1
vn 0 0 1
vn -0 0 1
vn -0 -0 1
vn 0 -0 1
vn -0 0 1
vn 0 -0 1
vn -0.68772 -0.72097 -0.0851
vn -0.67524 -0.73144 -0.09513
vn -0.71942 -0.68882 -0.08917
vn -0.73572 -0.67008 -0.09856
vn -0.7637 -0.63928 -0.08992
vn -0.78379 -0.61322 -0.09814
vn -0.8024 -0.59032 -0.08762
vn -0.82807 -0.55296 -0.0924
vn -0.83082 -0.54919 -0.09011
vn -0.84918 -0.52036 -0.09012
vn -0.84849 -0.52139 -0.09069
vn -0.86057 -0.50092 -0.09212
vn -0.86317 -0.49682 -0.09009
vn -0.87794 -0.46951 -0.09369
vn -0.87862 -0.46802 -0.09482
vn -0.89195 -0.44365 -0.08711
vn -0.899 -0.42788 -0.09336
vn -0.89996 -0.42611 -0.09219
vn -0.90509 -0.41569 -0.08953
vn -0.90878 -0.40724 -0.09101
vn -0.91078 -0.40225 -0.09308
vn -0.91114 -0.40241 -0.08888
vn -0.91166 -0.40089 -0.09029
vn -0.91179 -0.40095 -0.08875
vn -0.91233 -0.39941 -0.09017
vn -0.91245 -0.39947 -0.08861
vn -0.913 -0.39791 -0.09004
vn -0.91312 -0.39796 -0.08847
vn -0.91367 -0.39638 -0.08991
vn -0.9138 -0.39644 -0.08833
vn -0.91436 -0.39483 -0.08978
vn -0.91449 -0.39489 -0.08819
vn -0.91505 -0.39326 -0.08964
vn -0.91518 -0.39331 -0.08804
vn -0.91575 -0.39166 -0.08951
vn -0.91588 -0.39171 -0.08789
vn -0.91659 -0.38972 -0.08934
vn -0.91672 -0.38977 -0.08771
vn -0.91745 -0.38774 -0.08917
vn -0.91758 -0.3878 -0.08753
vn -0.91831 -0.38572 -0.089
vn -0.91845 -0.38578 -0.08734
vn -0.91919 -0.38367 -0.08882
vn -0.91933 -0.38373 -0.08715
vn -0.92098 -0.37944 -0.08846
vn -0.92112 -0.37949 -0.08675
vn -0.92282 -0.37503 -0.08808
vn -0.92296 -0.37509 -0.08634
vn -0.92471 -0.37045 -0.08768
vn -0.92485 -0.3705 -0.08591
vn -0.92664 -0.36567 -0.08726
vn -0.92679 -0.36573 -0.08547
vn -0.92903 -0.35989 -0.08599
vn -0.9306 -0.35546 -0.08739
vn -0.93091 -0.35476 -0.08691
vn -0.93263 -0.35067 -0.08506
vn -0.93257 -0.35065 -0.0858
vn -0.9355 -0.34288 -0.08532
vn -0.93565 -0.34293 -0.08345
vn -0.93888 -0.33409 -0.08297
vn -0.939 -0.33413 -0.0815
vn -0.94321 -0.3222 -0.08091
vn -0.94353 -0.32231 -0.07663
vn -0.94921 -0.30535 -0.07598
vn -0.94958 -0.30547 -0.07061
vn -0.95375 -0.29229 -0.07025
vn -0.95411 -0.2924 -0.0647
vn -0.95827 -0.2785 -0.06445
vn -0.95864 -0.27861 -0.05818
vn -0.9627 -0.26425 -0.05807
vn -0.96307 -0.26435 -0.05114
vn -0.96422 -0.26013 -0.05115
vn -0.96744 -0.24931 -0.04362
vn -0.96864 -0.24314 -0.05117
vn -0.96574 -0.25443 -0.05116
vn -0.96654 -0.2499 -0.05794
vn -0.96255 -0.2648 -0.05807
vn -0.96328 -0.26074 -0.06412
vn -0.95902 -0.27592 -0.06441
vn -0.95967 -0.27235 -0.06969
vn -0.95513 -0.28776 -0.07013
vn -0.95566 -0.28472 -0.07516
vn -0.95015 -0.30243 -0.07586
vn -0.95058 -0.30004 -0.07979
vn -0.94615 -0.31357 -0.08048
vn -0.94665 -0.31173 -0.08174
vn -0.94271 -0.32327 -0.08238
vn -0.94306 -0.32185 -0.08399
vn -0.93759 -0.33722 -0.08497
vn -0.93779 -0.33641 -0.08588
vn -0.93164 -0.35282 -0.08704
vn -0.93167 -0.3527 -0.08717
vn -0.92404 -0.37187 -0.08868
vn -0.92383 -0.37259 -0.08787
vn -0.91152 -0.40079 -0.09213
vn -0.91468 -0.3941 -0.08964
vn -0.91773 -0.38707 -0.08914
vn -0.9206 -0.37976 -0.09095
vn -0.92201 -0.37575 -0.09328
vn -0.92244 -0.37593 -0.08816
vn -0.92264 -0.37525 -0.08894
vn -0.92271 -0.37528 -0.0881
vn -0.92292 -0.3746 -0.08889
vn -0.92299 -0.37462 -0.08804
vn -0.92319 -0.37393 -0.08884
vn -0.92326 -0.37396 -0.08798
vn -0.92347 -0.37325 -0.08879
vn -0.92354 -0.37328 -0.08793
vn -0.92375 -0.37257 -0.08873
vn -0.92363 -0.37238 -0.09082
vn -0.92682 -0.36498 -0.0883
vn -0.92972 -0.35742 -0.08875
vn -0.93152 -0.35203 -0.0913
vn -0.93254 -0.34982 -0.08944
vn -0.93558 -0.34232 -0.08663
vn -0.93826 -0.33471 -0.08741
vn -0.9389 -0.33257 -0.08868
vn -0.93915 -0.33266 -0.08561
vn -0.93896 -0.33342 -0.08473
vn -0.93889 -0.33339 -0.08566
vn -0.9387 -0.33416 -0.08477
vn -0.93862 -0.33413 -0.08571
vn -0.93843 -0.33491 -0.08482
vn -0.93835 -0.33488 -0.08577
vn -0.93815 -0.33567 -0.08487
vn -0.93807 -0.33564 -0.08582
vn -0.93787 -0.33644 -0.08492
vn -0.94112 -0.32721 -0.08498
vn -0.9438 -0.3197 -0.08385
vn -0.94516 -0.31519 -0.08567
vn -0.94638 -0.31222 -0.08301
vn -0.94896 -0.30486 -0.08085
vn -0.94948 -0.30308 -0.08143
vn -0.95145 -0.29752 -0.07887
vn -0.95363 -0.29007 -0.08035
vn -0.95388 -0.28897 -0.08131
vn -0.95624 -0.28272 -0.07537
vn -0.95854 -0.27522 -0.07381
vn -0.95966 -0.27058 -0.07636
vn -0.96079 -0.26763 -0.07254
vn -0.96315 -0.25999 -0.06892
vn -0.96421 -0.25561 -0.07048
vn -0.96541 -0.25222 -0.06616
vn -0.96764 -0.24433 -0.06311
vn -0.96822 -0.24163 -0.06446
vn -0.9699 -0.23634 -0.05858
vn -0.97123 -0.23107 -0.05767
vn -0.97175 -0.22851 -0.05909
vn -0.97363 -0.22205 -0.05238
vn -0.97512 -0.21576 -0.05097
vn -0.97643 -0.20856 -0.05563
vn -0.97692 -0.20457 -0.06152
vn -0.9761 -0.21122 -0.05118
vn -0.97441 -0.22043 -0.04393
vn -0.96911 -0.24128 -0.05117
vn -0.96875 -0.24119 -0.05786
vn -0.96469 -0.25692 -0.05801
vn -0.96433 -0.25682 -0.06405
vn -0.96002 -0.27245 -0.06434
vn -0.96256 -0.26756 -0.0434
vn -0.96154 -0.26987 -0.05113
vn -0.95707 -0.28664 -0.04315
vn -0.95927 -0.27783 -0.05111
vn -0.9583 -0.28115 -0.0511
vn -0.95958 -0.27536 -0.05816
vn -0.95564 -0.2887 -0.05825
vn -0.9568 -0.28351 -0.06454
vn -0.95272 -0.29685 -0.06477
vn -0.95373 -0.29629 -0.05104
vn -0.95303 -0.29983 -0.04297
vn -0.94755 -0.31551 -0.05096
vn -0.94268 -0.32979 -0.05088
vn -0.94294 -0.32988 -0.04511
vn -0.9435 -0.32864 -0.04254
vn -0.94394 -0.32736 -0.04256
vn -0.94202 -0.33255 -0.0448
vn -0.93216 -0.35605 -0.06565
vn -0.93819 -0.33445 -0.08912
vn -0.93731 -0.33755 -0.08664
vn -0.93844 -0.33796 -0.07144
vn -0.94109 -0.32929 -0.07689
vn -0.94149 -0.32943 -0.07123
vn -0.94396 -0.32105 -0.07658
vn -0.94435 -0.32118 -0.07102
vn -0.94666 -0.31307 -0.07628
vn -0.94704 -0.3132 -0.07081
vn -0.93182 -0.35592 -0.07091
vn -0.91589 -0.39034 -0.09369
vn -0.91744 -0.38713 -0.09186
vn -0.91834 -0.38751 -0.08048
vn -0.9164 -0.39199 -0.08096
vn -0.91607 -0.39185 -0.08528
vn -0.91885 -0.38542 -0.08464
vn -0.91864 -0.38533 -0.0873
vn -0.91561 -0.39817 -0.05588
vn -0.90487 -0.42276 -0.0499
vn -0.90891 -0.41248 -0.06126
vn -0.90395 -0.42434 -0.05297
vn -0.90319 -0.42398 -0.06705
vn -0.88743 -0.45664 -0.06284
vn -0.88695 -0.4564 -0.07084
vn -0.87031 -0.48799 -0.06655
vn -0.86982 -0.48771 -0.07447
vn -0.85241 -0.51815 -0.07011
vn -0.85191 -0.51785 -0.07795
vn -0.83385 -0.54707 -0.07351
vn -0.83335 -0.54674 -0.08126
vn -0.82436 -0.56106 -0.07515
vn -0.82385 -0.56071 -0.08285
vn -0.81475 -0.57471 -0.07675
vn -0.81424 -0.57436 -0.0844
vn -0.80503 -0.58804 -0.0783
vn -0.80452 -0.58768 -0.08591
vn -0.79522 -0.60105 -0.07982
vn -0.79471 -0.60066 -0.08737
vn -0.78693 -0.6117 -0.08106
vn -0.78642 -0.6113 -0.08857
vn -0.77859 -0.62212 -0.08227
vn -0.77809 -0.62171 -0.08974
vn -0.77021 -0.6323 -0.08345
vn -0.76971 -0.63189 -0.09087
vn -0.76181 -0.64226 -0.08461
vn -0.76131 -0.64184 -0.09198
vn -0.75337 -0.65198 -0.08573
vn -0.75287 -0.65155 -0.09306
vn -0.74492 -0.66148 -0.08683
vn -0.74442 -0.66104 -0.09411
vn -0.73645 -0.67075 -0.0879
vn -0.90074 -0.43137 -0.05092
vn -0.88462 -0.46197 -0.06348
vn -0.86157 -0.50415 -0.05951
vn -0.85559 -0.51297 -0.0695
vn -0.83973 -0.53927 -0.06365
vn -0.82367 -0.56206 -0.07526
vn -0.81654 -0.5733 -0.06767
vn -0.80674 -0.58573 -0.07803
vn -0.80449 -0.58987 -0.06962
vn -0.78925 -0.60875 -0.08072
vn -0.77957 -0.622 -0.07342
vn -0.77124 -0.63107 -0.08331
vn -0.76674 -0.63753 -0.07525
vn -0.75278 -0.65266 -0.08581
vn -0.74474 -0.66275 -0.07823
vn -0.73392 -0.67348 -0.08822
vn -0.72223 -0.68689 -0.08108
vn -0.71473 -0.69351 -0.09052
vn -0.71081 -0.69853 -0.08245
vn -0.69528 -0.71273 -0.09273
vn -0.9669 -0.24999 -0.05117
vn -0.96766 -0.24551 -0.0579
vn -0.96364 -0.26083 -0.05804
vn -0.97182 -0.22852 -0.05773
vn -0.97118 -0.23278 -0.05118
vn -0.97083 -0.23269 -0.05778
vn -0.97016 -0.237 -0.05118
vn -0.96981 -0.23691 -0.05782
vn -0.96827 -0.24164 -0.06375
vn -0.96768 -0.24545 -0.0579
vn -0.96733 -0.24537 -0.06382
vn -0.96671 -0.24923 -0.05794
vn -0.96636 -0.24914 -0.0639
vn -0.96572 -0.25305 -0.05797
vn -0.96536 -0.25295 -0.06397
vn -0.96429 -0.25563 -0.0692
vn -0.96375 -0.25898 -0.06409
vn -0.96342 -0.25889 -0.06929
vn -0.96285 -0.26229 -0.06415
vn -0.96252 -0.2622 -0.06939
vn -0.96193 -0.26563 -0.06422
vn -0.96159 -0.26554 -0.06949
vn -0.96099 -0.26902 -0.06428
vn -0.96064 -0.26892 -0.06959
vn -0.95979 -0.27062 -0.07458
vn -0.95935 -0.27346 -0.06972
vn -0.95901 -0.27336 -0.0747
vn -0.95855 -0.27625 -0.0698
vn -0.9582 -0.27615 -0.07481
vn -0.95772 -0.27907 -0.06988
vn -0.95737 -0.27897 -0.07493
vn -0.95688 -0.28193 -0.06996
vn -0.95653 -0.28182 -0.07504
vn -0.95602 -0.28482 -0.07004
vn -0.95404 -0.28901 -0.07921
vn -0.95367 -0.29125 -0.07542
vn -0.95338 -0.29116 -0.07933
vn -0.95299 -0.29343 -0.07551
vn -0.9527 -0.29334 -0.07944
vn -0.95231 -0.29563 -0.0756
vn -0.95201 -0.29554 -0.07955
vn -0.9516 -0.29787 -0.07568
vn -0.95131 -0.29778 -0.07967
vn -0.95088 -0.30013 -0.07577
vn -0.94532 -0.31524 -0.08357
vn -0.94949 -0.30308 -0.08125
vn -0.94905 -0.3048 -0.08003
vn -0.94895 -0.30477 -0.08135
vn -0.94849 -0.30651 -0.08012
vn -0.94839 -0.30648 -0.08144
vn -0.94792 -0.30824 -0.08021
vn -0.94782 -0.30821 -0.08154
vn -0.94734 -0.30999 -0.0803
vn -0.94724 -0.30996 -0.08164
vn -0.94675 -0.31177 -0.08039
vn -0.93187 -0.35216 -0.08713
vn -0.93185 -0.35227 -0.087
vn -0.89938 -0.42806 -0.08884
vn -0.90029 -0.42566 -0.09101
vn -0.90049 -0.42575 -0.08861
vn -0.90142 -0.42332 -0.0908
vn -0.90161 -0.42342 -0.08839
vn -0.90255 -0.42096 -0.09058
vn -0.90274 -0.42105 -0.08816
vn -0.90368 -0.41856 -0.09037
vn -0.90388 -0.41865 -0.08792
vn -0.90483 -0.41612 -0.09014
vn -0.90503 -0.41621 -0.08768
vn -0.90598 -0.41365 -0.08992
vn -0.90619 -0.41374 -0.08744
vn -0.90715 -0.41115 -0.08969
vn -0.90735 -0.41124 -0.08719
vn -0.90854 -0.40811 -0.08941
vn -0.90875 -0.4082 -0.0869
vn -0.90995 -0.40503 -0.08912
vn -0.91016 -0.40512 -0.08659
vn -0.91137 -0.40189 -0.08883
vn -0.91158 -0.40198 -0.08628
vn -0.9128 -0.39869 -0.08854
vn -0.91301 -0.39878 -0.08597
vn -0.9157 -0.39213 -0.08793
vn -0.91591 -0.39222 -0.08532
vn -0.87909 -0.46828 -0.08895
vn -0.88065 -0.46467 -0.09236
vn -0.88095 -0.46483 -0.0886
vn -0.88252 -0.46117 -0.09203
vn -0.88283 -0.46133 -0.08823
vn -0.88441 -0.45761 -0.09169
vn -0.88472 -0.45777 -0.08787
vn -0.88631 -0.454 -0.09134
vn -0.88662 -0.45415 -0.08749
vn -0.88822 -0.45032 -0.09099
vn -0.88853 -0.45047 -0.08711
vn -0.89015 -0.44657 -0.09063
vn -0.89046 -0.44673 -0.08672
vn -0.89208 -0.44276 -0.09026
vn -0.8924 -0.44292 -0.08633
vn -0.89441 -0.43814 -0.08982
vn -0.89472 -0.43829 -0.08584
vn -0.89675 -0.43341 -0.08936
vn -0.89707 -0.43357 -0.08535
vn -0.89911 -0.42859 -0.08889
vn -0.89943 -0.42874 -0.08485
vn -0.90149 -0.42367 -0.08841
vn -0.90181 -0.42382 -0.08433
vn -0.90629 -0.41351 -0.08742
vn -0.90662 -0.41366 -0.08326
vn -0.91115 -0.40291 -0.08637
vn -0.91148 -0.40306 -0.08214
vn -0.86075 -0.50103 -0.08985
vn -0.86318 -0.49648 -0.09183
vn -0.86337 -0.49659 -0.08938
vn -0.86581 -0.49197 -0.09137
vn -0.866 -0.49208 -0.08891
vn -0.86845 -0.48738 -0.0909
vn -0.86864 -0.48749 -0.08842
vn -0.8711 -0.48271 -0.09043
vn -0.8713 -0.48281 -0.08793
vn -0.87377 -0.47795 -0.08994
vn -0.87396 -0.47806 -0.08742
vn -0.87645 -0.47312 -0.08945
vn -0.87664 -0.47323 -0.08691
vn -0.87913 -0.4682 -0.08894
vn -0.87933 -0.46831 -0.08639
vn -0.88235 -0.46222 -0.08833
vn -0.88255 -0.46233 -0.08575
vn -0.88559 -0.45612 -0.0877
vn -0.88579 -0.45622 -0.0851
vn -0.88883 -0.44989 -0.08705
vn -0.88903 -0.44999 -0.08443
vn -0.89209 -0.44352 -0.08639
vn -0.89229 -0.44363 -0.08375
vn -0.89863 -0.43039 -0.08502
vn -0.89883 -0.43049 -0.08233
vn -0.9052 -0.4167 -0.08358
vn -0.9054 -0.41679 -0.08084
vn -0.91177 -0.40241 -0.08207
vn -0.91198 -0.4025 -0.07928
vn -0.84926 -0.52041 -0.08909
vn -0.85225 -0.5151 -0.09132
vn -0.85247 -0.51523 -0.08854
vn -0.85546 -0.50985 -0.09077
vn -0.85568 -0.50997 -0.08797
vn -0.85868 -0.50451 -0.09021
vn -0.8589 -0.50464 -0.0874
vn -0.8619 -0.49909 -0.08964
vn -0.86212 -0.49921 -0.08681
vn -0.86513 -0.49358 -0.08906
vn -0.86534 -0.49371 -0.08622
vn -0.86835 -0.48799 -0.08848
vn -0.86857 -0.48811 -0.08561
vn -0.87158 -0.48231 -0.08788
vn -0.8718 -0.48244 -0.08499
vn -0.87543 -0.47543 -0.08715
vn -0.87565 -0.47555 -0.08424
vn -0.87927 -0.46842 -0.0864
vn -0.87949 -0.46853 -0.08348
vn -0.88311 -0.46127 -0.08564
vn -0.88334 -0.46139 -0.08269
vn -0.88695 -0.454 -0.08486
vn -0.88717 -0.45411 -0.0819
vn -0.8946 -0.43905 -0.08325
vn -0.89482 -0.43916 -0.08025
vn -0.90219 -0.42356 -0.08158
vn -0.90241 -0.42366 -0.07853
vn -0.90971 -0.4075 -0.07983
vn -0.90993 -0.4076 -0.07674
vn -0.91713 -0.39087 -0.07801
vn -0.78448 -0.61376 -0.08885
vn -0.82839 -0.55317 -0.08815
vn -0.83224 -0.54675 -0.0919
vn -0.83257 -0.54697 -0.08747
vn -0.83642 -0.54045 -0.09123
vn -0.83675 -0.54067 -0.08678
vn -0.84059 -0.53405 -0.09055
vn -0.84093 -0.53426 -0.08608
vn -0.84477 -0.52754 -0.08985
vn -0.8451 -0.52775 -0.08536
vn -0.84893 -0.52093 -0.08915
vn -0.84927 -0.52113 -0.08462
vn -0.85309 -0.51421 -0.08843
vn -0.85343 -0.51441 -0.08388
vn -0.85725 -0.50738 -0.08769
vn -0.85758 -0.50758 -0.08312
vn -0.86218 -0.49911 -0.0868
vn -0.86252 -0.4993 -0.0822
vn -0.8671 -0.49068 -0.08589
vn -0.86744 -0.49087 -0.08125
vn -0.87199 -0.48209 -0.08496
vn -0.87233 -0.48228 -0.08029
vn -0.87686 -0.47335 -0.084
vn -0.8772 -0.47353 -0.07931
vn -0.8865 -0.45539 -0.08204
vn -0.88684 -0.45556 -0.07728
vn -0.896 -0.43679 -0.07998
vn -0.89634 -0.43695 -0.07517
vn -0.90532 -0.41754 -0.07785
vn -0.90565 -0.4177 -0.07298
vn -0.91441 -0.39765 -0.07562
vn -0.96538 -0.25433 -0.05798
vn -0.96454 -0.25892 -0.05115
vn -0.96418 -0.25882 -0.05802
vn -0.96219 -0.2647 -0.0642
vn -0.96144 -0.26882 -0.0581
vn -0.96107 -0.26872 -0.06428
vn -0.96006 -0.27368 -0.05814
vn -0.95969 -0.27357 -0.06436
vn -0.95867 -0.27582 -0.06979
vn -0.958 -0.27944 -0.06447
vn -0.95765 -0.27934 -0.06989
vn -0.95674 -0.28369 -0.06455
vn -0.95639 -0.28359 -0.07001
vn -0.95544 -0.28801 -0.06462
vn -0.95509 -0.2879 -0.07013
vn -0.95477 -0.28765 -0.07528
vn -0.95423 -0.29073 -0.07021
vn -0.95386 -0.29062 -0.0754
vn -0.95311 -0.29433 -0.07031
vn -0.95275 -0.29421 -0.07554
vn -0.95197 -0.29798 -0.07041
vn -0.9516 -0.29787 -0.07568
vn -0.95079 -0.30169 -0.07051
vn -0.95042 -0.30158 -0.07583
vn -0.94985 -0.30233 -0.0799
vn -0.9494 -0.30475 -0.07595
vn -0.9491 -0.30465 -0.08002
vn -0.94848 -0.30756 -0.07606
vn -0.94818 -0.30746 -0.08017
vn -0.94754 -0.31042 -0.07617
vn -0.94723 -0.31032 -0.08031
vn -0.94658 -0.31332 -0.07629
vn -0.94627 -0.31322 -0.08046
vn -0.94559 -0.31627 -0.0764
vn -0.94527 -0.31616 -0.08061
vn -0.94604 -0.31354 -0.08184
vn -0.94553 -0.3154 -0.08057
vn -0.94543 -0.31536 -0.08194
vn -0.94478 -0.3176 -0.08068
vn -0.94468 -0.31757 -0.08206
vn -0.94402 -0.31985 -0.08079
vn -0.94391 -0.31981 -0.08219
vn -0.94323 -0.32213 -0.08091
vn -0.94312 -0.32209 -0.08231
vn -0.94243 -0.32445 -0.08102
vn -0.94232 -0.32441 -0.08244
vn -0.94075 -0.32921 -0.08126
vn -0.94064 -0.32917 -0.0827
vn -0.94258 -0.32323 -0.08408
vn -0.94223 -0.32467 -0.08246
vn -0.94209 -0.32462 -0.08417
vn -0.94164 -0.32636 -0.08255
vn -0.9415 -0.32631 -0.08428
vn -0.94103 -0.32808 -0.08264
vn -0.94089 -0.32803 -0.08438
vn -0.94041 -0.32982 -0.08274
vn -0.94027 -0.32977 -0.0845
vn -0.93978 -0.3316 -0.08283
vn -0.93964 -0.33155 -0.08461
vn -0.93846 -0.33525 -0.08303
vn -0.93832 -0.3352 -0.08484
vn -0.93709 -0.33902 -0.08324
vn -0.93694 -0.33897 -0.08508
vn -0.93751 -0.33719 -0.08593
vn -0.9373 -0.33801 -0.08502
vn -0.93722 -0.33798 -0.08599
vn -0.93694 -0.33897 -0.08508
vn -0.93686 -0.33894 -0.08606
vn -0.93659 -0.33994 -0.08514
vn -0.93651 -0.33991 -0.08613
vn -0.93622 -0.34093 -0.0852
vn -0.93614 -0.3409 -0.0862
vn -0.93585 -0.34194 -0.08526
vn -0.93577 -0.34191 -0.08627
vn -0.93508 -0.344 -0.08539
vn -0.93499 -0.34397 -0.08641
vn -0.93428 -0.34614 -0.08552
vn -0.93419 -0.34611 -0.08657
vn -0.93344 -0.34836 -0.08566
vn -0.93335 -0.34832 -0.08672
vn -0.92411 -0.3719 -0.08781
vn -0.93162 -0.35281 -0.08718
vn -0.93159 -0.35293 -0.08705
vn -0.93158 -0.35292 -0.08719
vn -0.93154 -0.35307 -0.08706
vn -0.93153 -0.35306 -0.0872
vn -0.93148 -0.35321 -0.08707
vn -0.93147 -0.3532 -0.08721
vn -0.93143 -0.35335 -0.08708
vn -0.93142 -0.35334 -0.08722
vn -0.93137 -0.35349 -0.08709
vn -0.93136 -0.35349 -0.08723
vn -0.93126 -0.35379 -0.08711
vn -0.93125 -0.35379 -0.08726
vn -0.93114 -0.3541 -0.08713
vn -0.93113 -0.3541 -0.08728
vn -0.93102 -0.35442 -0.08715
vn -0.931 -0.35442 -0.08731
vn -0.93089 -0.35476 -0.08718
vn -0.82032 -0.56486 -0.08943
vn -0.81472 -0.57369 -0.08433
vn -0.81429 -0.57338 -0.09036
vn -0.80868 -0.58204 -0.08527
vn -0.80825 -0.58173 -0.09127
vn -0.80263 -0.59022 -0.0862
vn -0.8022 -0.5899 -0.09215
vn -0.79658 -0.59823 -0.0871
vn -0.79615 -0.59791 -0.09301
vn -0.79052 -0.60608 -0.08798
vn -0.7901 -0.60575 -0.09386
vn -0.82076 -0.56516 -0.08336
vn -0.82634 -0.55617 -0.08848
vn -0.82678 -0.55647 -0.08237
vn -0.8335 -0.54558 -0.08732
vn -0.83393 -0.54587 -0.08116
vn -0.84062 -0.53474 -0.08613
vn -0.84105 -0.53502 -0.07992
vn -0.8477 -0.52364 -0.0849
vn -0.84814 -0.52391 -0.07865
vn -0.85473 -0.51229 -0.08364
vn -0.85517 -0.51255 -0.07734
vn -0.86862 -0.48881 -0.08102
vn -0.86906 -0.48905 -0.07463
vn -0.88222 -0.46429 -0.07827
vn -0.88265 -0.46452 -0.07178
vn -0.89545 -0.43874 -0.07537
vn -0.89587 -0.43895 -0.06881
vn -0.90823 -0.41217 -0.07234
vn -0.93168 -0.3527 -0.08703
vn -0.93171 -0.35259 -0.08716
vn -0.94319 -0.32189 -0.0823
vn -0.94353 -0.32049 -0.0839
vn -0.96802 -0.2456 -0.05117
vn -0.95995 -0.27547 -0.05111
vn -0.96117 -0.26977 -0.05811
vn -0.95717 -0.28362 -0.05822
vn -0.92503 -0.36944 -0.08849
vn -0.92475 -0.37034 -0.08767
vn -0.92468 -0.37031 -0.08856
vn -0.9244 -0.37119 -0.08775
vn -0.92433 -0.37116 -0.08862
vn -0.92511 -0.36947 -0.0876
vn -0.92539 -0.36855 -0.08842
vn -0.92547 -0.36858 -0.08752
vn -0.92576 -0.36765 -0.08835
vn -0.92583 -0.36768 -0.08744
vn -0.9265 -0.3658 -0.0882
vn -0.92658 -0.36583 -0.08728
vn -0.92727 -0.36389 -0.08805
vn -0.92735 -0.36392 -0.08711
vn -0.92807 -0.3619 -0.0879
vn -0.92814 -0.36193 -0.08694
vn -0.92888 -0.35983 -0.08773
vn -0.95793 -0.28104 -0.0582
vn -0.95482 -0.29277 -0.05106
vn -0.95444 -0.29265 -0.05828
vn -0.95107 -0.30474 -0.05101
vn -0.95068 -0.30462 -0.05835
vn -0.94703 -0.31708 -0.05095
vn -0.94664 -0.31695 -0.05842
vn -0.95527 -0.28859 -0.06463
vn -0.95243 -0.29911 -0.05832
vn -0.95205 -0.29899 -0.06481
vn -0.94899 -0.30984 -0.05838
vn -0.94861 -0.30971 -0.06498
vn -0.94531 -0.3209 -0.05844
vn -0.94491 -0.32077 -0.06516
vn -0.94135 -0.33231 -0.05849
vn -0.95236 -0.29674 -0.07037
vn -0.94983 -0.30596 -0.06492
vn -0.94946 -0.30584 -0.07062
vn -0.94674 -0.31536 -0.06507
vn -0.94636 -0.31524 -0.07087
vn -0.94344 -0.32506 -0.06522
vn -0.94306 -0.32493 -0.07112
vn -0.93992 -0.33507 -0.06537
vn -0.94135 -0.32856 -0.07686
vn -0.94102 -0.32844 -0.08122
vn -0.93905 -0.33501 -0.0771
vn -0.93872 -0.33489 -0.08154
vn -0.93663 -0.34169 -0.07735
vn -0.93606 -0.34148 -0.08475
vn -0.92162 -0.37829 -0.08664
vn -0.9352 -0.34449 -0.08201
vn -0.93703 -0.33918 -0.08325
vn -0.93715 -0.33922 -0.08175
vn -0.93502 -0.34442 -0.08429
vn -0.93408 -0.34697 -0.08426
vn -0.93413 -0.34699 -0.08367
vn -0.92184 -0.37838 -0.08394
vn -0.92465 -0.37099 -0.08595
vn -0.92465 -0.37099 -0.08597
vn -0.92067 -0.38015 -0.08856
vn -0.92103 -0.3803 -0.08413
vn -0.93172 -0.35259 -0.08702
vn -0.93175 -0.35248 -0.08715
vn -0.94366 -0.32054 -0.08223
vn -0.94399 -0.31915 -0.08382
vn -0.93176 -0.35248 -0.08702
vn -0.93179 -0.35237 -0.08714
vn -0.9318 -0.35238 -0.08701
vn -0.93183 -0.35227 -0.08714
vn -0.94412 -0.3192 -0.08215
vn -0.94444 -0.31783 -0.08373
vn -0.94457 -0.31788 -0.08208
vn -0.94489 -0.31653 -0.08365
vn -0.94502 -0.31657 -0.08201
vn -0.97782 0.20476 -0.04408
vn -0.97701 0.2086 -0.04409
vn -0.97108 0.23402 -0.04734
vn -0.97475 0.21595 -0.05684
vn -0.9732 0.22323 -0.05517
vn -0.97366 0.22106 -0.05592
vn -0.97253 0.22614 -0.05519
vn -0.97286 0.22461 -0.05564
vn -0.97151 0.23025 -0.05614
vn -0.97183 0.22912 -0.05521
vn -0.9701 0.2357 -0.0579
vn -0.97106 0.23236 -0.05523
vn -0.96672 0.24784 -0.0635
vn -0.96719 0.24796 -0.05531
vn -0.96562 0.25168 -0.06505
vn -0.96619 0.25183 -0.05533
vn -0.96352 0.25956 -0.06522
vn -0.9641 0.25972 -0.05537
vn -0.9613 0.26764 -0.06539
vn -0.96188 0.26781 -0.0554
vn -0.95544 0.28776 -0.06579
vn -0.95604 0.28794 -0.05547
vn -0.94871 0.30914 -0.06619
vn -0.94984 0.30951 -0.04481
vn -0.93208 0.35602 -0.06696
vn -0.94494 0.3152 -0.08789
vn -0.9436 0.31968 -0.08613
vn -0.94448 0.31998 -0.0747
vn -0.9477 0.31038 -0.07438
vn -0.94746 0.3103 -0.07767
vn -0.94848 0.3072 -0.07753
vn -0.94828 0.30714 -0.08016
vn -0.94381 0.32045 -0.08084
vn -0.94354 0.32035 -0.0843
vn -0.93624 0.34076 -0.08565
vn -0.93619 0.34074 -0.08632
vn -0.92912 0.35925 -0.08768
vn -0.92913 0.35925 -0.08751
vn -0.91953 0.38272 -0.08941
vn -0.91961 0.38276 -0.08833
vn -0.9067 0.41187 -0.09088
vn -0.90643 0.41174 -0.09412
vn -0.89981 0.42715 -0.0888
vn -0.96795 0.24236 -0.06582
vn -0.96776 0.24337 -0.06486
vn -0.96342 0.25993 -0.06522
vn -0.96227 0.26313 -0.06925
vn -0.96017 0.27066 -0.06947
vn -0.9591 0.27348 -0.07307
vn -0.95671 0.28165 -0.07337
vn -0.95574 0.28409 -0.07652
vn -0.95259 0.29435 -0.07698
vn -0.95175 0.29637 -0.07961
vn -0.94968 0.30285 -0.07994
vn -0.94488 0.31612 -0.08526
vn -0.94412 0.31867 -0.08418
vn -0.93663 0.33971 -0.08558
vn -0.93658 0.33969 -0.08624
vn -0.92901 0.3595 -0.0877
vn -0.92861 0.35935 -0.09249
vn -0.92582 0.36745 -0.08852
vn -0.96634 0.24907 -0.06439
vn -0.9644 0.25562 -0.0678
vn -0.96404 0.25664 -0.06908
vn -0.96256 0.26211 -0.06908
vn -0.96072 0.26774 -0.073
vn -0.96054 0.26849 -0.07259
vn -0.95869 0.27485 -0.07334
vn -0.9572 0.27912 -0.07662
vn -0.95669 0.28112 -0.07566
vn -0.95477 0.28736 -0.07646
vn -0.95299 0.29224 -0.08002
vn -0.95266 0.29351 -0.07937
vn -0.95071 0.29968 -0.07963
vn -0.95061 0.29996 -0.0798
vn -0.94859 0.30579 -0.08164
vn -0.94518 0.31482 -0.08673
vn -0.94175 0.32549 -0.08464
vn -0.93682 0.33919 -0.08555
vn -0.93655 0.33909 -0.08888
vn -0.93623 0.34019 -0.08799
vn -0.94117 0.32737 -0.08378
vn -0.93126 0.35359 -0.08792
vn -0.91973 0.38167 -0.09176
vn -0.91881 0.38347 -0.09344
vn -0.91915 0.38361 -0.08948
vn -0.91367 0.39651 -0.0893
vn -0.90657 0.41149 -0.09389
vn -0.89514 0.4365 -0.09048
vn -0.89227 0.4429 -0.08775
vn -0.88418 0.45867 -0.08858
vn -0.88245 0.4617 -0.09012
vn -0.87588 0.47438 -0.08833
vn -0.86853 0.48708 -0.09171
vn -0.86721 0.48961 -0.09075
vn -0.85884 0.5042 -0.09046
vn -0.85484 0.51059 -0.09246
vn -0.85094 0.51746 -0.09024
vn -0.84412 0.52857 -0.08984
vn -0.83551 0.5416 -0.09275
vn -0.83502 0.54227 -0.09322
vn -0.83507 0.54231 -0.09251
vn -0.83928 0.53663 -0.08742
vn -0.83894 0.53641 -0.09189
vn -0.84315 0.53063 -0.08677
vn -0.84281 0.53042 -0.09126
vn -0.84702 0.52455 -0.0861
vn -0.84668 0.52434 -0.09062
vn -0.85474 0.51209 -0.08473
vn -0.8544 0.51188 -0.08929
vn -0.86245 0.49924 -0.08331
vn -0.86211 0.49904 -0.08793
vn -0.88066 0.467 -0.07972
vn -0.88031 0.46681 -0.08445
vn -0.89848 0.43241 -0.07582
vn -0.89906 0.43269 -0.06676
vn -0.88594 0.4597 -0.0616
vn -0.86697 0.49493 -0.05842
vn -0.87163 0.48631 -0.06139
vn -0.86182 0.50373 -0.05946
vn -0.8403 0.53719 -0.07295
vn -0.81707 0.57256 -0.06758
vn -0.8073 0.58489 -0.07853
vn -0.76765 0.63645 -0.07512
vn -0.75377 0.65146 -0.08625
vn -0.74585 0.66153 -0.07808
vn -0.73508 0.67216 -0.08864
vn -0.72354 0.68552 -0.08091
vn -0.71608 0.69207 -0.09092
vn -0.75723 0.64749 -0.08579
vn -0.74849 0.65638 -0.09453
vn -0.80484 0.58711 -0.08683
vn -0.79876 0.59432 -0.09366
vn -0.811 0.57811 -0.08977
vn -0.79275 0.6014 -0.09937
vn -0.79313 0.60169 -0.09444
vn -0.7992 0.59464 -0.08768
vn -0.77461 0.62609 -0.0894
vn -0.74018 0.66542 -0.09671
vn -0.74026 0.6655 -0.09553
vn -0.74901 0.65684 -0.08687
vn -0.73037 0.6772 -0.08921
vn -0.69394 0.71419 -0.09152
vn -0.69497 0.71325 -0.09105
vn -0.66866 0.73844 -0.08716
vn -0.69682 0.71118 -0.09311
vn -0.70085 0.70839 -0.08361
vn -0.93334 0.35651 -0.04208
vn -0.92087 0.38126 -0.08148
vn -0.93061 0.35546 -0.08721
vn -0.92614 0.36718 -0.08624
vn -0.92138 0.3789 -0.08657
vn -0.92146 0.37893 -0.08556
vn -0.9106 0.40382 -0.08795
vn -0.91074 0.40388 -0.08626
vn -0.89464 0.43772 -0.08958
vn -0.89481 0.43781 -0.08742
vn -0.87995 0.46641 -0.0903
vn -0.88016 0.46652 -0.08764
vn -0.86362 0.49591 -0.0907
vn -0.86386 0.49605 -0.08761
vn -0.95255 0.30133 -0.04295
vn -0.95301 0.29781 -0.05549
vn -0.96017 0.27605 -0.04329
vn -0.9633 0.26267 -0.05538
vn -0.96669 0.25221 -0.04358
vn -0.96765 0.24616 -0.0553
vn -0.85486 0.5106 -0.09221
vn -0.85801 0.50592 -0.08866
vn -0.85777 0.50578 -0.09171
vn -0.86093 0.50103 -0.08814
vn -0.86069 0.50089 -0.09121
vn -0.86848 0.48705 -0.09235
vn -0.87095 0.48318 -0.08938
vn -0.87074 0.48306 -0.09196
vn -0.87323 0.47912 -0.08896
vn -0.87302 0.47901 -0.09156
vn -0.87552 0.47499 -0.08853
vn -0.87532 0.47488 -0.09115
vn -0.8823 0.46163 -0.09188
vn -0.88419 0.45847 -0.0895
vn -0.88403 0.45838 -0.09157
vn -0.88593 0.45516 -0.08917
vn -0.88576 0.45508 -0.09126
vn -0.88768 0.45181 -0.08883
vn -0.88751 0.45172 -0.09093
vn -0.89122 0.44493 -0.08814
vn -0.89105 0.44484 -0.09027
vn -0.8951 0.43648 -0.09102
vn -0.8965 0.43397 -0.08922
vn -0.89637 0.43391 -0.09078
vn -0.89778 0.43137 -0.08896
vn -0.89765 0.43131 -0.09054
vn -0.89907 0.42873 -0.08871
vn -0.89894 0.42867 -0.09029
vn -0.90167 0.42334 -0.08818
vn -0.90154 0.42327 -0.08979
vn -0.90431 0.41778 -0.08763
vn -0.90418 0.41772 -0.08926
vn -0.92908 0.35938 -0.08753
vn -0.9524 0.2943 -0.0795
vn -0.95323 0.29231 -0.07689
vn -0.95649 0.28159 -0.07641
vn -0.95744 0.27919 -0.07328
vn -0.96429 0.2567 -0.06515
vn -0.95993 0.27059 -0.07296
vn -0.96097 0.26781 -0.06939
vn -0.96317 0.25986 -0.06916
vn -0.9077 0.41017 -0.08855
vn -0.90752 0.41009 -0.09072
vn -0.92 0.38186 -0.08825
vn -0.91991 0.38182 -0.08934
vn -0.92918 0.35912 -0.0875
vn -0.92917 0.35911 -0.08767
vn -0.93578 0.34183 -0.0864
vn -0.93584 0.34185 -0.08572
vn -0.94253 0.32325 -0.08449
vn -0.94281 0.32335 -0.08098
vn -0.94462 0.31809 -0.08072
vn -0.94482 0.31816 -0.078
vn -0.94267 0.32442 -0.07826
vn -0.94216 0.32425 -0.08484
vn -0.90853 0.40838 -0.08838
vn -0.93638 0.34021 -0.08628
vn -0.92906 0.35938 -0.08769
vn -0.7567 0.64704 -0.0935
vn -0.76544 0.63791 -0.08469
vn -0.76491 0.63747 -0.09245
vn -0.78177 0.61809 -0.08239
vn -0.78124 0.61767 -0.09025
vn -0.79797 0.59737 -0.07998
vn -0.79743 0.59697 -0.08794
vn -0.83566 0.54428 -0.07378
vn -0.83512 0.54393 -0.08195
vn -0.87132 0.48613 -0.06694
vn -0.8044 0.58679 -0.09285
vn -0.81048 0.57943 -0.08597
vn -0.81004 0.57911 -0.09203
vn -0.82176 0.56359 -0.08418
vn -0.82131 0.56328 -0.09032
vn -0.833 0.54711 -0.08231
vn -0.83256 0.54682 -0.08853
vn -0.85954 0.50516 -0.07752
vn -0.85909 0.5049 -0.08393
vn -0.8853 0.45937 -0.07223
vn -0.86975 0.48586 -0.08651
vn -0.90835 0.40829 -0.09057
vn -0.90936 0.40655 -0.08821
vn -0.90918 0.40647 -0.09041
vn -0.91105 0.40282 -0.08785
vn -0.91087 0.40274 -0.09009
vn -0.91278 0.39897 -0.08748
vn -0.91259 0.39889 -0.08975
vn -0.91703 0.38932 -0.08656
vn -0.91683 0.38924 -0.0889
vn -0.92038 0.38095 -0.08817
vn -0.92029 0.38091 -0.08927
vn -0.92929 0.35885 -0.08748
vn -0.92927 0.35884 -0.08765
vn -0.93537 0.34295 -0.08648
vn -0.93542 0.34297 -0.0858
vn -0.93997 0.3305 -0.08497
vn -0.94026 0.3306 -0.08134
vn -0.94055 0.32977 -0.0813
vn -0.94035 0.3297 -0.08393
vn -0.92117 0.37908 -0.08801
vn -0.93644 0.34023 -0.08562
vn -0.94525 0.31624 -0.08062
vn -0.94451 0.31753 -0.08411
vn -0.94478 0.31762 -0.08069
vn -0.95194 0.29643 -0.07707
vn -0.95109 0.29847 -0.07972
vn -0.95128 0.29853 -0.07716
vn -0.94971 0.30275 -0.07994
vn -0.94991 0.30281 -0.07734
vn -0.95596 0.28415 -0.07346
vn -0.95498 0.28661 -0.07664
vn -0.9552 0.28668 -0.07355
vn -0.95339 0.29177 -0.07686
vn -0.95362 0.29184 -0.07373
vn -0.95174 0.29707 -0.0771
vn -0.95197 0.29714 -0.07392
vn -0.95934 0.27355 -0.06955
vn -0.95825 0.2764 -0.07318
vn -0.9585 0.27647 -0.06963
vn -0.9565 0.28236 -0.07339
vn -0.95674 0.28244 -0.0698
vn -0.95465 0.28848 -0.07361
vn -0.9549 0.28856 -0.06997
vn -0.94987 0.30373 -0.07415
vn -0.95013 0.30381 -0.07038
vn -0.96253 0.2632 -0.06529
vn -0.96135 0.26644 -0.06935
vn -0.96161 0.26651 -0.06536
vn -0.95945 0.27318 -0.06954
vn -0.95971 0.27326 -0.0655
vn -0.95744 0.2801 -0.06974
vn -0.9577 0.28017 -0.06564
vn -0.95219 0.29732 -0.07021
vn -0.95247 0.29741 -0.06597
vn -0.94624 0.31564 -0.07069
vn -0.8695 0.48572 -0.08964
vn -0.87566 0.47533 -0.08538
vn -0.87541 0.4752 -0.08855
vn -0.88982 0.4488 -0.08249
vn -0.88957 0.44868 -0.08577
vn -0.90398 0.42015 -0.07935
vn -0.90268 0.41955 -0.09563
vn -0.92108 0.37905 -0.08912
vn -0.92197 0.37716 -0.08784
vn -0.92188 0.37712 -0.08896
vn -0.92397 0.37234 -0.08741
vn -0.92387 0.3723 -0.08857
vn -0.92609 0.36716 -0.08695
vn -0.88485 0.45774 -0.08672
vn -0.88463 0.45763 -0.08942
vn -0.90357 0.41981 -0.08558
vn -0.90339 0.41973 -0.08783
vn -0.91735 0.38895 -0.08478
vn -0.91709 0.38884 -0.08796
vn -0.89623 0.43549 -0.08437
vn -0.9294 0.35857 -0.08746
vn -0.92938 0.35857 -0.08763
vn -0.93432 0.34574 -0.08669
vn -0.93437 0.34576 -0.08598
vn -0.93717 0.33825 -0.08549
vn -0.93733 0.3383 -0.08348
vn -0.92967 0.35788 -0.0874
vn -0.89601 0.43539 -0.08717
vn -0.90785 0.41124 -0.08178
vn -0.90696 0.41083 -0.09291
vn -0.92966 0.35787 -0.08758
vn -0.92996 0.35713 -0.08734
vn -0.92992 0.35711 -0.0879
vn -0.91206 0.40002 -0.09016
vn -0.91259 0.40025 -0.08357
vn -0.9333 0.34879 -0.08539
vn -0.93318 0.34875 -0.08691
vn 0.68773 0.72096 -0.0851
vn 0.67524 0.73144 -0.09513
vn 0.71942 0.68882 -0.08917
vn 0.73572 0.67008 -0.09856
vn 0.7637 0.63928 -0.08992
vn 0.78379 0.61322 -0.09814
vn 0.8024 0.59032 -0.08762
vn 0.82807 0.55296 -0.0924
vn 0.83082 0.54919 -0.09011
vn 0.84918 0.52036 -0.09012
vn 0.84849 0.52139 -0.09069
vn 0.86058 0.50092 -0.09212
vn 0.86317 0.49682 -0.09009
vn 0.87794 0.46951 -0.09369
vn 0.87862 0.46802 -0.09482
vn 0.89195 0.44365 -0.08711
vn 0.899 0.42788 -0.09336
vn 0.89996 0.42611 -0.09219
vn 0.90509 0.41569 -0.08953
vn 0.90878 0.40724 -0.09101
vn 0.91079 0.40225 -0.09308
vn 0.91114 0.40241 -0.08888
vn 0.91166 0.40089 -0.09029
vn 0.91179 0.40095 -0.08875
vn 0.91233 0.39941 -0.09017
vn 0.91245 0.39947 -0.08861
vn 0.913 0.39791 -0.09004
vn 0.91313 0.39796 -0.08847
vn 0.91367 0.39638 -0.08991
vn 0.9138 0.39644 -0.08833
vn 0.91436 0.39483 -0.08978
vn 0.91449 0.39489 -0.08819
vn 0.91505 0.39326 -0.08964
vn 0.91518 0.39331 -0.08804
vn 0.91575 0.39166 -0.08951
vn 0.91588 0.39171 -0.08789
vn 0.91659 0.38972 -0.08934
vn 0.91672 0.38977 -0.08771
vn 0.91745 0.38774 -0.08917
vn 0.91758 0.3878 -0.08753
vn 0.91831 0.38572 -0.089
vn 0.91845 0.38578 -0.08734
vn 0.91919 0.38367 -0.08882
vn 0.91933 0.38373 -0.08715
vn 0.92098 0.37944 -0.08846
vn 0.92112 0.37949 -0.08675
vn 0.92282 0.37503 -0.08808
vn 0.92296 0.37509 -0.08634
vn 0.92471 0.37045 -0.08768
vn 0.92485 0.3705 -0.08591
vn 0.92664 0.36567 -0.08726
vn 0.92679 0.36573 -0.08547
vn 0.92903 0.35989 -0.08599
vn 0.9306 0.35546 -0.08739
vn 0.93091 0.35476 -0.08691
vn 0.93263 0.35067 -0.08506
vn 0.93257 0.35065 -0.0858
vn 0.9355 0.34288 -0.08532
vn 0.93565 0.34293 -0.08345
vn 0.93888 0.33409 -0.08297
vn 0.939 0.33413 -0.0815
vn 0.94321 0.3222 -0.08091
vn 0.94353 0.32231 -0.07663
vn 0.94921 0.30535 -0.07598
vn 0.94958 0.30547 -0.07061
vn 0.95375 0.29229 -0.07025
vn 0.95411 0.2924 -0.0647
vn 0.95827 0.2785 -0.06445
vn 0.95864 0.27861 -0.05818
vn 0.9627 0.26425 -0.05807
vn 0.96307 0.26435 -0.05114
vn 0.96422 0.26013 -0.05115
vn 0.96744 0.24931 -0.04362
vn 0.96864 0.24314 -0.05117
vn 0.96574 0.25443 -0.05116
vn 0.96654 0.2499 -0.05794
vn 0.96255 0.2648 -0.05807
vn 0.96328 0.26074 -0.06412
vn 0.95902 0.27592 -0.06441
vn 0.95967 0.27235 -0.06969
vn 0.95513 0.28776 -0.07013
vn 0.95566 0.28472 -0.07516
vn 0.95015 0.30243 -0.07586
vn 0.95058 0.30004 -0.07979
vn 0.94615 0.31357 -0.08048
vn 0.94665 0.31174 -0.08174
vn 0.94271 0.32327 -0.08238
vn 0.94306 0.32185 -0.08399
vn 0.93758 0.33722 -0.08497
vn 0.93779 0.33641 -0.08588
vn 0.93164 0.35282 -0.08704
vn 0.93167 0.3527 -0.08717
vn 0.92404 0.37187 -0.08868
vn 0.92383 0.37259 -0.08787
vn 0.91152 0.40079 -0.09213
vn 0.91468 0.3941 -0.08964
vn 0.91773 0.38707 -0.08914
vn 0.9206 0.37976 -0.09095
vn 0.92201 0.37575 -0.09328
vn 0.92244 0.37593 -0.08816
vn 0.92265 0.37525 -0.08894
vn 0.92271 0.37528 -0.0881
vn 0.92292 0.3746 -0.08889
vn 0.92299 0.37462 -0.08804
vn 0.92319 0.37393 -0.08884
vn 0.92326 0.37396 -0.08798
vn 0.92347 0.37325 -0.08879
vn 0.92354 0.37328 -0.08793
vn 0.92375 0.37257 -0.08873
vn 0.92363 0.37238 -0.09082
vn 0.92682 0.36498 -0.0883
vn 0.92972 0.35742 -0.08875
vn 0.93152 0.35203 -0.0913
vn 0.93254 0.34982 -0.08944
vn 0.93558 0.34232 -0.08663
vn 0.93826 0.33471 -0.08741
vn 0.9389 0.33257 -0.08868
vn 0.93915 0.33266 -0.08561
vn 0.93896 0.33342 -0.08473
vn 0.93889 0.33339 -0.08566
vn 0.9387 0.33416 -0.08477
vn 0.93862 0.33413 -0.08571
vn 0.93843 0.33491 -0.08482
vn 0.93835 0.33488 -0.08577
vn 0.93815 0.33567 -0.08487
vn 0.93807 0.33564 -0.08582
vn 0.93787 0.33644 -0.08492
vn 0.94112 0.32721 -0.08498
vn 0.9438 0.3197 -0.08385
vn 0.94516 0.31519 -0.08567
vn 0.94638 0.31222 -0.083
vn 0.94896 0.30486 -0.08085
vn 0.94948 0.30308 -0.08143
vn 0.95145 0.29752 -0.07887
vn 0.95363 0.29007 -0.08035
vn 0.95388 0.28897 -0.08131
vn 0.95624 0.28272 -0.07537
vn 0.95854 0.27522 -0.07381
vn 0.95966 0.27058 -0.07636
vn 0.96079 0.26763 -0.07254
vn 0.96315 0.25999 -0.06892
vn 0.96421 0.25561 -0.07048
vn 0.96541 0.25222 -0.06616
vn 0.96764 0.24433 -0.06311
vn 0.96822 0.24163 -0.06446
vn 0.9699 0.23634 -0.05858
vn 0.97154 0.22979 -0.05745
vn 0.9724 0.22563 -0.0595
vn 0.97186 0.22854 -0.05702
vn 0.97182 0.22853 -0.05773
vn 0.97118 0.23278 -0.05118
vn 0.97083 0.23269 -0.05778
vn 0.97016 0.237 -0.05118
vn 0.96981 0.23691 -0.05782
vn 0.96911 0.24128 -0.05117
vn 0.96875 0.24119 -0.05786
vn 0.96802 0.24561 -0.05117
vn 0.96766 0.24551 -0.0579
vn 0.9669 0.24999 -0.05117
vn 0.97358 0.22224 -0.05243
vn 0.97585 0.21277 -0.04937
vn 0.97692 0.20457 -0.06152
vn 0.9761 0.21122 -0.05118
vn 0.97441 0.22043 -0.04393
vn 0.96256 0.26756 -0.0434
vn 0.96154 0.26987 -0.05113
vn 0.95707 0.28664 -0.04315
vn 0.95927 0.27783 -0.05111
vn 0.9583 0.28115 -0.0511
vn 0.95958 0.27536 -0.05816
vn 0.95564 0.2887 -0.05825
vn 0.9568 0.28351 -0.06454
vn 0.95272 0.29685 -0.06477
vn 0.95373 0.29629 -0.05104
vn 0.95303 0.29983 -0.04297
vn 0.94755 0.31551 -0.05096
vn 0.94268 0.32979 -0.05088
vn 0.94294 0.32988 -0.04511
vn 0.9435 0.32864 -0.04254
vn 0.94394 0.32736 -0.04256
vn 0.94202 0.33255 -0.0448
vn 0.93216 0.35605 -0.06565
vn 0.93819 0.33445 -0.08912
vn 0.93731 0.33755 -0.08664
vn 0.93844 0.33796 -0.07144
vn 0.94109 0.32929 -0.07689
vn 0.94149 0.32943 -0.07123
vn 0.94396 0.32105 -0.07658
vn 0.94435 0.32118 -0.07102
vn 0.94666 0.31307 -0.07628
vn 0.94704 0.3132 -0.07081
vn 0.93182 0.35592 -0.07091
vn 0.91589 0.39034 -0.09369
vn 0.91744 0.38713 -0.09186
vn 0.91834 0.38751 -0.08048
vn 0.9164 0.39199 -0.08096
vn 0.91607 0.39185 -0.08528
vn 0.91885 0.38542 -0.08464
vn 0.91864 0.38533 -0.0873
vn 0.91561 0.39817 -0.05588
vn 0.90487 0.42276 -0.0499
vn 0.90891 0.41248 -0.06126
vn 0.90395 0.42434 -0.05297
vn 0.90319 0.42398 -0.06705
vn 0.88743 0.45664 -0.06284
vn 0.88695 0.4564 -0.07084
vn 0.87031 0.48799 -0.06655
vn 0.86982 0.48771 -0.07447
vn 0.85241 0.51815 -0.07011
vn 0.85191 0.51785 -0.07795
vn 0.83385 0.54707 -0.07351
vn 0.83335 0.54674 -0.08126
vn 0.82436 0.56106 -0.07515
vn 0.82385 0.56071 -0.08285
vn 0.81475 0.57471 -0.07675
vn 0.81424 0.57436 -0.0844
vn 0.80503 0.58804 -0.0783
vn 0.80452 0.58768 -0.08591
vn 0.79522 0.60105 -0.07982
vn 0.79471 0.60066 -0.08737
vn 0.78693 0.6117 -0.08106
vn 0.78642 0.6113 -0.08857
vn 0.77859 0.62211 -0.08227
vn 0.77809 0.62171 -0.08974
vn 0.77022 0.6323 -0.08345
vn 0.76971 0.63189 -0.09087
vn 0.76181 0.64226 -0.08461
vn 0.76131 0.64183 -0.09198
vn 0.75337 0.65198 -0.08573
vn 0.75288 0.65155 -0.09306
vn 0.74492 0.66148 -0.08683
vn 0.74443 0.66104 -0.09411
vn 0.73646 0.67075 -0.0879
vn 0.90074 0.43137 -0.05092
vn 0.88462 0.46197 -0.06348
vn 0.86157 0.50415 -0.05951
vn 0.85559 0.51297 -0.0695
vn 0.83973 0.53927 -0.06365
vn 0.82367 0.56206 -0.07526
vn 0.81654 0.5733 -0.06767
vn 0.80674 0.58573 -0.07803
vn 0.80449 0.58987 -0.06962
vn 0.78925 0.60875 -0.08072
vn 0.77957 0.622 -0.07342
vn 0.77124 0.63107 -0.08331
vn 0.76674 0.63753 -0.07525
vn 0.75278 0.65266 -0.08581
vn 0.74474 0.66275 -0.07823
vn 0.73392 0.67348 -0.08822
vn 0.72223 0.68689 -0.08108
vn 0.71473 0.69351 -0.09052
vn 0.71081 0.69853 -0.08245
vn 0.69528 0.71273 -0.09273
vn 0.96827 0.24164 -0.06375
vn 0.96768 0.24546 -0.0579
vn 0.96733 0.24537 -0.06382
vn 0.96671 0.24923 -0.05794
vn 0.96636 0.24914 -0.0639
vn 0.96572 0.25305 -0.05797
vn 0.96536 0.25296 -0.06397
vn 0.96469 0.25692 -0.05801
vn 0.96433 0.25682 -0.06405
vn 0.96364 0.26083 -0.05804
vn 0.96429 0.25564 -0.0692
vn 0.96375 0.25899 -0.06409
vn 0.96342 0.2589 -0.06929
vn 0.96285 0.26229 -0.06415
vn 0.96252 0.2622 -0.06939
vn 0.96193 0.26563 -0.06422
vn 0.96159 0.26554 -0.06949
vn 0.96099 0.26902 -0.06428
vn 0.96064 0.26892 -0.06959
vn 0.96002 0.27245 -0.06434
vn 0.95979 0.27062 -0.07458
vn 0.95935 0.27346 -0.06972
vn 0.95901 0.27337 -0.0747
vn 0.95855 0.27625 -0.0698
vn 0.9582 0.27615 -0.07481
vn 0.95772 0.27907 -0.06988
vn 0.95737 0.27897 -0.07493
vn 0.95688 0.28193 -0.06996
vn 0.95653 0.28182 -0.07504
vn 0.95602 0.28482 -0.07004
vn 0.95404 0.28901 -0.07921
vn 0.95367 0.29125 -0.07542
vn 0.95338 0.29116 -0.07933
vn 0.95299 0.29343 -0.07551
vn 0.9527 0.29334 -0.07944
vn 0.95231 0.29563 -0.0756
vn 0.95201 0.29554 -0.07955
vn 0.9516 0.29787 -0.07568
vn 0.95131 0.29778 -0.07967
vn 0.95088 0.30013 -0.07577
vn 0.94532 0.31524 -0.08357
vn 0.94949 0.30308 -0.08125
vn 0.94905 0.3048 -0.08003
vn 0.94895 0.30477 -0.08135
vn 0.94849 0.30651 -0.08012
vn 0.94839 0.30648 -0.08144
vn 0.94792 0.30824 -0.08021
vn 0.94782 0.30821 -0.08154
vn 0.94734 0.30999 -0.0803
vn 0.94724 0.30996 -0.08164
vn 0.94675 0.31177 -0.08039
vn 0.93187 0.35216 -0.08713
vn 0.93185 0.35227 -0.087
vn 0.89938 0.42806 -0.08884
vn 0.90029 0.42566 -0.09101
vn 0.90049 0.42575 -0.08861
vn 0.90142 0.42332 -0.0908
vn 0.90161 0.42342 -0.08839
vn 0.90255 0.42096 -0.09058
vn 0.90274 0.42105 -0.08816
vn 0.90368 0.41856 -0.09037
vn 0.90388 0.41865 -0.08792
vn 0.90483 0.41612 -0.09014
vn 0.90503 0.41621 -0.08768
vn 0.90598 0.41365 -0.08992
vn 0.90619 0.41374 -0.08744
vn 0.90715 0.41115 -0.08969
vn 0.90735 0.41124 -0.08719
vn 0.90854 0.40811 -0.08941
vn 0.90875 0.4082 -0.0869
vn 0.90995 0.40503 -0.08912
vn 0.91016 0.40512 -0.08659
vn 0.91137 0.40189 -0.08883
vn 0.91158 0.40198 -0.08628
vn 0.9128 0.39869 -0.08854
vn 0.91301 0.39878 -0.08597
vn 0.9157 0.39213 -0.08793
vn 0.91591 0.39222 -0.08532
vn 0.87909 0.46827 -0.08895
vn 0.88065 0.46467 -0.09236
vn 0.88096 0.46483 -0.0886
vn 0.88253 0.46117 -0.09203
vn 0.88283 0.46133 -0.08823
vn 0.88441 0.45761 -0.09169
vn 0.88472 0.45777 -0.08787
vn 0.88631 0.454 -0.09134
vn 0.88662 0.45415 -0.08749
vn 0.88822 0.45031 -0.09099
vn 0.88853 0.45047 -0.08711
vn 0.89015 0.44657 -0.09063
vn 0.89046 0.44673 -0.08672
vn 0.89208 0.44276 -0.09026
vn 0.8924 0.44292 -0.08633
vn 0.89441 0.43814 -0.08982
vn 0.89472 0.43829 -0.08584
vn 0.89675 0.43341 -0.08936
vn 0.89707 0.43357 -0.08535
vn 0.89911 0.42859 -0.08889
vn 0.89943 0.42874 -0.08485
vn 0.90149 0.42367 -0.08841
vn 0.90181 0.42382 -0.08433
vn 0.90629 0.41351 -0.08742
vn 0.90662 0.41366 -0.08326
vn 0.91115 0.40291 -0.08637
vn 0.91148 0.40306 -0.08214
vn 0.86076 0.50103 -0.08985
vn 0.86318 0.49648 -0.09183
vn 0.86337 0.49659 -0.08938
vn 0.86581 0.49197 -0.09137
vn 0.866 0.49208 -0.08891
vn 0.86845 0.48738 -0.0909
vn 0.86864 0.48748 -0.08842
vn 0.8711 0.48271 -0.09043
vn 0.8713 0.48281 -0.08793
vn 0.87377 0.47795 -0.08994
vn 0.87396 0.47806 -0.08742
vn 0.87645 0.47312 -0.08945
vn 0.87664 0.47323 -0.08691
vn 0.87913 0.4682 -0.08894
vn 0.87933 0.46831 -0.08639
vn 0.88235 0.46222 -0.08833
vn 0.88255 0.46233 -0.08575
vn 0.88559 0.45612 -0.0877
vn 0.88579 0.45622 -0.0851
vn 0.88883 0.44989 -0.08705
vn 0.88903 0.44999 -0.08443
vn 0.89209 0.44352 -0.08639
vn 0.89229 0.44363 -0.08375
vn 0.89863 0.43039 -0.08502
vn 0.89883 0.43049 -0.08233
vn 0.9052 0.4167 -0.08358
vn 0.9054 0.41679 -0.08084
vn 0.91177 0.40241 -0.08207
vn 0.91198 0.4025 -0.07928
vn 0.84926 0.5204 -0.08909
vn 0.85225 0.5151 -0.09132
vn 0.85247 0.51523 -0.08854
vn 0.85546 0.50984 -0.09077
vn 0.85568 0.50997 -0.08797
vn 0.85868 0.50451 -0.09021
vn 0.8589 0.50463 -0.0874
vn 0.8619 0.49909 -0.08964
vn 0.86212 0.49921 -0.08681
vn 0.86513 0.49358 -0.08906
vn 0.86534 0.49371 -0.08622
vn 0.86835 0.48799 -0.08848
vn 0.86857 0.48811 -0.08561
vn 0.87158 0.48231 -0.08788
vn 0.8718 0.48244 -0.08499
vn 0.87543 0.47543 -0.08715
vn 0.87565 0.47555 -0.08424
vn 0.87927 0.46842 -0.0864
vn 0.87949 0.46853 -0.08348
vn 0.88311 0.46127 -0.08564
vn 0.88334 0.46139 -0.08269
vn 0.88695 0.454 -0.08486
vn 0.88717 0.45411 -0.0819
vn 0.8946 0.43905 -0.08325
vn 0.89482 0.43916 -0.08025
vn 0.90219 0.42356 -0.08158
vn 0.90241 0.42366 -0.07853
vn 0.90971 0.4075 -0.07983
vn 0.90993 0.4076 -0.07674
vn 0.91713 0.39087 -0.07801
vn 0.78448 0.61376 -0.08885
vn 0.82839 0.55317 -0.08815
vn 0.83224 0.54675 -0.0919
vn 0.83257 0.54697 -0.08747
vn 0.83642 0.54045 -0.09123
vn 0.83675 0.54066 -0.08678
vn 0.84059 0.53404 -0.09055
vn 0.84093 0.53426 -0.08608
vn 0.84477 0.52754 -0.08985
vn 0.8451 0.52775 -0.08536
vn 0.84893 0.52092 -0.08915
vn 0.84927 0.52113 -0.08462
vn 0.85309 0.51421 -0.08843
vn 0.85343 0.51441 -0.08388
vn 0.85725 0.50738 -0.08769
vn 0.85758 0.50758 -0.08312
vn 0.86218 0.49911 -0.0868
vn 0.86252 0.4993 -0.0822
vn 0.8671 0.49068 -0.08589
vn 0.86744 0.49087 -0.08125
vn 0.87199 0.48209 -0.08496
vn 0.87233 0.48228 -0.08029
vn 0.87686 0.47335 -0.084
vn 0.8772 0.47353 -0.07931
vn 0.8865 0.45539 -0.08204
vn 0.88684 0.45556 -0.07728
vn 0.896 0.43679 -0.07998
vn 0.89634 0.43695 -0.07517
vn 0.90532 0.41754 -0.07785
vn 0.90565 0.4177 -0.07298
vn 0.91441 0.39765 -0.07562
vn 0.96538 0.25433 -0.05798
vn 0.96454 0.25892 -0.05115
vn 0.96418 0.25882 -0.05802
vn 0.96219 0.2647 -0.0642
vn 0.96144 0.26882 -0.0581
vn 0.96107 0.26872 -0.06428
vn 0.96006 0.27368 -0.05814
vn 0.95969 0.27357 -0.06436
vn 0.95867 0.27582 -0.06979
vn 0.958 0.27944 -0.06447
vn 0.95765 0.27934 -0.06989
vn 0.95674 0.28369 -0.06455
vn 0.95639 0.28359 -0.07001
vn 0.95544 0.28801 -0.06462
vn 0.95509 0.2879 -0.07013
vn 0.95477 0.28765 -0.07528
vn 0.95423 0.29073 -0.07021
vn 0.95386 0.29062 -0.0754
vn 0.95311 0.29433 -0.07031
vn 0.95275 0.29421 -0.07554
vn 0.95197 0.29798 -0.07041
vn 0.9516 0.29787 -0.07568
vn 0.95079 0.30169 -0.07051
vn 0.95042 0.30158 -0.07583
vn 0.94985 0.30233 -0.0799
vn 0.9494 0.30475 -0.07595
vn 0.9491 0.30465 -0.08002
vn 0.94848 0.30756 -0.07606
vn 0.94818 0.30746 -0.08017
vn 0.94754 0.31042 -0.07617
vn 0.94723 0.31032 -0.08031
vn 0.94658 0.31332 -0.07629
vn 0.94627 0.31322 -0.08046
vn 0.94559 0.31627 -0.0764
vn 0.94527 0.31616 -0.08061
vn 0.94604 0.31354 -0.08184
vn 0.94553 0.3154 -0.08057
vn 0.94543 0.31536 -0.08194
vn 0.94478 0.3176 -0.08068
vn 0.94468 0.31757 -0.08206
vn 0.94402 0.31985 -0.08079
vn 0.94391 0.31981 -0.08219
vn 0.94323 0.32213 -0.08091
vn 0.94312 0.32209 -0.08231
vn 0.94243 0.32445 -0.08102
vn 0.94232 0.32441 -0.08244
vn 0.94075 0.32921 -0.08126
vn 0.94064 0.32917 -0.0827
vn 0.94258 0.32323 -0.08408
vn 0.94223 0.32467 -0.08246
vn 0.94209 0.32462 -0.08417
vn 0.94164 0.32636 -0.08255
vn 0.9415 0.32631 -0.08428
vn 0.94103 0.32808 -0.08264
vn 0.94089 0.32803 -0.08438
vn 0.94041 0.32982 -0.08274
vn 0.94027 0.32977 -0.0845
vn 0.93978 0.3316 -0.08283
vn 0.93964 0.33155 -0.08461
vn 0.93846 0.33525 -0.08303
vn 0.93832 0.3352 -0.08484
vn 0.93709 0.33902 -0.08324
vn 0.93694 0.33897 -0.08508
vn 0.93751 0.33719 -0.08593
vn 0.9373 0.33801 -0.08502
vn 0.93722 0.33798 -0.08599
vn 0.93694 0.33897 -0.08508
vn 0.93686 0.33894 -0.08606
vn 0.93659 0.33994 -0.08514
vn 0.93651 0.33991 -0.08613
vn 0.93622 0.34093 -0.0852
vn 0.93614 0.3409 -0.0862
vn 0.93585 0.34194 -0.08526
vn 0.93577 0.34191 -0.08627
vn 0.93508 0.344 -0.08539
vn 0.93499 0.34397 -0.08641
vn 0.93428 0.34614 -0.08552
vn 0.93419 0.34611 -0.08657
vn 0.93344 0.34836 -0.08566
vn 0.93335 0.34832 -0.08672
vn 0.92411 0.3719 -0.08781
vn 0.93162 0.35281 -0.08718
vn 0.93159 0.35293 -0.08705
vn 0.93158 0.35292 -0.08719
vn 0.93154 0.35307 -0.08706
vn 0.93153 0.35306 -0.0872
vn 0.93148 0.35321 -0.08707
vn 0.93147 0.3532 -0.08721
vn 0.93143 0.35335 -0.08708
vn 0.93142 0.35334 -0.08722
vn 0.93137 0.35349 -0.08709
vn 0.93136 0.35349 -0.08723
vn 0.93126 0.35379 -0.08711
vn 0.93125 0.35379 -0.08726
vn 0.93114 0.3541 -0.08713
vn 0.93113 0.3541 -0.08728
vn 0.93102 0.35442 -0.08715
vn 0.931 0.35442 -0.08731
vn 0.93089 0.35476 -0.08718
vn 0.82032 0.56486 -0.08943
vn 0.81472 0.57369 -0.08433
vn 0.81429 0.57338 -0.09036
vn 0.80868 0.58204 -0.08527
vn 0.80825 0.58173 -0.09127
vn 0.80263 0.59022 -0.0862
vn 0.8022 0.5899 -0.09215
vn 0.79658 0.59823 -0.0871
vn 0.79615 0.59791 -0.09301
vn 0.79053 0.60607 -0.08798
vn 0.7901 0.60575 -0.09386
vn 0.82076 0.56516 -0.08336
vn 0.82634 0.55617 -0.08848
vn 0.82678 0.55647 -0.08237
vn 0.8335 0.54558 -0.08732
vn 0.83393 0.54587 -0.08116
vn 0.84062 0.53474 -0.08613
vn 0.84105 0.53502 -0.07992
vn 0.8477 0.52364 -0.0849
vn 0.84814 0.52391 -0.07865
vn 0.85473 0.51229 -0.08364
vn 0.85517 0.51255 -0.07734
vn 0.86862 0.48881 -0.08102
vn 0.86906 0.48905 -0.07463
vn 0.88222 0.46429 -0.07827
vn 0.88265 0.46452 -0.07178
vn 0.89545 0.43874 -0.07537
vn 0.89587 0.43895 -0.06881
vn 0.90823 0.41217 -0.07234
vn 0.93168 0.3527 -0.08703
vn 0.93171 0.35259 -0.08716
vn 0.94319 0.3219 -0.0823
vn 0.94353 0.32049 -0.0839
vn 0.95995 0.27547 -0.05111
vn 0.96117 0.26977 -0.05811
vn 0.95717 0.28362 -0.05822
vn 0.92503 0.36944 -0.08849
vn 0.92475 0.37034 -0.08767
vn 0.92468 0.37031 -0.08856
vn 0.9244 0.37119 -0.08775
vn 0.92433 0.37116 -0.08862
vn 0.92511 0.36947 -0.0876
vn 0.92539 0.36855 -0.08842
vn 0.92547 0.36858 -0.08752
vn 0.92576 0.36765 -0.08835
vn 0.92583 0.36768 -0.08744
vn 0.9265 0.3658 -0.0882
vn 0.92658 0.36583 -0.08728
vn 0.92727 0.36389 -0.08805
vn 0.92735 0.36392 -0.08711
vn 0.92807 0.3619 -0.0879
vn 0.92814 0.36193 -0.08694
vn 0.92888 0.35983 -0.08773
vn 0.95793 0.28104 -0.0582
vn 0.95482 0.29277 -0.05106
vn 0.95444 0.29265 -0.05828
vn 0.95107 0.30474 -0.05101
vn 0.95068 0.30462 -0.05835
vn 0.94703 0.31708 -0.05095
vn 0.94664 0.31695 -0.05842
vn 0.95527 0.28859 -0.06463
vn 0.95243 0.29911 -0.05832
vn 0.95205 0.29899 -0.06481
vn 0.94899 0.30984 -0.05838
vn 0.94861 0.30971 -0.06498
vn 0.94531 0.3209 -0.05844
vn 0.94491 0.32077 -0.06516
vn 0.94135 0.33231 -0.05849
vn 0.95236 0.29674 -0.07037
vn 0.94983 0.30596 -0.06492
vn 0.94946 0.30584 -0.07062
vn 0.94674 0.31536 -0.06507
vn 0.94636 0.31524 -0.07087
vn 0.94344 0.32506 -0.06522
vn 0.94306 0.32493 -0.07112
vn 0.93992 0.33507 -0.06537
vn 0.94135 0.32856 -0.07686
vn 0.94102 0.32844 -0.08122
vn 0.93905 0.33501 -0.0771
vn 0.93872 0.33489 -0.08154
vn 0.93663 0.34169 -0.07735
vn 0.93606 0.34148 -0.08475
vn 0.92162 0.37829 -0.08664
vn 0.9352 0.34449 -0.08201
vn 0.93703 0.33918 -0.08325
vn 0.93715 0.33922 -0.08175
vn 0.93502 0.34442 -0.08429
vn 0.93408 0.34697 -0.08426
vn 0.93413 0.34699 -0.08367
vn 0.92184 0.37838 -0.08394
vn 0.92465 0.37099 -0.08595
vn 0.92465 0.37099 -0.08597
vn 0.92067 0.38015 -0.08856
vn 0.92103 0.3803 -0.08413
vn 0.93172 0.35259 -0.08702
vn 0.93175 0.35248 -0.08715
vn 0.94366 0.32054 -0.08223
vn 0.94399 0.31915 -0.08382
vn 0.93176 0.35248 -0.08702
vn 0.93179 0.35237 -0.08714
vn 0.9318 0.35238 -0.08701
vn 0.93183 0.35227 -0.08714
vn 0.94412 0.3192 -0.08215
vn 0.94444 0.31783 -0.08373
vn 0.94457 0.31788 -0.08208
vn 0.94489 0.31653 -0.08365
vn 0.94502 0.31657 -0.08201
vn 0.97782 -0.20476 -0.04408
vn 0.9771 -0.20814 -0.04409
vn 0.97128 -0.23329 -0.04686
vn 0.97503 -0.21448 -0.05749
vn 0.97346 -0.22211 -0.05516
vn 0.97183 -0.22912 -0.05521
vn 0.97288 -0.22537 -0.05214
vn 0.9701 -0.2357 -0.0579
vn 0.97106 -0.23236 -0.05523
vn 0.96795 -0.24236 -0.06582
vn 0.96776 -0.24337 -0.06486
vn 0.96342 -0.25993 -0.06522
vn 0.96227 -0.26313 -0.06925
vn 0.96017 -0.27066 -0.06947
vn 0.9591 -0.27348 -0.07307
vn 0.95671 -0.28165 -0.07337
vn 0.95574 -0.28409 -0.07652
vn 0.95259 -0.29436 -0.07698
vn 0.95175 -0.29637 -0.07961
vn 0.94968 -0.30285 -0.07994
vn 0.94488 -0.31612 -0.08526
vn 0.94412 -0.31867 -0.08418
vn 0.93663 -0.33971 -0.08558
vn 0.93658 -0.33969 -0.08624
vn 0.92901 -0.3595 -0.0877
vn 0.92861 -0.35935 -0.09249
vn 0.92582 -0.36745 -0.08852
vn 0.96634 -0.24907 -0.06439
vn 0.9644 -0.25562 -0.0678
vn 0.96404 -0.25664 -0.06908
vn 0.96256 -0.26211 -0.06908
vn 0.96072 -0.26774 -0.073
vn 0.96054 -0.26849 -0.07259
vn 0.95869 -0.27485 -0.07334
vn 0.9572 -0.27912 -0.07662
vn 0.95669 -0.28112 -0.07566
vn 0.95477 -0.28736 -0.07646
vn 0.95299 -0.29224 -0.08002
vn 0.95266 -0.29351 -0.07937
vn 0.95071 -0.29968 -0.07963
vn 0.95061 -0.29996 -0.0798
vn 0.94859 -0.30579 -0.08164
vn 0.94518 -0.31482 -0.08673
vn 0.94175 -0.32549 -0.08464
vn 0.93682 -0.33919 -0.08555
vn 0.93655 -0.33909 -0.08888
vn 0.93623 -0.34019 -0.08798
vn 0.94117 -0.32737 -0.08378
vn 0.93126 -0.35359 -0.08792
vn 0.91973 -0.38167 -0.09176
vn 0.91881 -0.38347 -0.09343
vn 0.91915 -0.38361 -0.08948
vn 0.91961 -0.38276 -0.08833
vn 0.91953 -0.38272 -0.08941
vn 0.92 -0.38186 -0.08825
vn 0.91991 -0.38182 -0.08934
vn 0.92038 -0.38095 -0.08817
vn 0.92029 -0.38091 -0.08927
vn 0.92117 -0.37908 -0.08801
vn 0.92108 -0.37905 -0.08912
vn 0.92197 -0.37716 -0.08784
vn 0.92188 -0.37712 -0.08896
vn 0.92397 -0.37234 -0.08741
vn 0.92387 -0.3723 -0.08857
vn 0.92609 -0.36716 -0.08695
vn 0.92614 -0.36718 -0.08624
vn 0.92138 -0.3789 -0.08657
vn 0.91709 -0.38884 -0.08796
vn 0.91735 -0.38895 -0.08478
vn 0.90339 -0.41973 -0.08783
vn 0.90357 -0.41981 -0.08558
vn 0.88463 -0.45763 -0.08942
vn 0.88485 -0.45774 -0.08672
vn 0.8695 -0.48572 -0.08964
vn 0.86975 -0.48586 -0.08651
vn 0.84668 -0.52433 -0.09062
vn 0.84702 -0.52455 -0.0861
vn 0.8044 -0.58679 -0.09285
vn 0.80484 -0.58711 -0.08683
vn 0.74849 -0.65638 -0.09453
vn 0.74901 -0.65684 -0.08687
vn 0.69682 -0.71118 -0.09311
vn 0.69497 -0.71325 -0.09105
vn 0.66866 -0.73844 -0.08716
vn 0.91367 -0.39651 -0.0893
vn 0.90657 -0.41149 -0.09389
vn 0.90643 -0.41174 -0.09412
vn 0.89981 -0.42715 -0.0888
vn 0.89514 -0.4365 -0.09048
vn 0.89227 -0.4429 -0.08775
vn 0.88418 -0.45867 -0.08858
vn 0.88245 -0.4617 -0.09012
vn 0.87588 -0.47438 -0.08833
vn 0.86853 -0.48708 -0.09171
vn 0.86721 -0.48961 -0.09075
vn 0.85884 -0.5042 -0.09046
vn 0.85484 -0.51058 -0.09245
vn 0.85094 -0.51746 -0.09024
vn 0.84412 -0.52857 -0.08984
vn 0.83551 -0.5416 -0.09275
vn 0.83502 -0.54227 -0.09322
vn 0.83507 -0.54231 -0.09251
vn 0.83928 -0.53662 -0.08742
vn 0.83894 -0.53641 -0.09189
vn 0.84315 -0.53063 -0.08677
vn 0.84281 -0.53042 -0.09126
vn 0.811 -0.57811 -0.08977
vn 0.79275 -0.6014 -0.09937
vn 0.79313 -0.60169 -0.09444
vn 0.7992 -0.59464 -0.08768
vn 0.79876 -0.59431 -0.09366
vn 0.77461 -0.62609 -0.0894
vn 0.74018 -0.66542 -0.09671
vn 0.74026 -0.6655 -0.09553
vn 0.73037 -0.6772 -0.08921
vn 0.69394 -0.71419 -0.09153
vn 0.70085 -0.70839 -0.08361
vn 0.71608 -0.69207 -0.09092
vn 0.75723 -0.64749 -0.08579
vn 0.75671 -0.64703 -0.0935
vn 0.81048 -0.57942 -0.08597
vn 0.81004 -0.57911 -0.09203
vn 0.85474 -0.51209 -0.08473
vn 0.8544 -0.51188 -0.08929
vn 0.87566 -0.47533 -0.08538
vn 0.87541 -0.4752 -0.08855
vn 0.89623 -0.43549 -0.08437
vn 0.89601 -0.43539 -0.08717
vn 0.91259 -0.40025 -0.08357
vn 0.91206 -0.40002 -0.09016
vn 0.72355 -0.68552 -0.08091
vn 0.73508 -0.67216 -0.08864
vn 0.74585 -0.66152 -0.07808
vn 0.75377 -0.65146 -0.08625
vn 0.76765 -0.63645 -0.07512
vn 0.8073 -0.58489 -0.07853
vn 0.83566 -0.54428 -0.07378
vn 0.83512 -0.54393 -0.08195
vn 0.8853 -0.45937 -0.07223
vn 0.88594 -0.4597 -0.0616
vn 0.89906 -0.43269 -0.06676
vn 0.92087 -0.38126 -0.08148
vn 0.90268 -0.41955 -0.09563
vn 0.90696 -0.41083 -0.09291
vn 0.90785 -0.41124 -0.08178
vn 0.81707 -0.57256 -0.06758
vn 0.8403 -0.53719 -0.07295
vn 0.86182 -0.50373 -0.05946
vn 0.87163 -0.48631 -0.06139
vn 0.86697 -0.49493 -0.05842
vn 0.93334 -0.35651 -0.04208
vn 0.93061 -0.35546 -0.08721
vn 0.92992 -0.35711 -0.0879
vn 0.92996 -0.35713 -0.08734
vn 0.92966 -0.35787 -0.08758
vn 0.92967 -0.35788 -0.0874
vn 0.92938 -0.35857 -0.08763
vn 0.9294 -0.35857 -0.08746
vn 0.92927 -0.35884 -0.08765
vn 0.92929 -0.35885 -0.08748
vn 0.92917 -0.35911 -0.08767
vn 0.92918 -0.35912 -0.0875
vn 0.92912 -0.35925 -0.08768
vn 0.92913 -0.35925 -0.08751
vn 0.92906 -0.35938 -0.08769
vn 0.92908 -0.35938 -0.08753
vn 0.93208 -0.35602 -0.06696
vn 0.94494 -0.3152 -0.08789
vn 0.9436 -0.31968 -0.08613
vn 0.94448 -0.31998 -0.0747
vn 0.9477 -0.31038 -0.07438
vn 0.94746 -0.3103 -0.07767
vn 0.94848 -0.3072 -0.07753
vn 0.94828 -0.30714 -0.08016
vn 0.94381 -0.32045 -0.08084
vn 0.94354 -0.32035 -0.0843
vn 0.93624 -0.34076 -0.08565
vn 0.93619 -0.34074 -0.08632
vn 0.94984 -0.30951 -0.04481
vn 0.95255 -0.30133 -0.04295
vn 0.95301 -0.29781 -0.05549
vn 0.95604 -0.28794 -0.05547
vn 0.95544 -0.28776 -0.06579
vn 0.9577 -0.28017 -0.06564
vn 0.95744 -0.2801 -0.06974
vn 0.95674 -0.28244 -0.0698
vn 0.9565 -0.28236 -0.07339
vn 0.9552 -0.28668 -0.07355
vn 0.95498 -0.28661 -0.07664
vn 0.95194 -0.29643 -0.07707
vn 0.96017 -0.27605 -0.04329
vn 0.9633 -0.26267 -0.05538
vn 0.96669 -0.25221 -0.04358
vn 0.96765 -0.24616 -0.0553
vn 0.96619 -0.25183 -0.05533
vn 0.96562 -0.25168 -0.06505
vn 0.96253 -0.2632 -0.06529
vn 0.96719 -0.24796 -0.05531
vn 0.85486 -0.5106 -0.09221
vn 0.85801 -0.50592 -0.08866
vn 0.85777 -0.50578 -0.09171
vn 0.86093 -0.50103 -0.08814
vn 0.86069 -0.50089 -0.09121
vn 0.86386 -0.49605 -0.08761
vn 0.86362 -0.49591 -0.0907
vn 0.86848 -0.48705 -0.09235
vn 0.87095 -0.48318 -0.08938
vn 0.87074 -0.48306 -0.09196
vn 0.87323 -0.47912 -0.08896
vn 0.87302 -0.47901 -0.09156
vn 0.87552 -0.47499 -0.08853
vn 0.87532 -0.47488 -0.09115
vn 0.88016 -0.46652 -0.08764
vn 0.87995 -0.46641 -0.0903
vn 0.8823 -0.46162 -0.09188
vn 0.88419 -0.45846 -0.0895
vn 0.88403 -0.45838 -0.09157
vn 0.88593 -0.45516 -0.08917
vn 0.88576 -0.45508 -0.09126
vn 0.88768 -0.45181 -0.08883
vn 0.88751 -0.45172 -0.09093
vn 0.89122 -0.44493 -0.08814
vn 0.89105 -0.44484 -0.09027
vn 0.89481 -0.43781 -0.08742
vn 0.89464 -0.43772 -0.08958
vn 0.9067 -0.41187 -0.09088
vn 0.8951 -0.43648 -0.09102
vn 0.8965 -0.43397 -0.08922
vn 0.89637 -0.43391 -0.09078
vn 0.89778 -0.43137 -0.08896
vn 0.89765 -0.43131 -0.09054
vn 0.89907 -0.42873 -0.08871
vn 0.89894 -0.42867 -0.09029
vn 0.90167 -0.42333 -0.08818
vn 0.90154 -0.42327 -0.08979
vn 0.90431 -0.41778 -0.08763
vn 0.90418 -0.41772 -0.08926
vn 0.91074 -0.40388 -0.08626
vn 0.9106 -0.40382 -0.08795
vn 0.9524 -0.2943 -0.0795
vn 0.95323 -0.29231 -0.07689
vn 0.95649 -0.28159 -0.07641
vn 0.95744 -0.27919 -0.07328
vn 0.96429 -0.25671 -0.06515
vn 0.95993 -0.27059 -0.07296
vn 0.96097 -0.26781 -0.06939
vn 0.96317 -0.25986 -0.06916
vn 0.96672 -0.24784 -0.0635
vn 0.90752 -0.41009 -0.09072
vn 0.9077 -0.41017 -0.08855
vn 0.90853 -0.40838 -0.08838
vn 0.93638 -0.34021 -0.08628
vn 0.76544 -0.63791 -0.08469
vn 0.76491 -0.63747 -0.09245
vn 0.82176 -0.56359 -0.08418
vn 0.82131 -0.56328 -0.09032
vn 0.86245 -0.49924 -0.08331
vn 0.86211 -0.49904 -0.08793
vn 0.88982 -0.4488 -0.08249
vn 0.88957 -0.44868 -0.08577
vn 0.90835 -0.40829 -0.09057
vn 0.90936 -0.40655 -0.08821
vn 0.90918 -0.40647 -0.09041
vn 0.91105 -0.40282 -0.08785
vn 0.91087 -0.40274 -0.09009
vn 0.91278 -0.39897 -0.08748
vn 0.91259 -0.39889 -0.08975
vn 0.91703 -0.38932 -0.08656
vn 0.91683 -0.38924 -0.0889
vn 0.92146 -0.37893 -0.08556
vn 0.93644 -0.34023 -0.08562
vn 0.93578 -0.34183 -0.0864
vn 0.94525 -0.31624 -0.08062
vn 0.94451 -0.31753 -0.08411
vn 0.94478 -0.31762 -0.08069
vn 0.95108 -0.29847 -0.07972
vn 0.95128 -0.29853 -0.07716
vn 0.95339 -0.29177 -0.07686
vn 0.95362 -0.29184 -0.07373
vn 0.95465 -0.28848 -0.07361
vn 0.9549 -0.28856 -0.06997
vn 0.95219 -0.29732 -0.07021
vn 0.95247 -0.29741 -0.06597
vn 0.94871 -0.30914 -0.06619
vn 0.94971 -0.30275 -0.07994
vn 0.95596 -0.28415 -0.07346
vn 0.95934 -0.27355 -0.06955
vn 0.95825 -0.2764 -0.07318
vn 0.9585 -0.27647 -0.06963
vn 0.96135 -0.26644 -0.06935
vn 0.96161 -0.26651 -0.06536
vn 0.96352 -0.25956 -0.06522
vn 0.9641 -0.25972 -0.05537
vn 0.95945 -0.27318 -0.06954
vn 0.78178 -0.61809 -0.08239
vn 0.78124 -0.61767 -0.09025
vn 0.833 -0.54711 -0.08231
vn 0.83256 -0.54682 -0.08853
vn 0.88066 -0.467 -0.07972
vn 0.88031 -0.46681 -0.08445
vn 0.90398 -0.42015 -0.07935
vn 0.93584 -0.34185 -0.08572
vn 0.93537 -0.34295 -0.08648
vn 0.93542 -0.34297 -0.0858
vn 0.93432 -0.34574 -0.08669
vn 0.93437 -0.34576 -0.08598
vn 0.93318 -0.34875 -0.08691
vn 0.9333 -0.34879 -0.08539
vn 0.95174 -0.29707 -0.0771
vn 0.94991 -0.30281 -0.07734
vn 0.9613 -0.26764 -0.06539
vn 0.95971 -0.27326 -0.0655
vn 0.79797 -0.59737 -0.07998
vn 0.79743 -0.59697 -0.08794
vn 0.85954 -0.50516 -0.07752
vn 0.85909 -0.5049 -0.08393
vn 0.89848 -0.43241 -0.07582
vn 0.94253 -0.32325 -0.08449
vn 0.94281 -0.32335 -0.08098
vn 0.94462 -0.31809 -0.08072
vn 0.94482 -0.31816 -0.078
vn 0.94267 -0.32442 -0.07826
vn 0.94216 -0.32425 -0.08484
vn 0.93997 -0.3305 -0.08497
vn 0.94987 -0.30373 -0.07415
vn 0.95197 -0.29714 -0.07392
vn 0.96188 -0.26781 -0.0554
vn 0.87132 -0.48613 -0.06694
vn 0.94026 -0.3306 -0.08134
vn 0.93717 -0.33825 -0.08549
vn 0.93733 -0.3383 -0.08348
vn 0.94624 -0.31564 -0.07069
vn 0.95013 -0.30381 -0.07038
vn 0.94035 -0.3297 -0.08393
vn 0.94055 -0.32977 -0.0813
vn 0.93334 0.35651 -0.04208
vn -0.93334 -0.35651 -0.04208
usemtl mat2
f 3//1 2//1 4//1
f 3//2 4//2 5//2
f 5//2 4//2 6//2
f 5//3 6//3 7//3
f 7//3 6//3 8//3
f 7//4 8//4 9//4
f 9//4 8//4 10//4
f 9//5 10//5 11//5
f 11//5 10//5 12//5
f 11//6 12//6 13//6
f 13//6 12//6 14//6
f 13//7 14//7 15//7
f 15//7 14//7 16//7
f 15//8 16//8 17//8
f 17//8 16//8 18//8
f 17//9 18//9 19//9
f 19//9 18//9 20//9
f 19//10 20//10 21//10
f 21//10 20//10 22//10
f 21//11 22//11 23//11
f 23//11 22//11 24//11
f 23//12 24//12 25//12
f 25//12 24//12 26//12
f 25//13 26//13 27//13
f 27//13 26//13 28//13
f 27//14 28//14 29//14
f 29//14 28//14 30//14
f 29//15 30//15 31//15
f 31//15 30//15 32//15
f 31//16 32//16 33//16
f 33//16 32//16 34//16
f 33//17 34//17 35//17
f 35//17 34//17 36//17
f 35//18 36//18 37//18
f 37//18 36//18 38//18
f 37//19 38//19 39//19
f 39//19 38//19 40//19
f 39//20 40//20 41//20
f 41//20 40//20 42//20
f 41//21 42//21 43//21
f 43//21 42//21 44//21
f 43//22 44//22 45//22
f 45//22 44//22 46//22
f 45//23 46//23 47//23
f 47//23 46//23 48//23
f 47//24 48//24 49//24
f 49//24 48//24 50//24
f 49//25 50//25 51//25
f 51//25 50//25 52//25
f 51//26 52//26 53//26
f 53//26 52//26 54//26
f 53//27 54//27 55//27
f 55//27 54//27 56//27
f 55//28 56//28 57//28
f 57//28 56//28 58//28
f 57//29 58//29 59//29
f 59//29 58//29 60//29
f 59//30 60//30 61//30
f 61//30 60//30 62//30
f 61//31 62//31 63//31
f 63//31 62//31 64//31
f 63//32 64//32 65//32
f 65//32 64//32 66//32
f 65//33 66//33 67//33
f 67//33 66//33 68//33
f 67//34 68//34 69//34
f 69//34 68//34 70//34
f 69//35 70//35 71//35
f 71//35 70//35 72//35
f 71//36 72//36 73//36
f 73//36 72//36 74//36
f 73//37 74//37 75//37
f 75//37 74//37 76//37
f 75//38 76//38 77//38
f 77//38 76//38 78//38
f 77//39 78//39 79//39
f 79//39 78//39 80//39
f 79//40 80//40 81//40
f 81//40 80//40 82//40
f 81//41 82//41 83//41
f 83//41 82//41 84//41
f 83//42 84//42 85//42
f 85//42 84//42 86//42
f 85//43 86//43 87//43
f 87//43 86//43 88//43
f 87//44 88//44 89//44
f 89//44 88//44 90//44
f 89//45 90//45 91//45
f 91//45 90//45 92//45
f 91//46 92//46 1//46
f 1//46 92//46 2//46
f 93//47 94//47 95//47
f 95//48 94//48 96//48
f 95//49 96//49 97//49
f 97//50 96//50 98//50
f 97//50 98//50 99//50
f 99//51 98//51 100//51
f 99//51 100//51 101//51
f 101//52 100//52 102//52
f 101//52 102//52 103//52
f 103//53 102//53 104//53
f 103//53 104//53 105//53
f 105//54 104//54 106//54
f 105//54 106//54 107//54
f 107//55 106//55 108//55
f 107//55 108//55 109//55
f 109//56 108//56 4//56
f 109//56 4//56 2//56
f 94//57 93//57 110//57
f 110//58 93//58 111//58
f 110//59 111//59 112//59
f 112//60 111//60 113//60
f 112//61 113//61 114//61
f 114//62 113//62 115//62
f 114//63 115//63 116//63
f 116//64 115//64 117//64
f 116//65 117//65 118//65
f 118//66 117//66 119//66
f 118//67 119//67 120//67
f 120//68 119//68 121//68
f 120//69 121//69 122//69
f 122//70 121//70 123//70
f 122//71 123//71 124//71
f 124//72 123//72 125//72
f 124//73 125//73 126//73
f 126//74 125//74 127//74
f 126//75 127//75 128//75
f 128//76 127//76 129//76
f 128//77 129//77 130//77
f 130//78 129//78 131//78
f 130//79 131//79 30//79
f 30//80 131//80 32//80
f 117//81 132//81 119//81
f 119//82 132//82 133//82
f 119//68 133//68 121//68
f 121//83 133//83 134//83
f 121//70 134//70 123//70
f 123//84 134//84 135//84
f 123//72 135//72 125//72
f 125//85 135//85 136//85
f 125//74 136//74 127//74
f 127//86 136//86 137//86
f 127//76 137//76 129//76
f 129//87 137//87 138//87
f 129//78 138//78 131//78
f 131//88 138//88 139//88
f 131//80 139//80 32//80
f 32//89 139//89 34//89
f 132//90 140//90 133//90
f 133//91 140//91 141//91
f 133//83 141//83 134//83
f 134//92 141//92 142//92
f 134//84 142//84 135//84
f 135//93 142//93 143//93
f 135//85 143//85 136//85
f 136//94 143//94 144//94
f 136//86 144//86 137//86
f 137//95 144//95 145//95
f 137//87 145//87 138//87
f 138//96 145//96 146//96
f 138//88 146//88 139//88
f 139//97 146//97 147//97
f 139//89 147//89 34//89
f 34//98 147//98 36//98
f 140//99 148//99 141//99
f 141//100 148//100 149//100
f 141//92 149//92 142//92
f 142//101 149//101 150//101
f 142//93 150//93 143//93
f 143//102 150//102 151//102
f 143//94 151//94 144//94
f 144//103 151//103 152//103
f 144//95 152//95 145//95
f 145//104 152//104 153//104
f 145//96 153//96 146//96
f 146//105 153//105 154//105
f 146//97 154//97 147//97
f 147//106 154//106 155//106
f 147//98 155//98 36//98
f 36//107 155//107 38//107
f 148//108 156//108 149//108
f 149//109 156//109 157//109
f 149//101 157//101 150//101
f 150//110 157//110 158//110
f 150//102 158//102 151//102
f 151//111 158//111 159//111
f 151//103 159//103 152//103
f 152//112 159//112 160//112
f 152//104 160//104 153//104
f 153//113 160//113 161//113
f 153//105 161//105 154//105
f 154//114 161//114 162//114
f 154//106 162//106 155//106
f 155//115 162//115 163//115
f 155//107 163//107 38//107
f 38//116 163//116 40//116
f 156//117 164//117 157//117
f 157//117 164//117 165//117
f 157//110 165//110 158//110
f 158//118 165//118 166//118
f 158//111 166//111 159//111
f 159//119 166//119 167//119
f 159//112 167//112 160//112
f 160//120 167//120 168//120
f 160//113 168//113 161//113
f 161//121 168//121 169//121
f 161//114 169//114 162//114
f 162//122 169//122 170//122
f 162//115 170//115 163//115
f 163//123 170//123 171//123
f 163//116 171//116 40//116
f 40//124 171//124 42//124
f 165//125 164//125 172//125
f 172//126 164//126 173//126
f 172//127 173//127 174//127
f 174//128 173//128 175//128
f 174//129 175//129 176//129
f 176//130 175//130 177//130
f 176//131 177//131 178//131
f 178//132 177//132 179//132
f 178//133 179//133 180//133
f 180//134 179//134 181//134
f 180//135 181//135 182//135
f 182//136 181//136 183//136
f 182//137 183//137 184//137
f 184//138 183//138 185//138
f 184//139 185//139 186//139
f 186//140 185//140 187//140
f 186//141 187//141 188//141
f 188//142 187//142 189//142
f 188//143 189//143 190//143
f 190//144 189//144 191//144
f 190//145 191//145 192//145
f 192//146 191//146 193//146
f 192//147 193//147 52//147
f 52//148 193//148 54//148
f 179//149 194//149 181//149
f 181//150 194//150 195//150
f 181//136 195//136 183//136
f 183//151 195//151 196//151
f 183//138 196//138 185//138
f 185//152 196//152 197//152
f 185//140 197//140 187//140
f 187//153 197//153 198//153
f 187//142 198//142 189//142
f 189//154 198//154 199//154
f 189//144 199//144 191//144
f 191//155 199//155 200//155
f 191//146 200//146 193//146
f 193//156 200//156 201//156
f 193//148 201//148 54//148
f 54//157 201//157 56//157
f 194//158 202//158 195//158
f 195//159 202//159 203//159
f 195//151 203//151 196//151
f 196//160 203//160 204//160
f 196//152 204//152 197//152
f 197//161 204//161 205//161
f 197//153 205//153 198//153
f 198//162 205//162 206//162
f 198//154 206//154 199//154
f 199//163 206//163 207//163
f 199//155 207//155 200//155
f 200//164 207//164 208//164
f 200//156 208//156 201//156
f 201//165 208//165 209//165
f 201//157 209//157 56//157
f 56//166 209//166 58//166
f 202//167 210//167 203//167
f 203//168 210//168 211//168
f 203//160 211//160 204//160
f 204//169 211//169 212//169
f 204//161 212//161 205//161
f 205//170 212//170 213//170
f 205//162 213//162 206//162
f 206//171 213//171 214//171
f 206//163 214//163 207//163
f 207//172 214//172 215//172
f 207//164 215//164 208//164
f 208//173 215//173 216//173
f 208//165 216//165 209//165
f 209//174 216//174 217//174
f 209//166 217//166 58//166
f 58//175 217//175 60//175
f 210//176 218//176 211//176
f 211//177 218//177 219//177
f 211//169 219//169 212//169
f 212//178 219//178 220//178
f 212//170 220//170 213//170
f 213//179 220//179 221//179
f 213//171 221//171 214//171
f 214//180 221//180 222//180
f 214//172 222//172 215//172
f 215//181 222//181 223//181
f 215//173 223//173 216//173
f 216//182 223//182 224//182
f 216//174 224//174 217//174
f 217//183 224//183 225//183
f 217//175 225//175 60//175
f 60//184 225//184 62//184
f 218//185 226//185 219//185
f 219//186 226//186 227//186
f 219//178 227//178 220//178
f 220//187 227//187 228//187
f 220//179 228//179 221//179
f 221//188 228//188 229//188
f 221//180 229//180 222//180
f 222//189 229//189 230//189
f 222//181 230//181 223//181
f 223//190 230//190 231//190
f 223//182 231//182 224//182
f 224//191 231//191 232//191
f 224//183 232//183 225//183
f 225//192 232//192 233//192
f 225//184 233//184 62//184
f 62//193 233//193 64//193
f 227//194 226//194 234//194
f 234//195 226//195 235//195
f 234//196 235//196 236//196
f 236//197 235//197 237//197
f 236//198 237//198 238//198
f 238//199 237//199 239//199
f 238//200 239//200 240//200
f 240//201 239//201 241//201
f 240//202 241//202 242//202
f 242//203 241//203 243//203
f 242//204 243//204 244//204
f 244//205 243//205 245//205
f 244//206 245//206 246//206
f 246//207 245//207 247//207
f 246//208 247//208 248//208
f 248//209 247//209 249//209
f 248//210 249//210 250//210
f 250//211 249//211 251//211
f 250//212 251//212 252//212
f 252//213 251//213 253//213
f 252//214 253//214 254//214
f 254//215 253//215 255//215
f 254//216 255//216 256//216
f 256//217 255//217 257//217
f 256//218 257//218 76//218
f 76//219 257//219 78//219
f 243//220 258//220 245//220
f 245//221 258//221 259//221
f 245//207 259//207 247//207
f 247//222 259//222 260//222
f 247//209 260//209 249//209
f 249//223 260//223 261//223
f 249//211 261//211 251//211
f 251//224 261//224 262//224
f 251//213 262//213 253//213
f 253//225 262//225 263//225
f 253//215 263//215 255//215
f 255//226 263//226 264//226
f 255//217 264//217 257//217
f 257//227 264//227 265//227
f 257//219 265//219 78//219
f 78//228 265//228 80//228
f 258//229 266//229 259//229
f 259//230 266//230 267//230
f 259//222 267//222 260//222
f 260//231 267//231 268//231
f 260//223 268//223 261//223
f 261//232 268//232 269//232
f 261//224 269//224 262//224
f 262//233 269//233 270//233
f 262//225 270//225 263//225
f 263//234 270//234 271//234
f 263//226 271//226 264//226
f 264//235 271//235 272//235
f 264//227 272//227 265//227
f 265//236 272//236 273//236
f 265//228 273//228 80//228
f 80//237 273//237 82//237
f 266//238 274//238 267//238
f 267//239 274//239 275//239
f 267//231 275//231 268//231
f 268//240 275//240 276//240
f 268//232 276//232 269//232
f 269//241 276//241 277//241
f 269//233 277//233 270//233
f 270//242 277//242 278//242
f 270//234 278//234 271//234
f 271//243 278//243 279//243
f 271//235 279//235 272//235
f 272//244 279//244 280//244
f 272//236 280//236 273//236
f 273//245 280//245 281//245
f 273//237 281//237 82//237
f 82//246 281//246 84//246
f 274//247 282//247 275//247
f 275//248 282//248 283//248
f 275//240 283//240 276//240
f 276//249 283//249 284//249
f 276//241 284//241 277//241
f 277//250 284//250 285//250
f 277//242 285//242 278//242
f 278//251 285//251 286//251
f 278//243 286//243 279//243
f 279//252 286//252 287//252
f 279//244 287//244 280//244
f 280//253 287//253 288//253
f 280//245 288//245 281//245
f 281//254 288//254 289//254
f 281//246 289//246 84//246
f 84//255 289//255 86//255
f 282//256 290//256 283//256
f 283//256 290//256 291//256
f 283//249 291//249 284//249
f 284//257 291//257 292//257
f 284//250 292//250 285//250
f 285//258 292//258 293//258
f 285//251 293//251 286//251
f 286//259 293//259 294//259
f 286//252 294//252 287//252
f 287//260 294//260 295//260
f 287//253 295//253 288//253
f 288//261 295//261 296//261
f 288//254 296//254 289//254
f 289//262 296//262 297//262
f 289//255 297//255 86//255
f 86//263 297//263 88//263
f 291//264 290//264 298//264
f 298//265 290//265 299//265
f 298//266 299//266 300//266
f 300//267 299//267 301//267
f 300//268 301//268 302//268
f 302//269 301//269 303//269
f 302//270 303//270 304//270
f 304//271 303//271 305//271
f 304//272 305//272 306//272
f 306//273 305//273 307//273
f 306//274 307//274 308//274
f 308//275 307//275 309//275
f 308//276 309//276 310//276
f 310//277 309//277 311//277
f 310//278 311//278 312//278
f 312//279 311//279 313//279
f 312//280 313//280 314//280
f 314//281 313//281 105//281
f 314//282 105//282 107//282
f 305//283 315//283 307//283
f 307//284 315//284 316//284
f 307//275 316//275 309//275
f 309//285 316//285 317//285
f 309//277 317//277 311//277
f 311//286 317//286 318//286
f 311//279 318//279 313//279
f 313//287 318//287 103//287
f 313//281 103//281 105//281
f 315//288 319//288 316//288
f 316//289 319//289 320//289
f 316//285 320//285 317//285
f 317//290 320//290 321//290
f 317//286 321//286 318//286
f 318//291 321//291 101//291
f 318//287 101//287 103//287
f 319//292 322//292 320//292
f 320//293 322//293 323//293
f 320//290 323//290 321//290
f 321//294 323//294 99//294
f 321//291 99//291 101//291
f 322//295 324//295 323//295
f 323//296 324//296 97//296
f 323//294 97//294 99//294
f 324//297 95//297 97//297
f 52//147 50//147 192//147
f 192//298 50//298 325//298
f 192//145 325//145 190//145
f 190//299 325//299 326//299
f 190//143 326//143 188//143
f 188//300 326//300 327//300
f 188//141 327//141 186//141
f 186//301 327//301 328//301
f 186//139 328//139 184//139
f 184//302 328//302 329//302
f 184//137 329//137 182//137
f 182//303 329//303 330//303
f 182//135 330//135 180//135
f 180//304 330//304 178//304
f 325//298 50//298 48//298
f 228//187 227//187 234//187
f 109//305 2//305 331//305
f 331//305 2//305 92//305
f 331//306 92//306 332//306
f 332//306 92//306 90//306
f 332//307 90//307 333//307
f 333//307 90//307 88//307
f 333//263 88//263 297//263
f 107//308 109//308 334//308
f 334//308 109//308 331//308
f 334//309 331//309 335//309
f 335//309 331//309 332//309
f 335//310 332//310 336//310
f 336//310 332//310 333//310
f 336//311 333//311 337//311
f 337//311 333//311 297//311
f 337//262 297//262 296//262
f 98//312 96//312 338//312
f 338//312 96//312 94//312
f 338//313 94//313 339//313
f 339//313 94//313 110//313
f 339//314 110//314 340//314
f 340//314 110//314 112//314
f 340//315 112//315 341//315
f 341//315 112//315 114//315
f 341//316 114//316 342//316
f 342//316 114//316 116//316
f 342//317 116//317 343//317
f 343//317 116//317 118//317
f 343//67 118//67 120//67
f 100//318 98//318 344//318
f 344//318 98//318 338//318
f 344//319 338//319 345//319
f 345//319 338//319 339//319
f 345//320 339//320 346//320
f 346//320 339//320 340//320
f 346//321 340//321 347//321
f 347//321 340//321 341//321
f 347//322 341//322 348//322
f 348//322 341//322 342//322
f 348//323 342//323 349//323
f 349//323 342//323 343//323
f 349//324 343//324 350//324
f 350//324 343//324 120//324
f 350//69 120//69 122//69
f 102//325 100//325 351//325
f 351//325 100//325 344//325
f 351//326 344//326 352//326
f 352//326 344//326 345//326
f 352//327 345//327 353//327
f 353//327 345//327 346//327
f 353//328 346//328 354//328
f 354//328 346//328 347//328
f 354//329 347//329 355//329
f 355//329 347//329 348//329
f 355//330 348//330 356//330
f 356//330 348//330 349//330
f 356//331 349//331 357//331
f 357//331 349//331 350//331
f 357//332 350//332 358//332
f 358//332 350//332 122//332
f 358//71 122//71 124//71
f 104//333 102//333 359//333
f 359//333 102//333 351//333
f 359//334 351//334 360//334
f 360//334 351//334 352//334
f 360//335 352//335 361//335
f 361//335 352//335 353//335
f 361//336 353//336 362//336
f 362//336 353//336 354//336
f 362//337 354//337 363//337
f 363//337 354//337 355//337
f 363//338 355//338 364//338
f 364//338 355//338 356//338
f 364//339 356//339 365//339
f 365//339 356//339 357//339
f 365//340 357//340 366//340
f 366//340 357//340 358//340
f 366//341 358//341 367//341
f 367//341 358//341 124//341
f 367//73 124//73 126//73
f 106//342 104//342 368//342
f 368//342 104//342 359//342
f 368//343 359//343 369//343
f 369//343 359//343 360//343
f 369//344 360//344 370//344
f 370//344 360//344 361//344
f 370//345 361//345 371//345
f 371//345 361//345 362//345
f 371//346 362//346 372//346
f 372//346 362//346 363//346
f 372//347 363//347 373//347
f 373//347 363//347 364//347
f 373//348 364//348 374//348
f 374//348 364//348 365//348
f 374//349 365//349 375//349
f 375//349 365//349 366//349
f 375//350 366//350 376//350
f 376//350 366//350 367//350
f 376//351 367//351 377//351
f 377//351 367//351 126//351
f 377//75 126//75 128//75
f 6//352 4//352 108//352
f 108//353 106//353 378//353
f 378//353 106//353 368//353
f 378//354 368//354 379//354
f 379//354 368//354 369//354
f 379//355 369//355 380//355
f 380//355 369//355 370//355
f 380//356 370//356 381//356
f 381//356 370//356 371//356
f 381//357 371//357 382//357
f 382//357 371//357 372//357
f 382//358 372//358 383//358
f 383//358 372//358 373//358
f 383//359 373//359 384//359
f 384//359 373//359 374//359
f 384//360 374//360 385//360
f 385//360 374//360 375//360
f 385//361 375//361 386//361
f 386//361 375//361 376//361
f 386//362 376//362 387//362
f 387//362 376//362 377//362
f 387//363 377//363 388//363
f 388//363 377//363 128//363
f 388//77 128//77 130//77
f 107//282 334//282 314//282
f 314//364 334//364 389//364
f 314//280 389//280 312//280
f 312//365 389//365 390//365
f 312//278 390//278 310//278
f 310//366 390//366 391//366
f 310//276 391//276 308//276
f 308//367 391//367 392//367
f 308//274 392//274 306//274
f 306//368 392//368 304//368
f 389//364 334//364 335//364
f 389//369 335//369 393//369
f 393//369 335//369 336//369
f 393//370 336//370 394//370
f 394//370 336//370 337//370
f 394//371 337//371 395//371
f 395//371 337//371 296//371
f 395//261 296//261 295//261
f 389//365 393//365 390//365
f 390//372 393//372 396//372
f 390//366 396//366 391//366
f 391//373 396//373 397//373
f 391//367 397//367 392//367
f 392//374 397//374 398//374
f 392//368 398//368 304//368
f 304//375 398//375 302//375
f 396//372 393//372 394//372
f 396//376 394//376 399//376
f 399//376 394//376 395//376
f 399//377 395//377 400//377
f 400//377 395//377 295//377
f 400//260 295//260 294//260
f 396//373 399//373 397//373
f 397//378 399//378 401//378
f 397//374 401//374 398//374
f 398//379 401//379 402//379
f 398//375 402//375 302//375
f 302//380 402//380 300//380
f 401//378 399//378 400//378
f 401//381 400//381 403//381
f 403//381 400//381 294//381
f 403//259 294//259 293//259
f 401//379 403//379 402//379
f 402//382 403//382 404//382
f 402//380 404//380 300//380
f 300//383 404//383 298//383
f 404//382 403//382 293//382
f 298//383 404//383 292//383
f 292//258 404//258 293//258
f 256//218 76//218 74//218
f 291//257 298//257 292//257
f 256//384 74//384 405//384
f 405//384 74//384 72//384
f 405//385 72//385 406//385
f 406//385 72//385 70//385
f 406//386 70//386 407//386
f 407//386 70//386 68//386
f 407//387 68//387 408//387
f 408//387 68//387 66//387
f 408//388 66//388 409//388
f 409//388 66//388 64//388
f 409//193 64//193 233//193
f 256//216 405//216 254//216
f 254//389 405//389 410//389
f 254//214 410//214 252//214
f 252//390 410//390 411//390
f 252//212 411//212 250//212
f 250//391 411//391 412//391
f 250//210 412//210 248//210
f 248//392 412//392 413//392
f 248//208 413//208 246//208
f 246//393 413//393 414//393
f 246//206 414//206 244//206
f 244//394 414//394 242//394
f 410//389 405//389 406//389
f 410//395 406//395 415//395
f 415//395 406//395 407//395
f 415//396 407//396 416//396
f 416//396 407//396 408//396
f 416//397 408//397 417//397
f 417//397 408//397 409//397
f 417//398 409//398 418//398
f 418//398 409//398 233//398
f 418//192 233//192 232//192
f 410//390 415//390 411//390
f 411//399 415//399 419//399
f 411//391 419//391 412//391
f 412//400 419//400 420//400
f 412//392 420//392 413//392
f 413//401 420//401 421//401
f 413//393 421//393 414//393
f 414//402 421//402 422//402
f 414//394 422//394 242//394
f 242//403 422//403 240//403
f 419//399 415//399 416//399
f 419//404 416//404 423//404
f 423//404 416//404 417//404
f 423//405 417//405 424//405
f 424//405 417//405 418//405
f 424//406 418//406 425//406
f 425//406 418//406 232//406
f 425//191 232//191 231//191
f 419//400 423//400 420//400
f 420//407 423//407 426//407
f 420//401 426//401 421//401
f 421//408 426//408 427//408
f 421//402 427//402 422//402
f 422//409 427//409 428//409
f 422//403 428//403 240//403
f 240//410 428//410 238//410
f 426//407 423//407 424//407
f 426//411 424//411 429//411
f 429//411 424//411 425//411
f 429//412 425//412 430//412
f 430//412 425//412 231//412
f 430//190 231//190 230//190
f 426//408 429//408 427//408
f 427//413 429//413 431//413
f 427//409 431//409 428//409
f 428//414 431//414 432//414
f 428//410 432//410 238//410
f 238//415 432//415 236//415
f 431//413 429//413 430//413
f 431//416 430//416 433//416
f 433//416 430//416 230//416
f 433//189 230//189 229//189
f 431//414 433//414 432//414
f 432//417 433//417 434//417
f 432//415 434//415 236//415
f 236//418 434//418 234//418
f 434//417 433//417 229//417
f 234//418 434//418 228//418
f 228//188 434//188 229//188
f 325//419 48//419 435//419
f 435//419 48//419 46//419
f 435//420 46//420 436//420
f 436//420 46//420 44//420
f 436//421 44//421 437//421
f 437//421 44//421 42//421
f 437//124 42//124 171//124
f 325//299 435//299 326//299
f 326//422 435//422 438//422
f 326//300 438//300 327//300
f 327//423 438//423 439//423
f 327//301 439//301 328//301
f 328//424 439//424 440//424
f 328//302 440//302 329//302
f 329//425 440//425 441//425
f 329//303 441//303 330//303
f 330//426 441//426 442//426
f 330//304 442//304 178//304
f 178//427 442//427 176//427
f 438//422 435//422 436//422
f 438//428 436//428 443//428
f 443//428 436//428 437//428
f 443//429 437//429 444//429
f 444//429 437//429 171//429
f 444//123 171//123 170//123
f 438//423 443//423 439//423
f 439//430 443//430 445//430
f 439//424 445//424 440//424
f 440//431 445//431 446//431
f 440//425 446//425 441//425
f 441//432 446//432 447//432
f 441//426 447//426 442//426
f 442//433 447//433 448//433
f 442//427 448//427 176//427
f 176//434 448//434 174//434
f 445//430 443//430 444//430
f 445//435 444//435 449//435
f 449//435 444//435 170//435
f 449//122 170//122 169//122
f 445//431 449//431 446//431
f 446//436 449//436 450//436
f 446//432 450//432 447//432
f 447//437 450//437 451//437
f 447//433 451//433 448//433
f 448//438 451//438 452//438
f 448//434 452//434 174//434
f 174//439 452//439 172//439
f 450//436 449//436 169//436
f 451//437 450//437 168//437
f 168//121 450//121 169//121
f 452//438 451//438 167//438
f 167//120 451//120 168//120
f 172//439 452//439 166//439
f 166//119 452//119 167//119
f 130//79 30//79 28//79
f 165//118 172//118 166//118
f 388//440 130//440 28//440
f 388//440 28//440 26//440
f 387//441 388//441 26//441
f 387//441 26//441 24//441
f 386//442 387//442 24//442
f 386//442 24//442 22//442
f 385//443 386//443 22//443
f 385//443 22//443 20//443
f 384//444 385//444 20//444
f 384//444 20//444 18//444
f 383//445 384//445 18//445
f 383//445 18//445 16//445
f 382//446 383//446 16//446
f 382//446 16//446 14//446
f 381//447 382//447 14//447
f 381//447 14//447 12//447
f 380//448 381//448 12//448
f 380//448 12//448 10//448
f 379//449 380//449 10//449
f 379//449 10//449 8//449
f 378//450 379//450 8//450
f 378//450 8//450 6//450
f 108//352 378//352 6//352
f 453//451 454//451 455//451
f 455//451 454//451 456//451
f 455//452 456//452 457//452
f 457//452 456//452 458//452
f 457//453 458//453 459//453
f 459//453 458//453 460//453
f 459//454 460//454 461//454
f 461//454 460//454 462//454
f 461//455 462//455 463//455
f 463//455 462//455 464//455
f 463//456 464//456 465//456
f 465//456 464//456 466//456
f 465//457 466//457 467//457
f 467//457 466//457 468//457
f 467//458 468//458 469//458
f 469//458 468//458 470//458
f 469//459 470//459 471//459
f 471//459 470//459 472//459
f 471//460 472//460 473//460
f 473//460 472//460 474//460
f 473//461 474//461 475//461
f 475//461 474//461 476//461
f 475//462 476//462 477//462
f 477//462 476//462 478//462
f 477//463 478//463 479//463
f 479//463 478//463 480//463
f 479//464 480//464 481//464
f 481//464 480//464 482//464
f 481//465 482//465 483//465
f 483//465 482//465 484//465
f 483//466 484//466 485//466
f 485//466 484//466 486//466
f 485//467 486//467 487//467
f 487//467 486//467 488//467
f 487//468 488//468 489//468
f 489//468 488//468 490//468
f 489//469 490//469 491//469
f 491//469 490//469 492//469
f 491//470 492//470 493//470
f 493//470 492//470 494//470
f 493//471 494//471 495//471
f 495//471 494//471 496//471
f 495//472 496//472 497//472
f 497//472 496//472 498//472
f 497//473 498//473 499//473
f 499//473 498//473 500//473
f 499//474 500//474 501//474
f 501//474 500//474 502//474
f 501//475 502//475 503//475
f 503//475 502//475 504//475
f 503//476 504//476 505//476
f 505//476 504//476 506//476
f 505//477 506//477 507//477
f 507//477 506//477 508//477
f 507//478 508//478 509//478
f 509//478 508//478 510//478
f 509//479 510//479 511//479
f 511//479 510//479 512//479
f 511//480 512//480 513//480
f 513//480 512//480 514//480
f 513//481 514//481 515//481
f 515//481 514//481 516//481
f 515//482 516//482 517//482
f 517//482 516//482 518//482
f 517//483 518//483 519//483
f 519//483 518//483 520//483
f 519//484 520//484 521//484
f 521//484 520//484 522//484
f 521//485 522//485 523//485
f 523//485 522//485 524//485
f 523//486 524//486 525//486
f 525//486 524//486 526//486
f 525//487 526//487 527//487
f 527//487 526//487 528//487
f 527//488 528//488 529//488
f 529//488 528//488 530//488
f 529//489 530//489 531//489
f 531//489 530//489 532//489
f 531//490 532//490 533//490
f 533//490 532//490 534//490
f 533//491 534//491 535//491
f 535//491 534//491 536//491
f 535//492 536//492 537//492
f 537//492 536//492 538//492
f 537//493 538//493 539//493
f 539//493 538//493 540//493
f 539//494 540//494 541//494
f 541//494 540//494 542//494
f 541//495 542//495 543//495
f 543//495 542//495 544//495
f 543//496 544//496 453//496
f 453//496 544//496 454//496
f 5//452 545//452 3//452
f 3//452 545//452 546//452
f 3//451 546//451 1//451
f 1//451 546//451 547//451
f 1//496 547//496 91//496
f 91//496 547//496 548//496
f 91//495 548//495 89//495
f 89//495 548//495 549//495
f 89//494 549//494 87//494
f 87//494 549//494 550//494
f 87//493 550//493 85//493
f 85//493 550//493 551//493
f 85//492 551//492 83//492
f 83//492 551//492 552//492
f 83//491 552//491 81//491
f 81//491 552//491 553//491
f 81//490 553//490 79//490
f 79//490 553//490 554//490
f 79//489 554//489 77//489
f 77//489 554//489 555//489
f 77//488 555//488 75//488
f 75//488 555//488 556//488
f 75//487 556//487 73//487
f 73//487 556//487 557//487
f 73//486 557//486 71//486
f 71//486 557//486 558//486
f 71//485 558//485 69//485
f 69//485 558//485 559//485
f 69//484 559//484 67//484
f 67//484 559//484 560//484
f 67//483 560//483 65//483
f 65//483 560//483 561//483
f 65//482 561//482 63//482
f 63//482 561//482 562//482
f 63//481 562//481 61//481
f 61//481 562//481 563//481
f 61//480 563//480 59//480
f 59//480 563//480 564//480
f 59//479 564//479 57//479
f 57//479 564//479 565//479
f 57//478 565//478 55//478
f 55//478 565//478 566//478
f 55//477 566//477 53//477
f 53//477 566//477 567//477
f 53//476 567//476 51//476
f 51//476 567//476 568//476
f 51//475 568//475 49//475
f 49//475 568//475 569//475
f 49//474 569//474 47//474
f 47//474 569//474 570//474
f 47//473 570//473 45//473
f 45//473 570//473 571//473
f 45//472 571//472 43//472
f 43//472 571//472 572//472
f 43//471 572//471 41//471
f 41//471 572//471 573//471
f 41//470 573//470 39//470
f 39//470 573//470 574//470
f 39//469 574//469 37//469
f 37//469 574//469 575//469
f 37//468 575//468 35//468
f 35//468 575//468 576//468
f 35//467 576//467 33//467
f 33//467 576//467 577//467
f 33//466 577//466 31//466
f 31//466 577//466 578//466
f 31//465 578//465 29//465
f 29//465 578//465 579//465
f 29//464 579//464 27//464
f 27//464 579//464 580//464
f 27//463 580//463 25//463
f 25//463 580//463 581//463
f 25//462 581//462 23//462
f 23//462 581//462 582//462
f 23//461 582//461 21//461
f 21//461 582//461 583//461
f 21//460 583//460 19//460
f 19//460 583//460 584//460
f 19//459 584//459 17//459
f 17//459 584//459 585//459
f 17//458 585//458 15//458
f 15//458 585//458 586//458
f 15//457 586//457 13//457
f 13//457 586//457 587//457
f 13//456 587//456 11//456
f 11//456 587//456 588//456
f 11//455 588//455 9//455
f 9//455 588//455 589//455
f 9//454 589//454 7//454
f 7//454 589//454 590//454
f 7//453 590//453 5//453
f 5//453 590//453 545//453
f 456//452 591//452 458//452
f 458//452 591//452 592//452
f 458//453 592//453 460//453
f 460//453 592//453 593//453
f 460//454 593//454 462//454
f 462//454 593//454 594//454
f 462//455 594//455 464//455
f 464//455 594//455 595//455
f 464//456 595//456 466//456
f 466//456 595//456 596//456
f 466//457 596//457 468//457
f 468//457 596//457 597//457
f 468//458 597//458 470//458
f 470//458 597//458 598//458
f 470//459 598//459 472//459
f 472//459 598//459 599//459
f 472//460 599//460 474//460
f 474//460 599//460 600//460
f 474//461 600//461 476//461
f 476//461 600//461 601//461
f 476//462 601//462 478//462
f 478//462 601//462 602//462
f 478//463 602//463 480//463
f 480//463 602//463 603//463
f 480//464 603//464 482//464
f 482//464 603//464 604//464
f 482//465 604//465 484//465
f 484//465 604//465 605//465
f 484//466 605//466 486//466
f 486//466 605//466 606//466
f 486//467 606//467 488//467
f 488//467 606//467 607//467
f 488//468 607//468 490//468
f 490//468 607//468 608//468
f 490//469 608//469 492//469
f 492//469 608//469 609//469
f 492//470 609//470 494//470
f 494//470 609//470 610//470
f 494//471 610//471 496//471
f 496//471 610//471 611//471
f 496//472 611//472 498//472
f 498//472 611//472 612//472
f 498//473 612//473 500//473
f 500//473 612//473 613//473
f 500//474 613//474 502//474
f 502//474 613//474 614//474
f 502//475 614//475 504//475
f 504//475 614//475 615//475
f 504//476 615//476 506//476
f 506//476 615//476 616//476
f 506//477 616//477 508//477
f 508//477 616//477 617//477
f 508//478 617//478 510//478
f 510//478 617//478 618//478
f 510//479 618//479 512//479
f 512//479 618//479 619//479
f 512//480 619//480 514//480
f 514//480 619//480 620//480
f 514//481 620//481 516//481
f 516//481 620//481 621//481
f 516//482 621//482 518//482
f 518//482 621//482 622//482
f 518//483 622//483 520//483
f 520//483 622//483 623//483
f 520//484 623//484 522//484
f 522//484 623//484 624//484
f 522//485 624//485 524//485
f 524//485 624//485 625//485
f 524//486 625//486 526//486
f 526//486 625//486 626//486
f 526//487 626//487 528//487
f 528//487 626//487 627//487
f 528//488 627//488 530//488
f 530//488 627//488 628//488
f 530//489 628//489 532//489
f 532//489 628//489 629//489
f 532//490 629//490 534//490
f 534//490 629//490 630//490
f 534//491 630//491 536//491
f 536//491 630//491 631//491
f 536//492 631//492 538//492
f 538//492 631//492 632//492
f 538//493 632//493 540//493
f 540//493 632//493 633//493
f 540//494 633//494 542//494
f 542//494 633//494 634//494
f 542//495 634//495 544//495
f 544//495 634//495 635//495
f 544//496 635//496 454//496
f 454//496 635//496 636//496
f 454//451 636//451 456//451
f 456//451 636//451 591//451
f 591//452 546//452 592//452
f 592//452 546//452 545//452
f 592//453 545//453 593//453
f 593//453 545//453 590//453
f 593//454 590//454 594//454
f 594//454 590//454 589//454
f 594//455 589//455 595//455
f 595//455 589//455 588//455
f 595//456 588//456 596//456
f 596//456 588//456 587//456
f 596//457 587//457 597//457
f 597//457 587//457 586//457
f 597//458 586//458 598//458
f 598//458 586//458 585//458
f 598//459 585//459 599//459
f 599//459 585//459 584//459
f 599//460 584//460 600//460
f 600//460 584//460 583//460
f 600//461 583//461 601//461
f 601//461 583//461 582//461
f 601//462 582//462 602//462
f 602//462 582//462 581//462
f 602//463 581//463 603//463
f 603//463 581//463 580//463
f 603//464 580//464 604//464
f 604//464 580//464 579//464
f 604//465 579//465 605//465
f 605//465 579//465 578//465
f 605//466 578//466 606//466
f 606//466 578//466 577//466
f 606//467 577//467 607//467
f 607//467 577//467 576//467
f 607//468 576//468 608//468
f 608//468 576//468 575//468
f 608//469 575//469 609//469
f 609//469 575//469 574//469
f 609//470 574//470 610//470
f 610//470 574//470 573//470
f 610//471 573//471 611//471
f 611//471 573//471 572//471
f 611//472 572//472 612//472
f 612//472 572//472 571//472
f 612//473 571//473 613//473
f 613//473 571//473 570//473
f 613//474 570//474 614//474
f 614//474 570//474 569//474
f 614//475 569//475 615//475
f 615//475 569//475 568//475
f 615//476 568//476 616//476
f 616//476 568//476 567//476
f 616//477 567//477 617//477
f 617//477 567//477 566//477
f 617//478 566//478 618//478
f 618//478 566//478 565//478
f 618//479 565//479 619//479
f 619//479 565//479 564//479
f 619//480 564//480 620//480
f 620//480 564//480 563//480
f 620//481 563//481 621//481
f 621//481 563//481 562//481
f 621//482 562//482 622//482
f 622//482 562//482 561//482
f 622//483 561//483 623//483
f 623//483 561//483 560//483
f 623//484 560//484 624//484
f 624//484 560//484 559//484
f 624//485 559//485 625//485
f 625//485 559//485 558//485
f 625//486 558//486 626//486
f 626//486 558//486 557//486
f 626//487 557//487 627//487
f 627//487 557//487 556//487
f 627//488 556//488 628//488
f 628//488 556//488 555//488
f 628//489 555//489 629//489
f 629//489 555//489 554//489
f 629//490 554//490 630//490
f 630//490 554//490 553//490
f 630//491 553//491 631//491
f 631//491 553//491 552//491
f 631//492 552//492 632//492
f 632//492 552//492 551//492
f 632//493 551//493 633//493
f 633//493 551//493 550//493
f 633//494 550//494 634//494
f 634//494 550//494 549//494
f 634//495 549//495 635//495
f 635//495 549//495 548//495
f 635//496 548//496 636//496
f 636//496 548//496 547//496
f 636//451 547//451 591//451
f 591//451 547//451 546//451
f 324//497 235//497 95//497
f 95//497 235//497 226//497
f 95//497 226//497 93//497
f 93//497 226//497 218//497
f 93//497 218//497 111//497
f 111//497 218//497 210//497
f 111//497 210//497 113//497
f 113//497 210//497 202//497
f 113//497 202//497 115//497
f 115//497 202//497 194//497
f 115//497 194//497 117//497
f 117//497 194//497 179//497
f 117//497 179//497 132//497
f 132//497 179//497 177//497
f 132//497 177//497 140//497
f 140//497 177//497 175//497
f 140//497 175//497 148//497
f 148//497 175//497 173//497
f 148//497 173//497 156//497
f 156//497 173//497 164//497
f 235//497 324//497 237//497
f 237//497 324//497 322//497
f 237//497 322//497 239//497
f 239//497 322//497 319//497
f 239//497 319//497 241//497
f 241//497 319//497 315//497
f 241//497 315//497 243//497
f 243//497 315//497 305//497
f 243//497 305//497 258//497
f 258//497 305//497 303//497
f 258//497 303//497 266//497
f 266//497 303//497 301//497
f 266//497 301//497 274//497
f 274//497 301//497 299//497
f 274//497 299//497 282//497
f 282//497 299//497 290//497
f 457//498 637//498 455//498
f 455//499 637//499 638//499
f 455//500 638//500 639//500
f 639//501 638//501 640//501
f 639//501 640//501 641//501
f 641//502 640//502 642//502
f 641//502 642//502 643//502
f 643//503 642//503 644//503
f 643//503 644//503 645//503
f 645//504 644//504 646//504
f 645//504 646//504 647//504
f 647//505 646//505 648//505
f 647//505 648//505 649//505
f 649//506 648//506 650//506
f 649//506 650//506 651//506
f 651//507 650//507 652//507
f 651//507 652//507 653//507
f 653//508 652//508 654//508
f 653//508 654//508 655//508
f 655//509 654//509 656//509
f 655//510 656//510 657//510
f 637//511 457//511 658//511
f 658//512 457//512 459//512
f 658//513 459//513 659//513
f 659//514 459//514 660//514
f 659//515 660//515 661//515
f 661//516 660//516 662//516
f 661//517 662//517 663//517
f 663//518 662//518 664//518
f 663//519 664//519 665//519
f 665//520 664//520 666//520
f 665//521 666//521 667//521
f 667//522 666//522 668//522
f 667//523 668//523 669//523
f 669//524 668//524 670//524
f 669//525 670//525 671//525
f 671//526 670//526 672//526
f 671//527 672//527 673//527
f 673//528 672//528 674//528
f 673//529 674//529 675//529
f 675//530 674//530 676//530
f 675//531 676//531 677//531
f 677//532 676//532 678//532
f 678//533 676//533 679//533
f 678//534 679//534 680//534
f 680//535 679//535 681//535
f 680//536 681//536 682//536
f 682//537 681//537 683//537
f 682//537 683//537 684//537
f 684//538 683//538 685//538
f 684//538 685//538 686//538
f 686//539 685//539 687//539
f 686//539 687//539 688//539
f 688//540 687//540 689//540
f 688//540 689//540 690//540
f 690//541 689//541 691//541
f 690//541 691//541 692//541
f 692//542 691//542 693//542
f 692//542 693//542 694//542
f 694//543 693//543 695//543
f 694//543 695//543 696//543
f 696//544 695//544 697//544
f 696//544 697//544 698//544
f 698//545 697//545 475//545
f 698//546 475//546 699//546
f 699//547 475//547 477//547
f 699//548 477//548 700//548
f 700//549 477//549 479//549
f 700//549 479//549 701//549
f 701//550 479//550 702//550
f 701//551 702//551 703//551
f 703//552 702//552 704//552
f 703//553 704//553 705//553
f 705//554 704//554 706//554
f 705//555 706//555 707//555
f 707//556 706//556 708//556
f 707//557 708//557 709//557
f 709//558 708//558 710//558
f 709//559 710//559 711//559
f 711//560 710//560 712//560
f 711//561 712//561 713//561
f 713//562 712//562 714//562
f 713//563 714//563 715//563
f 715//564 714//564 716//564
f 715//565 716//565 717//565
f 717//566 716//566 718//566
f 717//567 718//567 719//567
f 719//568 718//568 720//568
f 720//569 718//569 721//569
f 720//570 721//570 722//570
f 722//571 721//571 723//571
f 722//572 723//572 724//572
f 724//573 723//573 725//573
f 724//573 725//573 726//573
f 726//574 725//574 727//574
f 726//574 727//574 728//574
f 728//575 727//575 729//575
f 728//575 729//575 730//575
f 730//576 729//576 731//576
f 730//576 731//576 732//576
f 732//577 731//577 733//577
f 732//577 733//577 734//577
f 734//578 733//578 735//578
f 734//578 735//578 736//578
f 736//579 735//579 737//579
f 736//579 737//579 738//579
f 738//580 737//580 739//580
f 738//580 739//580 740//580
f 740//581 739//581 495//581
f 740//582 495//582 741//582
f 741//583 495//583 497//583
f 741//584 497//584 742//584
f 742//585 497//585 499//585
f 742//586 499//586 743//586
f 743//587 499//587 744//587
f 743//588 744//588 745//588
f 745//589 744//589 746//589
f 745//590 746//590 747//590
f 747//591 746//591 748//591
f 747//592 748//592 749//592
f 749//593 748//593 750//593
f 749//594 750//594 751//594
f 751//595 750//595 752//595
f 751//596 752//596 753//596
f 753//597 752//597 754//597
f 753//598 754//598 755//598
f 755//599 754//599 756//599
f 755//600 756//600 757//600
f 757//601 756//601 758//601
f 757//602 758//602 759//602
f 759//603 758//603 760//603
f 759//604 760//604 761//604
f 761//605 760//605 762//605
f 762//606 760//606 763//606
f 762//607 763//607 764//607
f 764//608 763//608 765//608
f 764//609 765//609 766//609
f 766//610 765//610 767//610
f 766//611 767//611 768//611
f 768//612 767//612 769//612
f 768//613 769//613 770//613
f 770//614 769//614 771//614
f 770//615 771//615 772//615
f 772//616 771//616 773//616
f 772//617 773//617 774//617
f 774//618 773//618 775//618
f 774//619 775//619 776//619
f 776//620 775//620 777//620
f 776//620 777//620 778//620
f 778//621 777//621 779//621
f 778//621 779//621 780//621
f 780//622 779//622 781//622
f 780//622 781//622 782//622
f 782//623 781//623 783//623
f 782//623 783//623 784//623
f 784//624 783//624 785//624
f 784//624 785//624 786//624
f 786//625 785//625 787//625
f 786//625 787//625 788//625
f 788//626 787//626 789//626
f 788//626 789//626 790//626
f 790//627 789//627 791//627
f 790//627 791//627 792//627
f 792//628 791//628 521//628
f 792//629 521//629 793//629
f 793//630 521//630 523//630
f 793//631 523//631 794//631
f 794//632 523//632 525//632
f 794//632 525//632 795//632
f 795//633 525//633 796//633
f 795//634 796//634 797//634
f 797//635 796//635 798//635
f 797//636 798//636 799//636
f 799//637 798//637 800//637
f 799//638 800//638 801//638
f 801//639 800//639 802//639
f 801//640 802//640 803//640
f 803//641 802//641 804//641
f 803//642 804//642 805//642
f 805//643 804//643 806//643
f 805//644 806//644 807//644
f 807//645 806//645 808//645
f 807//646 808//646 809//646
f 809//647 808//647 810//647
f 809//648 810//648 811//648
f 811//649 810//649 812//649
f 811//650 812//650 813//650
f 813//651 812//651 814//651
f 814//652 812//652 815//652
f 814//653 815//653 816//653
f 816//654 815//654 817//654
f 816//655 817//655 818//655
f 818//656 817//656 819//656
f 818//656 819//656 820//656
f 820//657 819//657 821//657
f 820//657 821//657 822//657
f 822//658 821//658 823//658
f 822//658 823//658 824//658
f 824//659 823//659 825//659
f 824//659 825//659 826//659
f 826//660 825//660 827//660
f 826//660 827//660 828//660
f 828//661 827//661 829//661
f 828//661 829//661 830//661
f 830//662 829//662 831//662
f 830//662 831//662 832//662
f 832//663 831//663 833//663
f 832//663 833//663 834//663
f 834//664 833//664 541//664
f 834//665 541//665 835//665
f 835//666 541//666 543//666
f 835//667 543//667 836//667
f 836//668 543//668 453//668
f 836//669 453//669 837//669
f 837//670 453//670 639//670
f 837//671 639//671 641//671
f 459//672 461//672 660//672
f 660//673 461//673 838//673
f 660//516 838//516 662//516
f 662//674 838//674 839//674
f 662//518 839//518 664//518
f 664//675 839//675 840//675
f 664//520 840//520 666//520
f 666//676 840//676 841//676
f 666//522 841//522 668//522
f 668//677 841//677 842//677
f 668//524 842//524 670//524
f 670//678 842//678 843//678
f 670//526 843//526 672//526
f 672//679 843//679 844//679
f 672//528 844//528 674//528
f 674//680 844//680 845//680
f 674//530 845//530 676//530
f 676//681 845//681 679//681
f 461//682 463//682 838//682
f 838//683 463//683 846//683
f 838//674 846//674 839//674
f 839//684 846//684 847//684
f 839//675 847//675 840//675
f 840//685 847//685 848//685
f 840//676 848//676 841//676
f 841//686 848//686 849//686
f 841//677 849//677 842//677
f 842//687 849//687 850//687
f 842//678 850//678 843//678
f 843//688 850//688 851//688
f 843//679 851//679 844//679
f 844//689 851//689 852//689
f 844//680 852//680 845//680
f 845//690 852//690 853//690
f 845//681 853//681 679//681
f 679//691 853//691 681//691
f 846//692 463//692 854//692
f 854//693 463//693 465//693
f 854//694 465//694 855//694
f 855//695 465//695 467//695
f 855//696 467//696 856//696
f 856//697 467//697 857//697
f 856//698 857//698 858//698
f 858//699 857//699 859//699
f 858//700 859//700 860//700
f 860//701 859//701 861//701
f 860//702 861//702 862//702
f 862//703 861//703 863//703
f 862//704 863//704 864//704
f 864//705 863//705 689//705
f 864//706 689//706 687//706
f 467//707 469//707 857//707
f 857//708 469//708 865//708
f 857//699 865//699 859//699
f 859//709 865//709 866//709
f 859//701 866//701 861//701
f 861//710 866//710 867//710
f 861//703 867//703 863//703
f 863//711 867//711 691//711
f 863//705 691//705 689//705
f 469//712 471//712 865//712
f 865//713 471//713 868//713
f 865//709 868//709 866//709
f 866//714 868//714 869//714
f 866//710 869//710 867//710
f 867//715 869//715 693//715
f 867//711 693//711 691//711
f 868//716 471//716 870//716
f 870//717 471//717 473//717
f 870//718 473//718 697//718
f 697//719 473//719 475//719
f 479//720 481//720 702//720
f 702//721 481//721 871//721
f 702//552 871//552 704//552
f 704//722 871//722 872//722
f 704//554 872//554 706//554
f 706//723 872//723 873//723
f 706//556 873//556 708//556
f 708//724 873//724 874//724
f 708//558 874//558 710//558
f 710//725 874//725 875//725
f 710//560 875//560 712//560
f 712//726 875//726 876//726
f 712//562 876//562 714//562
f 714//727 876//727 877//727
f 714//564 877//564 716//564
f 716//728 877//728 878//728
f 716//566 878//566 718//566
f 718//729 878//729 721//729
f 481//730 483//730 871//730
f 871//731 483//731 879//731
f 871//722 879//722 872//722
f 872//732 879//732 880//732
f 872//723 880//723 873//723
f 873//733 880//733 881//733
f 873//724 881//724 874//724
f 874//734 881//734 882//734
f 874//725 882//725 875//725
f 875//735 882//735 883//735
f 875//726 883//726 876//726
f 876//736 883//736 884//736
f 876//727 884//727 877//727
f 877//737 884//737 885//737
f 877//728 885//728 878//728
f 878//738 885//738 886//738
f 878//729 886//729 721//729
f 721//739 886//739 723//739
f 879//740 483//740 887//740
f 887//741 483//741 485//741
f 887//742 485//742 888//742
f 888//743 485//743 487//743
f 888//744 487//744 889//744
f 889//745 487//745 890//745
f 889//746 890//746 891//746
f 891//747 890//747 892//747
f 891//748 892//748 893//748
f 893//749 892//749 894//749
f 893//750 894//750 895//750
f 895//751 894//751 896//751
f 895//752 896//752 897//752
f 897//753 896//753 731//753
f 897//754 731//754 729//754
f 487//755 489//755 890//755
f 890//756 489//756 898//756
f 890//747 898//747 892//747
f 892//757 898//757 899//757
f 892//749 899//749 894//749
f 894//758 899//758 900//758
f 894//751 900//751 896//751
f 896//759 900//759 733//759
f 896//753 733//753 731//753
f 489//760 491//760 898//760
f 898//761 491//761 901//761
f 898//757 901//757 899//757
f 899//762 901//762 902//762
f 899//758 902//758 900//758
f 900//763 902//763 735//763
f 900//759 735//759 733//759
f 901//764 491//764 903//764
f 903//765 491//765 493//765
f 903//766 493//766 739//766
f 739//767 493//767 495//767
f 499//768 501//768 744//768
f 744//769 501//769 904//769
f 744//589 904//589 746//589
f 746//770 904//770 905//770
f 746//591 905//591 748//591
f 748//771 905//771 906//771
f 748//593 906//593 750//593
f 750//772 906//772 907//772
f 750//595 907//595 752//595
f 752//773 907//773 908//773
f 752//597 908//597 754//597
f 754//774 908//774 909//774
f 754//599 909//599 756//599
f 756//775 909//775 910//775
f 756//601 910//601 758//601
f 758//776 910//776 911//776
f 758//603 911//603 760//603
f 760//777 911//777 763//777
f 904//778 501//778 912//778
f 912//779 501//779 503//779
f 912//780 503//780 913//780
f 913//781 503//781 505//781
f 913//782 505//782 914//782
f 914//783 505//783 915//783
f 914//784 915//784 916//784
f 916//785 915//785 917//785
f 916//786 917//786 918//786
f 918//787 917//787 919//787
f 918//788 919//788 920//788
f 920//789 919//789 921//789
f 920//790 921//790 922//790
f 922//791 921//791 923//791
f 922//792 923//792 924//792
f 924//793 923//793 925//793
f 924//794 925//794 926//794
f 926//795 925//795 927//795
f 926//796 927//796 928//796
f 928//797 927//797 929//797
f 928//798 929//798 769//798
f 769//799 929//799 771//799
f 505//800 507//800 915//800
f 915//801 507//801 930//801
f 915//785 930//785 917//785
f 917//802 930//802 931//802
f 917//787 931//787 919//787
f 919//803 931//803 932//803
f 919//789 932//789 921//789
f 921//804 932//804 933//804
f 921//791 933//791 923//791
f 923//805 933//805 934//805
f 923//793 934//793 925//793
f 925//806 934//806 935//806
f 925//795 935//795 927//795
f 927//807 935//807 936//807
f 927//797 936//797 929//797
f 929//808 936//808 937//808
f 929//799 937//799 771//799
f 771//809 937//809 773//809
f 507//810 509//810 930//810
f 930//811 509//811 938//811
f 930//802 938//802 931//802
f 931//812 938//812 939//812
f 931//803 939//803 932//803
f 932//813 939//813 940//813
f 932//804 940//804 933//804
f 933//814 940//814 941//814
f 933//805 941//805 934//805
f 934//815 941//815 942//815
f 934//806 942//806 935//806
f 935//816 942//816 943//816
f 935//807 943//807 936//807
f 936//817 943//817 944//817
f 936//808 944//808 937//808
f 937//818 944//818 945//818
f 937//809 945//809 773//809
f 773//819 945//819 775//819
f 938//820 509//820 946//820
f 946//821 509//821 511//821
f 946//822 511//822 947//822
f 947//823 511//823 513//823
f 947//824 513//824 948//824
f 948//825 513//825 949//825
f 948//826 949//826 950//826
f 950//827 949//827 951//827
f 950//828 951//828 952//828
f 952//829 951//829 953//829
f 952//830 953//830 954//830
f 954//831 953//831 955//831
f 954//832 955//832 956//832
f 956//833 955//833 783//833
f 956//834 783//834 781//834
f 513//835 515//835 949//835
f 949//836 515//836 957//836
f 949//827 957//827 951//827
f 951//837 957//837 958//837
f 951//829 958//829 953//829
f 953//838 958//838 959//838
f 953//831 959//831 955//831
f 955//839 959//839 785//839
f 955//833 785//833 783//833
f 515//840 517//840 957//840
f 957//841 517//841 960//841
f 957//837 960//837 958//837
f 958//842 960//842 961//842
f 958//838 961//838 959//838
f 959//843 961//843 787//843
f 959//839 787//839 785//839
f 960//844 517//844 962//844
f 962//845 517//845 519//845
f 962//846 519//846 791//846
f 791//847 519//847 521//847
f 525//848 527//848 796//848
f 796//849 527//849 963//849
f 796//635 963//635 798//635
f 798//850 963//850 964//850
f 798//637 964//637 800//637
f 800//851 964//851 965//851
f 800//639 965//639 802//639
f 802//852 965//852 966//852
f 802//641 966//641 804//641
f 804//853 966//853 967//853
f 804//643 967//643 806//643
f 806//854 967//854 968//854
f 806//645 968//645 808//645
f 808//855 968//855 969//855
f 808//647 969//647 810//647
f 810//856 969//856 970//856
f 810//649 970//649 812//649
f 812//857 970//857 815//857
f 527//858 529//858 963//858
f 963//859 529//859 971//859
f 963//850 971//850 964//850
f 964//860 971//860 972//860
f 964//851 972//851 965//851
f 965//861 972//861 973//861
f 965//852 973//852 966//852
f 966//862 973//862 974//862
f 966//853 974//853 967//853
f 967//863 974//863 975//863
f 967//854 975//854 968//854
f 968//864 975//864 976//864
f 968//855 976//855 969//855
f 969//865 976//865 977//865
f 969//856 977//856 970//856
f 970//866 977//866 978//866
f 970//857 978//857 815//857
f 815//867 978//867 817//867
f 971//868 529//868 979//868
f 979//869 529//869 531//869
f 979//870 531//870 980//870
f 980//871 531//871 533//871
f 980//872 533//872 981//872
f 981//873 533//873 982//873
f 981//874 982//874 983//874
f 983//875 982//875 984//875
f 983//876 984//876 985//876
f 985//877 984//877 986//877
f 985//878 986//878 987//878
f 987//879 986//879 988//879
f 987//880 988//880 989//880
f 989//881 988//881 825//881
f 989//882 825//882 823//882
f 533//883 535//883 982//883
f 982//884 535//884 990//884
f 982//875 990//875 984//875
f 984//885 990//885 991//885
f 984//877 991//877 986//877
f 986//886 991//886 992//886
f 986//879 992//879 988//879
f 988//887 992//887 827//887
f 988//881 827//881 825//881
f 535//888 537//888 990//888
f 990//889 537//889 993//889
f 990//885 993//885 991//885
f 991//890 993//890 994//890
f 991//886 994//886 992//886
f 992//891 994//891 829//891
f 992//887 829//887 827//887
f 993//892 537//892 995//892
f 995//893 537//893 539//893
f 995//894 539//894 833//894
f 833//895 539//895 541//895
f 453//896 455//896 639//896
f 996//897 997//897 998//897
f 998//898 997//898 999//898
f 998//899 999//899 1000//899
f 1000//900 999//900 1001//900
f 1000//901 1001//901 1002//901
f 1002//902 1001//902 1003//902
f 1002//902 1003//902 1004//902
f 1004//903 1003//903 1005//903
f 1004//903 1005//903 1006//903
f 1006//904 1005//904 1007//904
f 1006//904 1007//904 1008//904
f 1008//905 1007//905 1009//905
f 1008//905 1009//905 667//905
f 667//521 1009//521 665//521
f 1010//906 1011//906 996//906
f 996//907 1011//907 1012//907
f 996//908 1012//908 997//908
f 997//909 1012//909 1013//909
f 997//909 1013//909 1014//909
f 1014//910 1013//910 1015//910
f 1014//910 1015//910 1016//910
f 1016//911 1015//911 1017//911
f 1016//911 1017//911 1018//911
f 1018//912 1017//912 1019//912
f 1018//912 1019//912 1020//912
f 1020//913 1019//913 1021//913
f 1020//913 1021//913 1022//913
f 1022//914 1021//914 1023//914
f 1022//914 1023//914 1024//914
f 1024//915 1023//915 1025//915
f 1024//915 1025//915 661//915
f 661//515 1025//515 659//515
f 1011//916 1010//916 1026//916
f 1026//917 1010//917 1027//917
f 1026//918 1027//918 654//918
f 654//919 1027//919 1028//919
f 654//920 1028//920 1029//920
f 1029//921 656//921 654//921
f 1030//922 1031//922 657//922
f 657//923 1031//923 1032//923
f 657//924 1032//924 655//924
f 655//925 1032//925 1033//925
f 655//925 1033//925 653//925
f 653//926 1033//926 1034//926
f 653//926 1034//926 651//926
f 651//927 1034//927 1035//927
f 651//927 1035//927 649//927
f 649//928 1035//928 1036//928
f 649//928 1036//928 647//928
f 647//929 1036//929 1037//929
f 647//929 1037//929 645//929
f 645//930 1037//930 1038//930
f 645//930 1038//930 643//930
f 643//931 1038//931 1039//931
f 643//931 1039//931 641//931
f 641//671 1039//671 837//671
f 1031//932 1030//932 1040//932
f 1040//933 1030//933 1041//933
f 1040//934 1041//934 1042//934
f 1040//935 1042//935 818//935
f 818//936 1042//936 816//936
f 813//937 1043//937 811//937
f 811//938 1043//938 1044//938
f 811//648 1044//648 809//648
f 809//939 1044//939 1045//939
f 809//646 1045//646 807//646
f 807//940 1045//940 1046//940
f 807//644 1046//644 805//644
f 805//941 1046//941 1047//941
f 805//642 1047//642 803//642
f 803//942 1047//942 1048//942
f 803//640 1048//640 801//640
f 801//943 1048//943 1049//943
f 801//638 1049//638 799//638
f 799//944 1049//944 1050//944
f 799//636 1050//636 797//636
f 797//945 1050//945 1051//945
f 797//634 1051//634 795//634
f 795//946 1051//946 794//946
f 1043//947 1052//947 1044//947
f 1044//948 1052//948 1053//948
f 1044//939 1053//939 1045//939
f 1045//949 1053//949 1054//949
f 1045//940 1054//940 1046//940
f 1046//950 1054//950 1055//950
f 1046//941 1055//941 1047//941
f 1047//951 1055//951 1056//951
f 1047//942 1056//942 1048//942
f 1048//952 1056//952 1057//952
f 1048//943 1057//943 1049//943
f 1049//953 1057//953 1058//953
f 1049//944 1058//944 1050//944
f 1050//954 1058//954 1059//954
f 1050//945 1059//945 1051//945
f 1051//955 1059//955 1060//955
f 1051//946 1060//946 794//946
f 794//956 1060//956 793//956
f 1052//957 1061//957 1053//957
f 1053//958 1061//958 1062//958
f 1053//949 1062//949 1054//949
f 1054//959 1062//959 1063//959
f 1054//950 1063//950 1055//950
f 1055//960 1063//960 1064//960
f 1055//951 1064//951 1056//951
f 1056//961 1064//961 1065//961
f 1056//952 1065//952 1057//952
f 1057//962 1065//962 1066//962
f 1057//953 1066//953 1058//953
f 1058//963 1066//963 1067//963
f 1058//954 1067//954 1059//954
f 1059//964 1067//964 1068//964
f 1059//955 1068//955 1060//955
f 1060//965 1068//965 1069//965
f 1060//956 1069//956 793//956
f 793//966 1069//966 792//966
f 1061//967 1070//967 1062//967
f 1062//968 1070//968 1071//968
f 1062//959 1071//959 1063//959
f 1063//969 1071//969 1072//969
f 1063//960 1072//960 1064//960
f 1064//970 1072//970 1073//970
f 1064//961 1073//961 1065//961
f 1065//971 1073//971 1074//971
f 1065//962 1074//962 1066//962
f 1066//972 1074//972 1075//972
f 1066//963 1075//963 1067//963
f 1067//973 1075//973 1076//973
f 1067//964 1076//964 1068//964
f 1068//974 1076//974 1077//974
f 1068//965 1077//965 1069//965
f 1069//975 1077//975 790//975
f 1069//966 790//966 792//966
f 1070//976 1078//976 1071//976
f 1071//977 1078//977 1079//977
f 1071//969 1079//969 1072//969
f 1072//978 1079//978 1080//978
f 1072//970 1080//970 1073//970
f 1073//979 1080//979 1081//979
f 1073//971 1081//971 1074//971
f 1074//980 1081//980 1082//980
f 1074//972 1082//972 1075//972
f 1075//981 1082//981 1083//981
f 1075//973 1083//973 1076//973
f 1076//982 1083//982 1084//982
f 1076//974 1084//974 1077//974
f 1077//983 1084//983 788//983
f 1077//975 788//975 790//975
f 1079//984 1078//984 1085//984
f 1085//985 1078//985 1086//985
f 1085//986 1086//986 1087//986
f 1087//987 1086//987 1088//987
f 1087//988 1088//988 1089//988
f 1089//989 1088//989 1090//989
f 1089//990 1090//990 1091//990
f 1091//991 1090//991 1092//991
f 1091//992 1092//992 1093//992
f 1093//993 1092//993 1094//993
f 1093//994 1094//994 776//994
f 776//995 1094//995 774//995
f 759//996 761//996 1095//996
f 1095//997 761//997 1096//997
f 1095//998 1096//998 1097//998
f 1097//999 1096//999 1098//999
f 1097//1000 1098//1000 1099//1000
f 1097//1001 1099//1001 1100//1001
f 1100//1002 1099//1002 1101//1002
f 1100//1003 1101//1003 1102//1003
f 1102//1004 1101//1004 1103//1004
f 1102//1005 1103//1005 1104//1005
f 1104//1006 1103//1006 1105//1006
f 1104//1007 1105//1007 1106//1007
f 1106//1008 1105//1008 1107//1008
f 1106//1009 1107//1009 1108//1009
f 1108//1010 1109//1010 1106//1010
f 1106//1011 1109//1011 1110//1011
f 1106//1012 1110//1012 1111//1012
f 1111//1013 1110//1013 1112//1013
f 1111//1014 1112//1014 1113//1014
f 1113//1015 1112//1015 1114//1015
f 1113//1016 1114//1016 1115//1016
f 1115//1017 1114//1017 1116//1017
f 1115//1018 1116//1018 1117//1018
f 1117//1019 1116//1019 732//1019
f 1117//1020 732//1020 734//1020
f 1109//1021 1118//1021 1110//1021
f 1110//1022 1118//1022 1119//1022
f 1110//1013 1119//1013 1112//1013
f 1112//1023 1119//1023 1120//1023
f 1112//1015 1120//1015 1114//1015
f 1114//1024 1120//1024 1121//1024
f 1114//1017 1121//1017 1116//1017
f 1116//1025 1121//1025 730//1025
f 1116//1019 730//1019 732//1019
f 1118//1026 1122//1026 1119//1026
f 1119//1027 1122//1027 1123//1027
f 1119//1023 1123//1023 1120//1023
f 1120//1028 1123//1028 1124//1028
f 1120//1024 1124//1024 1121//1024
f 1121//1029 1124//1029 728//1029
f 1121//1025 728//1025 730//1025
f 1122//1030 1125//1030 1123//1030
f 1123//1031 1125//1031 1126//1031
f 1123//1028 1126//1028 1124//1028
f 1124//1032 1126//1032 726//1032
f 1124//1029 726//1029 728//1029
f 1125//1033 1127//1033 1126//1033
f 1126//1034 1127//1034 724//1034
f 1126//1032 724//1032 726//1032
f 1127//1035 722//1035 724//1035
f 719//1036 1128//1036 717//1036
f 717//1037 1128//1037 1129//1037
f 717//565 1129//565 715//565
f 715//1038 1129//1038 1130//1038
f 715//563 1130//563 713//563
f 713//1039 1130//1039 1131//1039
f 713//561 1131//561 711//561
f 711//1040 1131//1040 1132//1040
f 711//559 1132//559 709//559
f 709//1041 1132//1041 1133//1041
f 709//557 1133//557 707//557
f 707//1042 1133//1042 1134//1042
f 707//555 1134//555 705//555
f 705//1043 1134//1043 1135//1043
f 705//553 1135//553 703//553
f 703//1044 1135//1044 1136//1044
f 703//551 1136//551 701//551
f 701//1045 1136//1045 700//1045
f 1128//1046 1137//1046 1129//1046
f 1129//1047 1137//1047 1138//1047
f 1129//1038 1138//1038 1130//1038
f 1130//1048 1138//1048 1139//1048
f 1130//1039 1139//1039 1131//1039
f 1131//1049 1139//1049 1140//1049
f 1131//1040 1140//1040 1132//1040
f 1132//1050 1140//1050 1141//1050
f 1132//1041 1141//1041 1133//1041
f 1133//1051 1141//1051 1142//1051
f 1133//1042 1142//1042 1134//1042
f 1134//1052 1142//1052 1143//1052
f 1134//1043 1143//1043 1135//1043
f 1135//1053 1143//1053 1144//1053
f 1135//1044 1144//1044 1136//1044
f 1136//1054 1144//1054 1145//1054
f 1136//1045 1145//1045 700//1045
f 700//1055 1145//1055 699//1055
f 1137//1056 1146//1056 1138//1056
f 1138//1057 1146//1057 1147//1057
f 1138//1048 1147//1048 1139//1048
f 1139//1058 1147//1058 1148//1058
f 1139//1049 1148//1049 1140//1049
f 1140//1059 1148//1059 1149//1059
f 1140//1050 1149//1050 1141//1050
f 1141//1060 1149//1060 1150//1060
f 1141//1051 1150//1051 1142//1051
f 1142//1061 1150//1061 1151//1061
f 1142//1052 1151//1052 1143//1052
f 1143//1062 1151//1062 1152//1062
f 1143//1053 1152//1053 1144//1053
f 1144//1063 1152//1063 1153//1063
f 1144//1054 1153//1054 1145//1054
f 1145//1064 1153//1064 1154//1064
f 1145//1055 1154//1055 699//1055
f 699//1065 1154//1065 698//1065
f 1146//1066 1155//1066 1147//1066
f 1147//1067 1155//1067 1156//1067
f 1147//1058 1156//1058 1148//1058
f 1148//1068 1156//1068 1157//1068
f 1148//1059 1157//1059 1149//1059
f 1149//1069 1157//1069 1158//1069
f 1149//1060 1158//1060 1150//1060
f 1150//1070 1158//1070 1159//1070
f 1150//1061 1159//1061 1151//1061
f 1151//1071 1159//1071 1160//1071
f 1151//1062 1160//1062 1152//1062
f 1152//1072 1160//1072 1161//1072
f 1152//1063 1161//1063 1153//1063
f 1153//1073 1161//1073 1162//1073
f 1153//1064 1162//1064 1154//1064
f 1154//1074 1162//1074 696//1074
f 1154//1065 696//1065 698//1065
f 1155//1075 1163//1075 1156//1075
f 1156//1076 1163//1076 1164//1076
f 1156//1068 1164//1068 1157//1068
f 1157//1077 1164//1077 1165//1077
f 1157//1069 1165//1069 1158//1069
f 1158//1078 1165//1078 1166//1078
f 1158//1070 1166//1070 1159//1070
f 1159//1079 1166//1079 1167//1079
f 1159//1071 1167//1071 1160//1071
f 1160//1080 1167//1080 1168//1080
f 1160//1072 1168//1072 1161//1072
f 1161//1081 1168//1081 1169//1081
f 1161//1073 1169//1073 1162//1073
f 1162//1082 1169//1082 694//1082
f 1162//1074 694//1074 696//1074
f 1164//1083 1163//1083 1170//1083
f 1170//1084 1163//1084 1171//1084
f 1170//1085 1171//1085 1172//1085
f 1172//1086 1171//1086 1173//1086
f 1172//1087 1173//1087 1174//1087
f 1174//1088 1173//1088 1175//1088
f 1174//1089 1175//1089 1176//1089
f 1176//1090 1175//1090 1177//1090
f 1176//1091 1177//1091 1178//1091
f 1178//1092 1177//1092 1179//1092
f 1178//1093 1179//1093 682//1093
f 682//1094 1179//1094 680//1094
f 677//1095 1180//1095 675//1095
f 675//1096 1180//1096 1181//1096
f 675//529 1181//529 673//529
f 673//1097 1181//1097 1182//1097
f 673//527 1182//527 671//527
f 671//1098 1182//1098 1183//1098
f 671//525 1183//525 669//525
f 669//1099 1183//1099 1008//1099
f 669//523 1008//523 667//523
f 1180//1100 1184//1100 1181//1100
f 1181//1101 1184//1101 1185//1101
f 1181//1097 1185//1097 1182//1097
f 1182//1102 1185//1102 1186//1102
f 1182//1098 1186//1098 1183//1098
f 1183//1103 1186//1103 1006//1103
f 1183//1099 1006//1099 1008//1099
f 1184//1104 1187//1104 1185//1104
f 1185//1105 1187//1105 1188//1105
f 1185//1102 1188//1102 1186//1102
f 1186//1106 1188//1106 1004//1106
f 1186//1103 1004//1103 1006//1103
f 1187//1107 1189//1107 1188//1107
f 1188//1108 1189//1108 1002//1108
f 1188//1106 1002//1106 1004//1106
f 1189//1109 1000//1109 1002//1109
f 640//1110 638//1110 1190//1110
f 1190//1110 638//1110 637//1110
f 1190//1111 637//1111 1191//1111
f 1191//1111 637//1111 658//1111
f 1191//1112 658//1112 1025//1112
f 1025//1112 658//1112 659//1112
f 642//1113 640//1113 1192//1113
f 1192//1113 640//1113 1190//1113
f 1192//1114 1190//1114 1193//1114
f 1193//1114 1190//1114 1191//1114
f 1193//1115 1191//1115 1023//1115
f 1023//1115 1191//1115 1025//1115
f 644//1116 642//1116 1194//1116
f 1194//1116 642//1116 1192//1116
f 1194//1117 1192//1117 1195//1117
f 1195//1117 1192//1117 1193//1117
f 1195//1118 1193//1118 1021//1118
f 1021//1118 1193//1118 1023//1118
f 646//1119 644//1119 1196//1119
f 1196//1119 644//1119 1194//1119
f 1196//1120 1194//1120 1197//1120
f 1197//1120 1194//1120 1195//1120
f 1197//1121 1195//1121 1019//1121
f 1019//1121 1195//1121 1021//1121
f 648//1122 646//1122 1198//1122
f 1198//1122 646//1122 1196//1122
f 1198//1123 1196//1123 1199//1123
f 1199//1123 1196//1123 1197//1123
f 1199//1124 1197//1124 1017//1124
f 1017//1124 1197//1124 1019//1124
f 650//1125 648//1125 1200//1125
f 1200//1125 648//1125 1198//1125
f 1200//1126 1198//1126 1201//1126
f 1201//1126 1198//1126 1199//1126
f 1201//1127 1199//1127 1015//1127
f 1015//1127 1199//1127 1017//1127
f 1026//1128 654//1128 652//1128
f 652//1129 650//1129 1202//1129
f 1202//1129 650//1129 1200//1129
f 1202//1130 1200//1130 1203//1130
f 1203//1130 1200//1130 1201//1130
f 1203//1131 1201//1131 1013//1131
f 1013//1131 1201//1131 1015//1131
f 1011//1132 1026//1132 1202//1132
f 1202//1128 1026//1128 652//1128
f 1011//1132 1202//1132 1203//1132
f 1012//1133 1011//1133 1203//1133
f 1012//1133 1203//1133 1013//1133
f 661//517 663//517 1024//517
f 1024//1134 663//1134 1204//1134
f 1024//1134 1204//1134 1022//1134
f 1022//1135 1204//1135 1205//1135
f 1022//1135 1205//1135 1020//1135
f 1020//1136 1205//1136 1206//1136
f 1020//1136 1206//1136 1018//1136
f 1018//1137 1206//1137 1207//1137
f 1018//1137 1207//1137 1016//1137
f 1016//1138 1207//1138 1208//1138
f 1016//1138 1208//1138 1014//1138
f 1014//1139 1208//1139 999//1139
f 1014//1139 999//1139 997//1139
f 663//519 665//519 1204//519
f 1204//1140 665//1140 1009//1140
f 1204//1140 1009//1140 1205//1140
f 1205//1141 1009//1141 1007//1141
f 1205//1141 1007//1141 1206//1141
f 1206//1142 1007//1142 1005//1142
f 1206//1142 1005//1142 1207//1142
f 1207//1143 1005//1143 1003//1143
f 1207//1143 1003//1143 1208//1143
f 1208//1144 1003//1144 1001//1144
f 1208//1144 1001//1144 999//1144
f 846//684 854//684 847//684
f 847//1145 854//1145 1209//1145
f 847//685 1209//685 848//685
f 848//1146 1209//1146 1210//1146
f 848//686 1210//686 849//686
f 849//1147 1210//1147 1211//1147
f 849//687 1211//687 850//687
f 850//1148 1211//1148 1212//1148
f 850//688 1212//688 851//688
f 851//1149 1212//1149 1213//1149
f 851//689 1213//689 852//689
f 852//1150 1213//1150 1214//1150
f 852//690 1214//690 853//690
f 853//1151 1214//1151 683//1151
f 853//691 683//691 681//691
f 854//1145 855//1145 1209//1145
f 1209//1152 855//1152 1215//1152
f 1209//1146 1215//1146 1210//1146
f 1210//1153 1215//1153 1216//1153
f 1210//1147 1216//1147 1211//1147
f 1211//1154 1216//1154 1217//1154
f 1211//1148 1217//1148 1212//1148
f 1212//1155 1217//1155 1218//1155
f 1212//1149 1218//1149 1213//1149
f 1213//1156 1218//1156 1219//1156
f 1213//1150 1219//1150 1214//1150
f 1214//1157 1219//1157 685//1157
f 1214//1151 685//1151 683//1151
f 856//698 858//698 1215//698
f 1215//1153 858//1153 1216//1153
f 1217//1154 1216//1154 860//1154
f 860//700 1216//700 858//700
f 855//1152 856//1152 1215//1152
f 1218//1155 1217//1155 862//1155
f 862//702 1217//702 860//702
f 868//714 870//714 869//714
f 869//1158 870//1158 695//1158
f 869//715 695//715 693//715
f 697//1158 695//1158 870//1158
f 1218//704 862//704 864//704
f 1218//1156 864//1156 1219//1156
f 1219//706 864//706 687//706
f 1219//1157 687//1157 685//1157
f 692//1082 694//1082 1169//1082
f 690//1159 692//1159 1220//1159
f 1220//1159 692//1159 1169//1159
f 1220//1081 1169//1081 1168//1081
f 688//1160 690//1160 1221//1160
f 1221//1160 690//1160 1220//1160
f 1221//1161 1220//1161 1222//1161
f 1222//1161 1220//1161 1168//1161
f 1222//1080 1168//1080 1167//1080
f 686//1162 688//1162 1223//1162
f 1223//1162 688//1162 1221//1162
f 1223//1163 1221//1163 1224//1163
f 1224//1163 1221//1163 1222//1163
f 1224//1164 1222//1164 1225//1164
f 1225//1164 1222//1164 1167//1164
f 1225//1079 1167//1079 1166//1079
f 684//1165 686//1165 1226//1165
f 1226//1165 686//1165 1223//1165
f 1226//1166 1223//1166 1227//1166
f 1227//1166 1223//1166 1224//1166
f 1227//1167 1224//1167 1228//1167
f 1228//1167 1224//1167 1225//1167
f 1228//1168 1225//1168 1229//1168
f 1229//1168 1225//1168 1166//1168
f 1229//1078 1166//1078 1165//1078
f 682//1169 684//1169 1178//1169
f 1178//1169 684//1169 1226//1169
f 1178//1170 1226//1170 1176//1170
f 1176//1170 1226//1170 1227//1170
f 1176//1171 1227//1171 1174//1171
f 1174//1171 1227//1171 1228//1171
f 1174//1172 1228//1172 1172//1172
f 1172//1172 1228//1172 1229//1172
f 1172//1173 1229//1173 1170//1173
f 1170//1173 1229//1173 1165//1173
f 1170//1077 1165//1077 1164//1077
f 879//732 887//732 880//732
f 880//1174 887//1174 1230//1174
f 880//733 1230//733 881//733
f 881//1175 1230//1175 1231//1175
f 881//734 1231//734 882//734
f 882//1176 1231//1176 1232//1176
f 882//735 1232//735 883//735
f 883//1177 1232//1177 1233//1177
f 883//736 1233//736 884//736
f 884//1178 1233//1178 1234//1178
f 884//737 1234//737 885//737
f 885//1179 1234//1179 1235//1179
f 885//738 1235//738 886//738
f 886//1180 1235//1180 725//1180
f 886//739 725//739 723//739
f 887//1174 888//1174 1230//1174
f 1230//1181 888//1181 1236//1181
f 1230//1175 1236//1175 1231//1175
f 1231//1182 1236//1182 1237//1182
f 1231//1176 1237//1176 1232//1176
f 1232//1183 1237//1183 1238//1183
f 1232//1177 1238//1177 1233//1177
f 1233//1184 1238//1184 1239//1184
f 1233//1178 1239//1178 1234//1178
f 1234//1185 1239//1185 1240//1185
f 1234//1179 1240//1179 1235//1179
f 1235//1186 1240//1186 727//1186
f 1235//1180 727//1180 725//1180
f 889//746 891//746 1236//746
f 1236//1182 891//1182 1237//1182
f 1238//1183 1237//1183 893//1183
f 893//748 1237//748 891//748
f 888//1181 889//1181 1236//1181
f 1239//1184 1238//1184 895//1184
f 895//750 1238//750 893//750
f 901//762 903//762 902//762
f 902//1187 903//1187 737//1187
f 902//763 737//763 735//763
f 739//1187 737//1187 903//1187
f 1239//752 895//752 897//752
f 1239//1185 897//1185 1240//1185
f 1240//754 897//754 729//754
f 1240//1186 729//1186 727//1186
f 738//1188 740//1188 1241//1188
f 1241//1188 740//1188 741//1188
f 1241//1189 741//1189 1242//1189
f 1242//1189 741//1189 742//1189
f 1242//1190 742//1190 1243//1190
f 1243//1190 742//1190 743//1190
f 1243//588 743//588 745//588
f 736//1191 738//1191 1244//1191
f 1244//1191 738//1191 1241//1191
f 1244//1192 1241//1192 1245//1192
f 1245//1192 1241//1192 1242//1192
f 1245//1193 1242//1193 1246//1193
f 1246//1193 1242//1193 1243//1193
f 1246//1194 1243//1194 1247//1194
f 1247//1194 1243//1194 745//1194
f 1247//590 745//590 747//590
f 734//1195 736//1195 1248//1195
f 1248//1195 736//1195 1244//1195
f 1248//1196 1244//1196 1249//1196
f 1249//1196 1244//1196 1245//1196
f 1249//1197 1245//1197 1250//1197
f 1250//1197 1245//1197 1246//1197
f 1250//1198 1246//1198 1251//1198
f 1251//1198 1246//1198 1247//1198
f 1251//1199 1247//1199 1252//1199
f 1252//1199 1247//1199 747//1199
f 1252//592 747//592 749//592
f 734//1020 1248//1020 1117//1020
f 1117//1200 1248//1200 1253//1200
f 1117//1018 1253//1018 1115//1018
f 1115//1201 1253//1201 1254//1201
f 1115//1016 1254//1016 1113//1016
f 1113//1202 1254//1202 1255//1202
f 1113//1014 1255//1014 1111//1014
f 1111//1203 1255//1203 1256//1203
f 1111//1012 1256//1012 1106//1012
f 1106//1204 1256//1204 1104//1204
f 1253//1200 1248//1200 1249//1200
f 1253//1205 1249//1205 1257//1205
f 1257//1205 1249//1205 1250//1205
f 1257//1206 1250//1206 1258//1206
f 1258//1206 1250//1206 1251//1206
f 1258//1207 1251//1207 1259//1207
f 1259//1207 1251//1207 1252//1207
f 1259//1208 1252//1208 1260//1208
f 1260//1208 1252//1208 749//1208
f 1260//594 749//594 751//594
f 1258//1209 1261//1209 1257//1209
f 1257//1209 1261//1209 1254//1209
f 1257//1201 1254//1201 1253//1201
f 1254//1202 1261//1202 1255//1202
f 1255//1210 1261//1210 1262//1210
f 1255//1203 1262//1203 1256//1203
f 1256//1211 1262//1211 1263//1211
f 1256//1204 1263//1204 1104//1204
f 1104//1212 1263//1212 1102//1212
f 1261//1213 1258//1213 1264//1213
f 1264//1213 1258//1213 1259//1213
f 1264//1214 1259//1214 1265//1214
f 1265//1214 1259//1214 1260//1214
f 1265//1215 1260//1215 1266//1215
f 1266//1215 1260//1215 751//1215
f 1266//596 751//596 753//596
f 904//770 912//770 905//770
f 905//1216 912//1216 1267//1216
f 905//771 1267//771 906//771
f 906//1217 1267//1217 1268//1217
f 906//772 1268//772 907//772
f 907//1218 1268//1218 1269//1218
f 907//773 1269//773 908//773
f 908//1219 1269//1219 1270//1219
f 908//774 1270//774 909//774
f 909//1220 1270//1220 1271//1220
f 909//775 1271//775 910//775
f 910//1221 1271//1221 1272//1221
f 910//776 1272//776 911//776
f 911//1222 1272//1222 1273//1222
f 911//777 1273//777 763//777
f 763//1223 1273//1223 765//1223
f 1265//1224 1274//1224 1264//1224
f 1264//1224 1274//1224 1262//1224
f 1264//1210 1262//1210 1261//1210
f 1262//1211 1274//1211 1263//1211
f 1263//1225 1274//1225 1275//1225
f 1263//1212 1275//1212 1102//1212
f 1102//1226 1275//1226 1100//1226
f 1274//1227 1265//1227 1276//1227
f 1276//1227 1265//1227 1266//1227
f 1276//1228 1266//1228 1277//1228
f 1277//1228 1266//1228 753//1228
f 1277//598 753//598 755//598
f 912//1216 913//1216 1267//1216
f 1267//1229 913//1229 1278//1229
f 1267//1217 1278//1217 1268//1217
f 1268//1230 1278//1230 1279//1230
f 1268//1218 1279//1218 1269//1218
f 1269//1231 1279//1231 1280//1231
f 1269//1219 1280//1219 1270//1219
f 1270//1232 1280//1232 1281//1232
f 1270//1220 1281//1220 1271//1220
f 1271//1233 1281//1233 1282//1233
f 1271//1221 1282//1221 1272//1221
f 1272//1234 1282//1234 1283//1234
f 1272//1222 1283//1222 1273//1222
f 1273//1235 1283//1235 1284//1235
f 1273//1223 1284//1223 765//1223
f 765//1236 1284//1236 767//1236
f 1274//1225 1276//1225 1275//1225
f 1275//1237 1276//1237 1285//1237
f 1275//1226 1285//1226 1100//1226
f 1100//1238 1285//1238 1097//1238
f 1285//1237 1276//1237 1277//1237
f 914//784 916//784 1278//784
f 1278//1230 916//1230 1279//1230
f 1280//1231 1279//1231 918//1231
f 918//786 1279//786 916//786
f 1285//1239 1277//1239 1286//1239
f 1286//1239 1277//1239 755//1239
f 1286//600 755//600 757//600
f 1095//1240 1097//1240 1286//1240
f 1286//1238 1097//1238 1285//1238
f 1095//1240 1286//1240 757//1240
f 913//1229 914//1229 1278//1229
f 1281//1232 1280//1232 920//1232
f 920//788 1280//788 918//788
f 759//602 1095//602 757//602
f 938//812 946//812 939//812
f 939//1241 946//1241 1287//1241
f 939//813 1287//813 940//813
f 940//1242 1287//1242 1288//1242
f 940//814 1288//814 941//814
f 941//1243 1288//1243 1289//1243
f 941//815 1289//815 942//815
f 942//1244 1289//1244 1290//1244
f 942//816 1290//816 943//816
f 943//1245 1290//1245 1291//1245
f 943//817 1291//817 944//817
f 944//1246 1291//1246 1292//1246
f 944//818 1292//818 945//818
f 945//1247 1292//1247 777//1247
f 945//819 777//819 775//819
f 1281//790 920//790 922//790
f 1281//1233 922//1233 1282//1233
f 1282//792 922//792 924//792
f 1282//1234 924//1234 1283//1234
f 1283//794 924//794 926//794
f 1283//1235 926//1235 1284//1235
f 1284//796 926//796 928//796
f 1284//1236 928//1236 767//1236
f 767//798 928//798 769//798
f 946//1241 947//1241 1287//1241
f 1287//1248 947//1248 1293//1248
f 1287//1242 1293//1242 1288//1242
f 1288//1249 1293//1249 1294//1249
f 1288//1243 1294//1243 1289//1243
f 1289//1250 1294//1250 1295//1250
f 1289//1244 1295//1244 1290//1244
f 1290//1251 1295//1251 1296//1251
f 1290//1245 1296//1245 1291//1245
f 1291//1252 1296//1252 1297//1252
f 1291//1246 1297//1246 1292//1246
f 1292//1253 1297//1253 779//1253
f 1292//1247 779//1247 777//1247
f 948//826 950//826 1293//826
f 1293//1249 950//1249 1294//1249
f 1295//1250 1294//1250 952//1250
f 952//828 1294//828 950//828
f 947//1248 948//1248 1293//1248
f 1296//1251 1295//1251 954//1251
f 954//830 1295//830 952//830
f 960//842 962//842 961//842
f 961//1254 962//1254 789//1254
f 961//843 789//843 787//843
f 791//1254 789//1254 962//1254
f 1296//832 954//832 956//832
f 1296//1252 956//1252 1297//1252
f 1297//834 956//834 781//834
f 1297//1253 781//1253 779//1253
f 786//983 788//983 1084//983
f 784//1255 786//1255 1298//1255
f 1298//1255 786//1255 1084//1255
f 1298//982 1084//982 1083//982
f 782//1256 784//1256 1299//1256
f 1299//1256 784//1256 1298//1256
f 1299//1257 1298//1257 1300//1257
f 1300//1257 1298//1257 1083//1257
f 1300//981 1083//981 1082//981
f 780//1258 782//1258 1301//1258
f 1301//1258 782//1258 1299//1258
f 1301//1259 1299//1259 1302//1259
f 1302//1259 1299//1259 1300//1259
f 1302//1260 1300//1260 1303//1260
f 1303//1260 1300//1260 1082//1260
f 1303//980 1082//980 1081//980
f 778//1261 780//1261 1304//1261
f 1304//1261 780//1261 1301//1261
f 1304//1262 1301//1262 1305//1262
f 1305//1262 1301//1262 1302//1262
f 1305//1263 1302//1263 1306//1263
f 1306//1263 1302//1263 1303//1263
f 1306//1264 1303//1264 1307//1264
f 1307//1264 1303//1264 1081//1264
f 1307//979 1081//979 1080//979
f 776//1265 778//1265 1093//1265
f 1093//1265 778//1265 1304//1265
f 1093//1266 1304//1266 1091//1266
f 1091//1266 1304//1266 1305//1266
f 1091//1267 1305//1267 1089//1267
f 1089//1267 1305//1267 1306//1267
f 1089//1268 1306//1268 1087//1268
f 1087//1268 1306//1268 1307//1268
f 1087//1269 1307//1269 1085//1269
f 1085//1269 1307//1269 1080//1269
f 1085//978 1080//978 1079//978
f 971//860 979//860 972//860
f 972//1270 979//1270 1308//1270
f 972//861 1308//861 973//861
f 973//1271 1308//1271 1309//1271
f 973//862 1309//862 974//862
f 974//1272 1309//1272 1310//1272
f 974//863 1310//863 975//863
f 975//1273 1310//1273 1311//1273
f 975//864 1311//864 976//864
f 976//1274 1311//1274 1312//1274
f 976//865 1312//865 977//865
f 977//1275 1312//1275 1313//1275
f 977//866 1313//866 978//866
f 978//1276 1313//1276 819//1276
f 978//867 819//867 817//867
f 979//1270 980//1270 1308//1270
f 1308//1277 980//1277 1314//1277
f 1308//1271 1314//1271 1309//1271
f 1309//1278 1314//1278 1315//1278
f 1309//1272 1315//1272 1310//1272
f 1310//1279 1315//1279 1316//1279
f 1310//1273 1316//1273 1311//1273
f 1311//1280 1316//1280 1317//1280
f 1311//1274 1317//1274 1312//1274
f 1312//1281 1317//1281 1318//1281
f 1312//1275 1318//1275 1313//1275
f 1313//1282 1318//1282 821//1282
f 1313//1276 821//1276 819//1276
f 981//874 983//874 1314//874
f 1314//1278 983//1278 1315//1278
f 1316//1279 1315//1279 985//1279
f 985//876 1315//876 983//876
f 980//1277 981//1277 1314//1277
f 1317//1280 1316//1280 987//1280
f 987//878 1316//878 985//878
f 993//890 995//890 994//890
f 994//1283 995//1283 831//1283
f 994//891 831//891 829//891
f 833//1283 831//1283 995//1283
f 1317//880 987//880 989//880
f 1317//1281 989//1281 1318//1281
f 1318//882 989//882 823//882
f 1318//1282 823//1282 821//1282
f 832//1284 834//1284 1319//1284
f 1319//1284 834//1284 835//1284
f 1319//1285 835//1285 1320//1285
f 1320//1285 835//1285 836//1285
f 1320//1286 836//1286 1039//1286
f 1039//1286 836//1286 837//1286
f 830//1287 832//1287 1321//1287
f 1321//1287 832//1287 1319//1287
f 1321//1288 1319//1288 1322//1288
f 1322//1288 1319//1288 1320//1288
f 1322//1289 1320//1289 1038//1289
f 1038//1289 1320//1289 1039//1289
f 828//1290 830//1290 1323//1290
f 1323//1290 830//1290 1321//1290
f 1323//1291 1321//1291 1324//1291
f 1324//1291 1321//1291 1322//1291
f 1324//1292 1322//1292 1037//1292
f 1037//1292 1322//1292 1038//1292
f 826//1293 828//1293 1325//1293
f 1325//1293 828//1293 1323//1293
f 1325//1294 1323//1294 1326//1294
f 1326//1294 1323//1294 1324//1294
f 1326//1295 1324//1295 1036//1295
f 1036//1295 1324//1295 1037//1295
f 824//1296 826//1296 1327//1296
f 1327//1296 826//1296 1325//1296
f 1327//1297 1325//1297 1328//1297
f 1328//1297 1325//1297 1326//1297
f 1328//1298 1326//1298 1035//1298
f 1035//1298 1326//1298 1036//1298
f 822//1299 824//1299 1329//1299
f 1329//1299 824//1299 1327//1299
f 1329//1300 1327//1300 1330//1300
f 1330//1300 1327//1300 1328//1300
f 1330//1301 1328//1301 1034//1301
f 1034//1301 1328//1301 1035//1301
f 820//1302 822//1302 1331//1302
f 1331//1302 822//1302 1329//1302
f 1331//1303 1329//1303 1332//1303
f 1332//1303 1329//1303 1330//1303
f 1332//1304 1330//1304 1033//1304
f 1033//1304 1330//1304 1034//1304
f 818//1305 820//1305 1040//1305
f 1040//1305 820//1305 1331//1305
f 1040//1306 1331//1306 1031//1306
f 1031//1306 1331//1306 1332//1306
f 1031//1307 1332//1307 1032//1307
f 1032//1307 1332//1307 1033//1307
f 1096//1308 761//1308 1333//1308
f 1333//1309 761//1309 1334//1309
f 1334//497 761//497 762//497
f 1334//497 762//497 1335//497
f 1335//497 762//497 764//497
f 1335//497 764//497 1336//497
f 1336//497 764//497 766//497
f 1336//1310 766//1310 1337//1310
f 1337//1311 766//1311 1338//1311
f 1338//497 766//497 768//497
f 1338//497 768//497 1339//497
f 1339//497 768//497 770//497
f 1339//1312 770//1312 1340//1312
f 1340//1313 770//1313 1341//1313
f 1341//497 770//497 772//497
f 1341//1314 772//1314 1342//1314
f 1342//1315 772//1315 1343//1315
f 1343//1316 772//1316 774//1316
f 1343//1317 774//1317 1344//1317
f 1344//1318 774//1318 1345//1318
f 1345//497 774//497 1094//497
f 1345//497 1094//497 1346//497
f 1346//497 1094//497 1092//497
f 1346//497 1092//497 1347//497
f 1347//497 1092//497 1348//497
f 1348//497 1092//497 1090//497
f 1348//497 1090//497 1349//497
f 1349//497 1090//497 1350//497
f 1349//497 1350//497 1351//497
f 1351//497 1350//497 1352//497
f 1351//497 1352//497 1353//497
f 1088//497 1354//497 1090//497
f 1090//497 1354//497 1355//497
f 1090//497 1355//497 1356//497
f 1086//497 1357//497 1088//497
f 1088//497 1357//497 1358//497
f 1088//497 1358//497 1359//497
f 1078//497 1360//497 1086//497
f 1086//497 1360//497 1361//497
f 1086//497 1361//497 1357//497
f 1070//497 1362//497 1078//497
f 1078//497 1362//497 1363//497
f 1078//497 1363//497 1364//497
f 1362//497 1070//497 1365//497
f 1365//497 1070//497 1061//497
f 1365//497 1061//497 1366//497
f 1366//497 1061//497 1367//497
f 1367//497 1061//497 1052//497
f 1367//497 1052//497 1368//497
f 1368//497 1052//497 1043//497
f 1368//497 1043//497 1369//497
f 1369//497 1043//497 813//497
f 1369//497 813//497 1370//497
f 1370//497 813//497 1371//497
f 1371//497 813//497 814//497
f 1371//497 814//497 1372//497
f 1372//497 814//497 816//497
f 1372//497 816//497 1042//497
f 1364//497 1360//497 1078//497
f 1359//497 1354//497 1088//497
f 1356//497 1350//497 1090//497
f 1351//497 1353//497 1373//497
f 1373//497 1353//497 1374//497
f 1373//497 1374//497 1375//497
f 1373//497 1375//497 1376//497
f 1376//497 1375//497 1377//497
f 1376//497 1377//497 1378//497
f 1378//497 1377//497 1379//497
f 1378//497 1379//497 1380//497
f 1380//497 1379//497 1381//497
f 1380//497 1381//497 1382//497
f 1382//497 1381//497 1383//497
f 1382//497 1383//497 1384//497
f 1384//497 1383//497 1385//497
f 1385//497 1383//497 1386//497
f 1385//497 1386//497 1387//497
f 1387//497 1386//497 1388//497
f 1388//497 1386//497 1389//497
f 1388//497 1389//497 1390//497
f 1390//497 1389//497 1391//497
f 1391//497 1389//497 1392//497
f 1391//497 1392//497 1393//497
f 1393//497 1392//497 1394//497
f 1393//497 1394//497 1395//497
f 1395//497 1394//497 1396//497
f 1395//497 1396//497 1397//497
f 1397//497 1396//497 1398//497
f 1397//497 1398//497 1399//497
f 1399//497 1398//497 1400//497
f 1109//497 1108//497 1401//497
f 1401//497 1108//497 1107//497
f 1401//497 1107//497 1105//497
f 656//497 1029//497 1402//497
f 1402//497 1029//497 1028//497
f 1402//497 1028//497 1027//497
f 998//1319 1000//1319 1403//1319
f 1403//1320 1000//1320 1404//1320
f 1404//497 1000//497 1189//497
f 1404//497 1189//497 1405//497
f 1405//497 1189//497 1187//497
f 1405//497 1187//497 1406//497
f 1406//497 1187//497 1184//497
f 1406//497 1184//497 1407//497
f 1407//497 1184//497 1408//497
f 1408//497 1184//497 1180//497
f 1408//497 1180//497 1409//497
f 1409//497 1180//497 677//497
f 1409//497 677//497 1410//497
f 1410//497 677//497 1411//497
f 1411//497 677//497 678//497
f 1411//497 678//497 1412//497
f 1412//497 678//497 1413//497
f 1413//497 678//497 680//497
f 1413//497 680//497 1414//497
f 1414//497 680//497 1415//497
f 1415//497 680//497 1179//497
f 1415//1321 1179//1321 1416//1321
f 1416//1322 1179//1322 1177//1322
f 1416//1323 1177//1323 1417//1323
f 1417//497 1177//497 1418//497
f 1418//497 1177//497 1175//497
f 1418//497 1175//497 1419//497
f 1419//497 1175//497 1420//497
f 1419//497 1420//497 1421//497
f 1421//497 1420//497 1422//497
f 1421//497 1422//497 1423//497
f 1173//497 1424//497 1175//497
f 1175//497 1424//497 1425//497
f 1175//497 1425//497 1426//497
f 1171//497 1427//497 1173//497
f 1173//497 1427//497 1428//497
f 1173//497 1428//497 1429//497
f 1163//497 1430//497 1171//497
f 1171//497 1430//497 1431//497
f 1171//497 1431//497 1427//497
f 1155//497 1432//497 1163//497
f 1163//1324 1432//1324 1433//1324
f 1163//1325 1433//1325 1434//1325
f 1432//497 1155//497 1435//497
f 1435//497 1155//497 1146//497
f 1435//497 1146//497 1436//497
f 1436//497 1146//497 1437//497
f 1437//497 1146//497 1137//497
f 1437//497 1137//497 1438//497
f 1438//497 1137//497 1128//497
f 1438//497 1128//497 1439//497
f 1439//497 1128//497 719//497
f 1439//497 719//497 1440//497
f 1440//497 719//497 1441//497
f 1441//497 719//497 720//497
f 1441//497 720//497 1442//497
f 1442//497 720//497 722//497
f 1442//497 722//497 1127//497
f 1434//1326 1430//1326 1163//1326
f 1429//497 1424//497 1173//497
f 1426//497 1420//497 1175//497
f 1421//497 1423//497 1443//497
f 1443//497 1423//497 1444//497
f 1443//497 1444//497 1445//497
f 1443//497 1445//497 1446//497
f 1446//497 1445//497 1447//497
f 1446//497 1447//497 1448//497
f 1448//497 1447//497 1449//497
f 1448//497 1449//497 1450//497
f 1450//497 1449//497 1451//497
f 1450//497 1451//497 1452//497
f 1452//497 1451//497 1453//497
f 1452//497 1453//497 1454//497
f 1454//497 1453//497 1455//497
f 1455//497 1453//497 1456//497
f 1455//497 1456//497 1457//497
f 1457//497 1456//497 1458//497
f 1458//497 1456//497 1459//497
f 1458//497 1459//497 1460//497
f 1460//497 1459//497 1461//497
f 1461//497 1459//497 1462//497
f 1461//497 1462//497 1463//497
f 1463//497 1462//497 1464//497
f 1463//497 1464//497 1465//497
f 1465//497 1464//497 1466//497
f 1465//497 1466//497 1467//497
f 1467//497 1466//497 1468//497
f 1467//497 1468//497 1469//497
f 1469//497 1468//497 1470//497
f 1471//1327 1470//1327 1472//1327
f 1472//1328 1470//1328 1468//1328
f 1472//1329 1468//1329 1466//1329
f 1472//1330 1466//1330 1473//1330
f 1473//1331 1466//1331 1464//1331
f 1473//1332 1464//1332 1474//1332
f 1474//1333 1464//1333 1462//1333
f 1474//1334 1462//1334 1475//1334
f 1475//1335 1462//1335 1459//1335
f 1475//1336 1459//1336 1476//1336
f 1476//1337 1459//1337 1456//1337
f 1476//1338 1456//1338 1477//1338
f 1477//1339 1456//1339 1453//1339
f 1477//1340 1453//1340 1451//1340
f 1477//1341 1451//1341 1478//1341
f 1478//1342 1451//1342 1449//1342
f 1478//1343 1449//1343 1479//1343
f 1479//1344 1449//1344 1447//1344
f 1479//1345 1447//1345 1445//1345
f 1445//1346 1444//1346 1479//1346
f 1479//1347 1444//1347 1480//1347
f 1479//1348 1480//1348 1481//1348
f 1481//1349 1480//1349 1482//1349
f 1481//1350 1482//1350 1483//1350
f 1483//1351 1482//1351 1484//1351
f 1483//1352 1484//1352 1485//1352
f 1485//1353 1484//1353 1486//1353
f 1485//1354 1486//1354 1487//1354
f 1487//1355 1486//1355 1488//1355
f 1487//1356 1488//1356 1489//1356
f 1489//1357 1488//1357 1490//1357
f 1489//1358 1490//1358 1491//1358
f 1491//1359 1490//1359 1492//1359
f 1491//1360 1492//1360 1493//1360
f 1493//1361 1492//1361 1494//1361
f 1493//1362 1494//1362 1495//1362
f 1495//1363 1494//1363 1496//1363
f 1495//1364 1496//1364 1497//1364
f 1497//1365 1496//1365 1498//1365
f 1497//1366 1498//1366 1499//1366
f 1499//1367 1498//1367 1500//1367
f 1499//1368 1500//1368 1501//1368
f 1501//1369 1500//1369 1502//1369
f 1501//1370 1502//1370 1503//1370
f 1503//1371 1502//1371 1504//1371
f 1503//1372 1504//1372 1505//1372
f 1505//1373 1504//1373 1506//1373
f 1505//1374 1506//1374 1507//1374
f 1507//1375 1506//1375 1508//1375
f 1507//1376 1508//1376 1509//1376
f 1509//1377 1508//1377 1510//1377
f 1509//1378 1510//1378 1511//1378
f 1511//1379 1510//1379 1512//1379
f 1511//1380 1512//1380 1513//1380
f 1513//1381 1512//1381 1514//1381
f 1513//1382 1514//1382 1515//1382
f 1515//1383 1514//1383 1516//1383
f 1515//1384 1516//1384 1517//1384
f 1517//1385 1516//1385 1518//1385
f 1517//1386 1518//1386 1519//1386
f 1519//1387 1518//1387 1520//1387
f 1519//1388 1520//1388 1521//1388
f 1521//1389 1520//1389 1522//1389
f 1521//1390 1522//1390 1523//1390
f 1523//1391 1522//1391 1524//1391
f 1523//1392 1524//1392 1525//1392
f 1525//1393 1524//1393 1526//1393
f 1525//1394 1526//1394 1527//1394
f 1527//1395 1526//1395 1528//1395
f 1527//1396 1528//1396 1529//1396
f 1529//1397 1528//1397 1530//1397
f 1529//1398 1530//1398 1531//1398
f 1531//1399 1530//1399 1532//1399
f 1532//1400 1530//1400 1533//1400
f 1532//1400 1533//1400 1534//1400
f 1534//1401 1533//1401 1535//1401
f 1534//1402 1535//1402 1536//1402
f 1536//1403 1535//1403 1537//1403
f 1536//1404 1537//1404 1538//1404
f 1538//1405 1537//1405 1539//1405
f 1538//1406 1539//1406 1540//1406
f 1540//1407 1539//1407 1541//1407
f 1540//1408 1541//1408 1542//1408
f 1542//1409 1541//1409 1543//1409
f 1542//1410 1543//1410 1544//1410
f 1544//1411 1543//1411 1545//1411
f 1544//1412 1545//1412 1546//1412
f 1546//1413 1545//1413 1547//1413
f 1546//1414 1547//1414 1548//1414
f 1548//1415 1547//1415 1549//1415
f 1548//1416 1549//1416 1550//1416
f 1550//1417 1549//1417 1551//1417
f 1550//1418 1551//1418 1552//1418
f 1552//1419 1551//1419 1492//1419
f 1552//1420 1492//1420 1490//1420
f 1444//1421 1423//1421 1480//1421
f 1480//1422 1423//1422 1422//1422
f 1480//1423 1422//1423 1420//1423
f 1420//1424 1426//1424 1480//1424
f 1480//1425 1426//1425 1553//1425
f 1480//1426 1553//1426 1482//1426
f 1482//1427 1553//1427 1554//1427
f 1482//1428 1554//1428 1484//1428
f 1484//1429 1554//1429 1555//1429
f 1484//1430 1555//1430 1486//1430
f 1486//1431 1555//1431 1556//1431
f 1486//1432 1556//1432 1488//1432
f 1488//1433 1556//1433 1557//1433
f 1488//1434 1557//1434 1490//1434
f 1490//1435 1557//1435 1552//1435
f 1426//1436 1425//1436 1553//1436
f 1553//1437 1425//1437 1424//1437
f 1553//1438 1424//1438 1429//1438
f 1553//1439 1429//1439 1558//1439
f 1558//1440 1429//1440 1428//1440
f 1558//1441 1428//1441 1427//1441
f 1427//1442 1431//1442 1558//1442
f 1558//1443 1431//1443 1559//1443
f 1558//1444 1559//1444 1560//1444
f 1560//1445 1559//1445 1561//1445
f 1560//1446 1561//1446 1562//1446
f 1562//1447 1561//1447 1563//1447
f 1562//1448 1563//1448 1564//1448
f 1564//1449 1563//1449 1565//1449
f 1564//1450 1565//1450 1566//1450
f 1566//1451 1565//1451 1567//1451
f 1566//1452 1567//1452 1550//1452
f 1550//1453 1567//1453 1548//1453
f 1431//1454 1430//1454 1559//1454
f 1559//1455 1430//1455 1434//1455
f 1559//1456 1434//1456 1568//1456
f 1568//1457 1434//1457 1433//1457
f 1568//1458 1433//1458 1432//1458
f 1568//1459 1432//1459 1569//1459
f 1569//1460 1432//1460 1435//1460
f 1569//1461 1435//1461 1436//1461
f 1569//1462 1436//1462 1570//1462
f 1570//1463 1436//1463 1437//1463
f 1570//1464 1437//1464 1438//1464
f 1570//1465 1438//1465 1571//1465
f 1571//1466 1438//1466 1439//1466
f 1571//1467 1439//1467 1440//1467
f 1571//1468 1440//1468 1572//1468
f 1572//1469 1440//1469 1441//1469
f 1572//1470 1441//1470 1442//1470
f 1572//1471 1442//1471 1573//1471
f 1573//1472 1442//1472 1127//1472
f 1573//1473 1127//1473 1125//1473
f 1573//1474 1125//1474 1574//1474
f 1574//1475 1125//1475 1122//1475
f 1574//1476 1122//1476 1118//1476
f 1118//1477 1109//1477 1574//1477
f 1574//1478 1109//1478 1401//1478
f 1574//1479 1401//1479 1575//1479
f 1575//1480 1401//1480 1532//1480
f 1575//1400 1532//1400 1576//1400
f 1576//1400 1532//1400 1577//1400
f 1576//1481 1577//1481 1578//1481
f 1578//1482 1577//1482 1579//1482
f 1578//1483 1579//1483 1580//1483
f 1580//1484 1579//1484 1538//1484
f 1580//1485 1538//1485 1540//1485
f 1581//1486 1582//1486 1531//1486
f 1531//1398 1582//1398 1583//1398
f 1531//1398 1583//1398 1529//1398
f 1529//1487 1583//1487 1527//1487
f 1584//1488 1585//1488 1581//1488
f 1581//1489 1585//1489 1586//1489
f 1581//1489 1586//1489 1582//1489
f 1582//1490 1586//1490 1587//1490
f 1582//1491 1587//1491 1588//1491
f 1588//1492 1587//1492 1589//1492
f 1588//1493 1589//1493 1525//1493
f 1525//1494 1589//1494 1523//1494
f 1585//1495 1584//1495 1590//1495
f 1590//1496 1584//1496 1591//1496
f 1590//1497 1591//1497 1592//1497
f 1592//1497 1591//1497 1593//1497
f 1592//1498 1593//1498 1594//1498
f 1594//1499 1593//1499 1595//1499
f 1594//1500 1595//1500 1596//1500
f 1591//1501 1595//1501 1593//1501
f 1594//1502 1596//1502 1597//1502
f 1597//1503 1596//1503 1513//1503
f 1597//1504 1513//1504 1598//1504
f 1598//1505 1513//1505 1599//1505
f 1598//1506 1599//1506 1600//1506
f 1600//1507 1599//1507 1601//1507
f 1600//1508 1601//1508 1602//1508
f 1602//1509 1601//1509 1603//1509
f 1602//1510 1603//1510 1604//1510
f 1604//1511 1603//1511 1521//1511
f 1604//1512 1521//1512 1523//1512
f 1605//1513 1606//1513 1511//1513
f 1511//1514 1606//1514 1607//1514
f 1511//1515 1607//1515 1608//1515
f 1608//1516 1607//1516 1609//1516
f 1608//1517 1609//1517 1610//1517
f 1610//1518 1609//1518 1611//1518
f 1610//1519 1611//1519 1505//1519
f 1505//1520 1611//1520 1503//1520
f 1606//1521 1605//1521 1612//1521
f 1612//1522 1605//1522 1613//1522
f 1612//1523 1613//1523 1614//1523
f 1614//1524 1613//1524 1615//1524
f 1614//1525 1615//1525 1616//1525
f 1616//1526 1615//1526 1617//1526
f 1616//1527 1617//1527 1618//1527
f 1618//1528 1617//1528 1619//1528
f 1618//1529 1619//1529 1620//1529
f 1620//1530 1619//1530 1621//1530
f 1620//1531 1621//1531 1622//1531
f 1622//1532 1621//1532 1623//1532
f 1622//1533 1623//1533 1624//1533
f 1624//1534 1623//1534 1625//1534
f 1624//1535 1625//1535 1626//1535
f 1626//1536 1625//1536 1627//1536
f 1626//1537 1627//1537 1628//1537
f 1628//1538 1627//1538 1629//1538
f 1628//1539 1629//1539 1630//1539
f 1630//1540 1629//1540 1631//1540
f 1630//1541 1631//1541 1632//1541
f 1632//1542 1631//1542 1633//1542
f 1632//1543 1633//1543 1634//1543
f 1634//1544 1633//1544 1635//1544
f 1634//1545 1635//1545 1636//1545
f 1636//1546 1635//1546 1637//1546
f 1636//1547 1637//1547 1638//1547
f 1638//1548 1637//1548 1639//1548
f 1638//1549 1639//1549 1640//1549
f 1640//1550 1639//1550 1641//1550
f 1640//1551 1641//1551 1642//1551
f 1642//1552 1641//1552 1643//1552
f 1642//1553 1643//1553 1473//1553
f 1473//1554 1643//1554 1472//1554
f 1613//1555 1644//1555 1615//1555
f 1615//1556 1644//1556 1617//1556
f 1617//1556 1644//1556 1619//1556
f 1619//1557 1644//1557 1645//1557
f 1619//1558 1645//1558 1621//1558
f 1621//1559 1645//1559 1646//1559
f 1621//1559 1646//1559 1647//1559
f 1621//1560 1647//1560 1623//1560
f 1623//1561 1647//1561 1648//1561
f 1623//1562 1648//1562 1625//1562
f 1625//1563 1648//1563 1649//1563
f 1625//1564 1649//1564 1627//1564
f 1627//1564 1649//1564 1629//1564
f 1649//1565 1650//1565 1629//1565
f 1629//1566 1650//1566 1631//1566
f 1650//1567 1651//1567 1631//1567
f 1631//1568 1651//1568 1633//1568
f 1633//1568 1651//1568 1635//1568
f 1635//1569 1651//1569 1652//1569
f 1635//1570 1652//1570 1637//1570
f 1637//1570 1652//1570 1639//1570
f 1652//1571 1653//1571 1639//1571
f 1639//1572 1653//1572 1641//1572
f 1653//1573 1471//1573 1641//1573
f 1641//1574 1471//1574 1643//1574
f 1643//1574 1471//1574 1472//1574
f 1532//1400 1534//1400 1654//1400
f 1654//1575 1534//1575 1536//1575
f 1654//1576 1536//1576 1579//1576
f 1579//1577 1536//1577 1538//1577
f 1573//1578 1574//1578 1655//1578
f 1655//1579 1574//1579 1575//1579
f 1655//1580 1575//1580 1656//1580
f 1656//1581 1575//1581 1576//1581
f 1656//1582 1576//1582 1578//1582
f 1572//1583 1573//1583 1657//1583
f 1657//1584 1573//1584 1655//1584
f 1657//1585 1655//1585 1658//1585
f 1658//1586 1655//1586 1656//1586
f 1658//1587 1656//1587 1659//1587
f 1659//1588 1656//1588 1578//1588
f 1659//1589 1578//1589 1580//1589
f 1571//1590 1572//1590 1660//1590
f 1660//1591 1572//1591 1657//1591
f 1660//1592 1657//1592 1661//1592
f 1661//1593 1657//1593 1658//1593
f 1661//1594 1658//1594 1662//1594
f 1662//1595 1658//1595 1659//1595
f 1662//1596 1659//1596 1663//1596
f 1663//1597 1659//1597 1580//1597
f 1663//1598 1580//1598 1540//1598
f 1570//1599 1571//1599 1664//1599
f 1664//1600 1571//1600 1660//1600
f 1664//1601 1660//1601 1665//1601
f 1665//1602 1660//1602 1661//1602
f 1665//1603 1661//1603 1666//1603
f 1666//1604 1661//1604 1662//1604
f 1666//1605 1662//1605 1667//1605
f 1667//1606 1662//1606 1663//1606
f 1667//1607 1663//1607 1542//1607
f 1542//1608 1663//1608 1540//1608
f 1569//1609 1570//1609 1668//1609
f 1668//1610 1570//1610 1664//1610
f 1668//1611 1664//1611 1669//1611
f 1669//1612 1664//1612 1665//1612
f 1669//1613 1665//1613 1670//1613
f 1670//1614 1665//1614 1666//1614
f 1670//1615 1666//1615 1671//1615
f 1671//1616 1666//1616 1667//1616
f 1671//1617 1667//1617 1544//1617
f 1544//1618 1667//1618 1542//1618
f 1561//1619 1559//1619 1568//1619
f 1568//1620 1569//1620 1672//1620
f 1672//1621 1569//1621 1668//1621
f 1672//1622 1668//1622 1673//1622
f 1673//1623 1668//1623 1669//1623
f 1673//1624 1669//1624 1674//1624
f 1674//1625 1669//1625 1670//1625
f 1674//1626 1670//1626 1675//1626
f 1675//1627 1670//1627 1671//1627
f 1675//1628 1671//1628 1546//1628
f 1546//1629 1671//1629 1544//1629
f 1554//1630 1553//1630 1558//1630
f 1554//1631 1558//1631 1560//1631
f 1478//1632 1479//1632 1676//1632
f 1676//1633 1479//1633 1481//1633
f 1676//1634 1481//1634 1677//1634
f 1677//1635 1481//1635 1483//1635
f 1677//1636 1483//1636 1678//1636
f 1678//1637 1483//1637 1485//1637
f 1678//1638 1485//1638 1679//1638
f 1679//1639 1485//1639 1487//1639
f 1679//1640 1487//1640 1680//1640
f 1680//1641 1487//1641 1489//1641
f 1680//1642 1489//1642 1681//1642
f 1681//1643 1489//1643 1491//1643
f 1681//1644 1491//1644 1682//1644
f 1682//1645 1491//1645 1493//1645
f 1682//1646 1493//1646 1683//1646
f 1683//1647 1493//1647 1495//1647
f 1683//1648 1495//1648 1684//1648
f 1684//1649 1495//1649 1497//1649
f 1684//1650 1497//1650 1685//1650
f 1685//1651 1497//1651 1499//1651
f 1685//1652 1499//1652 1686//1652
f 1686//1653 1499//1653 1501//1653
f 1686//1654 1501//1654 1687//1654
f 1687//1655 1501//1655 1503//1655
f 1687//1656 1503//1656 1611//1656
f 1477//1657 1478//1657 1688//1657
f 1688//1658 1478//1658 1676//1658
f 1688//1659 1676//1659 1689//1659
f 1689//1660 1676//1660 1677//1660
f 1689//1661 1677//1661 1690//1661
f 1690//1662 1677//1662 1678//1662
f 1690//1663 1678//1663 1691//1663
f 1691//1664 1678//1664 1679//1664
f 1691//1665 1679//1665 1692//1665
f 1692//1666 1679//1666 1680//1666
f 1692//1667 1680//1667 1693//1667
f 1693//1668 1680//1668 1681//1668
f 1693//1669 1681//1669 1694//1669
f 1694//1670 1681//1670 1682//1670
f 1694//1671 1682//1671 1695//1671
f 1695//1672 1682//1672 1683//1672
f 1695//1673 1683//1673 1696//1673
f 1696//1674 1683//1674 1684//1674
f 1696//1675 1684//1675 1697//1675
f 1697//1676 1684//1676 1685//1676
f 1697//1677 1685//1677 1698//1677
f 1698//1678 1685//1678 1686//1678
f 1698//1679 1686//1679 1699//1679
f 1699//1680 1686//1680 1687//1680
f 1699//1681 1687//1681 1700//1681
f 1700//1682 1687//1682 1611//1682
f 1700//1683 1611//1683 1609//1683
f 1476//1684 1477//1684 1701//1684
f 1701//1685 1477//1685 1688//1685
f 1701//1686 1688//1686 1702//1686
f 1702//1687 1688//1687 1689//1687
f 1702//1688 1689//1688 1703//1688
f 1703//1689 1689//1689 1690//1689
f 1703//1690 1690//1690 1704//1690
f 1704//1691 1690//1691 1691//1691
f 1704//1692 1691//1692 1705//1692
f 1705//1693 1691//1693 1692//1693
f 1705//1694 1692//1694 1706//1694
f 1706//1695 1692//1695 1693//1695
f 1706//1696 1693//1696 1707//1696
f 1707//1697 1693//1697 1694//1697
f 1707//1698 1694//1698 1708//1698
f 1708//1699 1694//1699 1695//1699
f 1708//1700 1695//1700 1709//1700
f 1709//1701 1695//1701 1696//1701
f 1709//1702 1696//1702 1710//1702
f 1710//1703 1696//1703 1697//1703
f 1710//1704 1697//1704 1711//1704
f 1711//1705 1697//1705 1698//1705
f 1711//1706 1698//1706 1712//1706
f 1712//1707 1698//1707 1699//1707
f 1712//1708 1699//1708 1713//1708
f 1713//1709 1699//1709 1700//1709
f 1713//1710 1700//1710 1714//1710
f 1714//1711 1700//1711 1609//1711
f 1714//1712 1609//1712 1607//1712
f 1475//1713 1476//1713 1715//1713
f 1715//1714 1476//1714 1701//1714
f 1715//1715 1701//1715 1716//1715
f 1716//1716 1701//1716 1702//1716
f 1716//1717 1702//1717 1717//1717
f 1717//1718 1702//1718 1703//1718
f 1717//1719 1703//1719 1718//1719
f 1718//1720 1703//1720 1704//1720
f 1718//1721 1704//1721 1719//1721
f 1719//1722 1704//1722 1705//1722
f 1719//1723 1705//1723 1720//1723
f 1720//1724 1705//1724 1706//1724
f 1720//1725 1706//1725 1721//1725
f 1721//1726 1706//1726 1707//1726
f 1721//1727 1707//1727 1722//1727
f 1722//1728 1707//1728 1708//1728
f 1722//1729 1708//1729 1723//1729
f 1723//1730 1708//1730 1709//1730
f 1723//1731 1709//1731 1724//1731
f 1724//1732 1709//1732 1710//1732
f 1724//1733 1710//1733 1725//1733
f 1725//1734 1710//1734 1711//1734
f 1725//1735 1711//1735 1726//1735
f 1726//1736 1711//1736 1712//1736
f 1726//1737 1712//1737 1727//1737
f 1727//1738 1712//1738 1713//1738
f 1727//1739 1713//1739 1728//1739
f 1728//1740 1713//1740 1714//1740
f 1728//1741 1714//1741 1606//1741
f 1606//1742 1714//1742 1607//1742
f 1642//1743 1473//1743 1474//1743
f 1474//1744 1475//1744 1729//1744
f 1729//1745 1475//1745 1715//1745
f 1729//1746 1715//1746 1730//1746
f 1730//1747 1715//1747 1716//1747
f 1730//1748 1716//1748 1731//1748
f 1731//1749 1716//1749 1717//1749
f 1731//1750 1717//1750 1732//1750
f 1732//1751 1717//1751 1718//1751
f 1732//1752 1718//1752 1733//1752
f 1733//1753 1718//1753 1719//1753
f 1733//1754 1719//1754 1734//1754
f 1734//1755 1719//1755 1720//1755
f 1734//1756 1720//1756 1735//1756
f 1735//1757 1720//1757 1721//1757
f 1735//1758 1721//1758 1736//1758
f 1736//1759 1721//1759 1722//1759
f 1736//1760 1722//1760 1737//1760
f 1737//1761 1722//1761 1723//1761
f 1737//1762 1723//1762 1738//1762
f 1738//1763 1723//1763 1724//1763
f 1738//1764 1724//1764 1739//1764
f 1739//1765 1724//1765 1725//1765
f 1739//1766 1725//1766 1740//1766
f 1740//1767 1725//1767 1726//1767
f 1740//1768 1726//1768 1741//1768
f 1741//1769 1726//1769 1727//1769
f 1741//1770 1727//1770 1742//1770
f 1742//1771 1727//1771 1728//1771
f 1742//1772 1728//1772 1612//1772
f 1612//1773 1728//1773 1606//1773
f 1535//1774 1533//1774 1743//1774
f 1743//1775 1533//1775 1530//1775
f 1743//1776 1530//1776 1528//1776
f 1537//1777 1535//1777 1744//1777
f 1744//1778 1535//1778 1743//1778
f 1744//1779 1743//1779 1745//1779
f 1745//1780 1743//1780 1528//1780
f 1745//1781 1528//1781 1526//1781
f 1539//1782 1537//1782 1746//1782
f 1746//1783 1537//1783 1744//1783
f 1746//1784 1744//1784 1747//1784
f 1747//1785 1744//1785 1745//1785
f 1747//1786 1745//1786 1748//1786
f 1748//1787 1745//1787 1526//1787
f 1748//1788 1526//1788 1524//1788
f 1541//1789 1539//1789 1749//1789
f 1749//1790 1539//1790 1746//1790
f 1749//1791 1746//1791 1750//1791
f 1750//1792 1746//1792 1747//1792
f 1750//1793 1747//1793 1751//1793
f 1751//1794 1747//1794 1748//1794
f 1751//1795 1748//1795 1752//1795
f 1752//1796 1748//1796 1524//1796
f 1752//1797 1524//1797 1522//1797
f 1543//1798 1541//1798 1753//1798
f 1753//1799 1541//1799 1749//1799
f 1753//1800 1749//1800 1754//1800
f 1754//1801 1749//1801 1750//1801
f 1754//1802 1750//1802 1755//1802
f 1755//1803 1750//1803 1751//1803
f 1755//1804 1751//1804 1756//1804
f 1756//1805 1751//1805 1752//1805
f 1756//1806 1752//1806 1757//1806
f 1757//1807 1752//1807 1522//1807
f 1757//1808 1522//1808 1520//1808
f 1545//1809 1543//1809 1758//1809
f 1758//1810 1543//1810 1753//1810
f 1758//1811 1753//1811 1759//1811
f 1759//1812 1753//1812 1754//1812
f 1759//1813 1754//1813 1760//1813
f 1760//1814 1754//1814 1755//1814
f 1760//1815 1755//1815 1761//1815
f 1761//1816 1755//1816 1756//1816
f 1761//1817 1756//1817 1762//1817
f 1762//1818 1756//1818 1757//1818
f 1762//1819 1757//1819 1763//1819
f 1763//1820 1757//1820 1520//1820
f 1763//1821 1520//1821 1518//1821
f 1547//1822 1545//1822 1764//1822
f 1764//1823 1545//1823 1758//1823
f 1764//1824 1758//1824 1765//1824
f 1765//1825 1758//1825 1759//1825
f 1765//1826 1759//1826 1766//1826
f 1766//1827 1759//1827 1760//1827
f 1766//1828 1760//1828 1767//1828
f 1767//1829 1760//1829 1761//1829
f 1767//1830 1761//1830 1768//1830
f 1768//1831 1761//1831 1762//1831
f 1768//1832 1762//1832 1769//1832
f 1769//1833 1762//1833 1763//1833
f 1769//1834 1763//1834 1770//1834
f 1770//1835 1763//1835 1518//1835
f 1770//1836 1518//1836 1516//1836
f 1549//1837 1547//1837 1771//1837
f 1771//1838 1547//1838 1764//1838
f 1771//1839 1764//1839 1772//1839
f 1772//1840 1764//1840 1765//1840
f 1772//1841 1765//1841 1773//1841
f 1773//1842 1765//1842 1766//1842
f 1773//1843 1766//1843 1774//1843
f 1774//1844 1766//1844 1767//1844
f 1774//1845 1767//1845 1775//1845
f 1775//1846 1767//1846 1768//1846
f 1775//1847 1768//1847 1776//1847
f 1776//1848 1768//1848 1769//1848
f 1776//1849 1769//1849 1777//1849
f 1777//1850 1769//1850 1770//1850
f 1777//1851 1770//1851 1778//1851
f 1778//1852 1770//1852 1516//1852
f 1778//1853 1516//1853 1514//1853
f 1494//1854 1492//1854 1551//1854
f 1551//1855 1549//1855 1779//1855
f 1779//1856 1549//1856 1771//1856
f 1779//1857 1771//1857 1780//1857
f 1780//1858 1771//1858 1772//1858
f 1780//1859 1772//1859 1781//1859
f 1781//1860 1772//1860 1773//1860
f 1781//1861 1773//1861 1782//1861
f 1782//1862 1773//1862 1774//1862
f 1782//1863 1774//1863 1783//1863
f 1783//1864 1774//1864 1775//1864
f 1783//1865 1775//1865 1784//1865
f 1784//1866 1775//1866 1776//1866
f 1784//1867 1776//1867 1785//1867
f 1785//1868 1776//1868 1777//1868
f 1785//1869 1777//1869 1786//1869
f 1786//1870 1777//1870 1778//1870
f 1786//1871 1778//1871 1512//1871
f 1512//1872 1778//1872 1514//1872
f 1734//1873 1632//1873 1733//1873
f 1733//1874 1632//1874 1634//1874
f 1733//1875 1634//1875 1732//1875
f 1732//1876 1634//1876 1636//1876
f 1732//1877 1636//1877 1731//1877
f 1731//1878 1636//1878 1638//1878
f 1731//1879 1638//1879 1730//1879
f 1730//1880 1638//1880 1640//1880
f 1730//1881 1640//1881 1729//1881
f 1729//1882 1640//1882 1642//1882
f 1729//1883 1642//1883 1474//1883
f 1632//1884 1734//1884 1630//1884
f 1630//1885 1734//1885 1735//1885
f 1630//1886 1735//1886 1628//1886
f 1628//1887 1735//1887 1736//1887
f 1628//1888 1736//1888 1626//1888
f 1626//1889 1736//1889 1737//1889
f 1626//1890 1737//1890 1624//1890
f 1624//1891 1737//1891 1738//1891
f 1624//1892 1738//1892 1622//1892
f 1622//1893 1738//1893 1739//1893
f 1622//1894 1739//1894 1620//1894
f 1620//1895 1739//1895 1740//1895
f 1620//1896 1740//1896 1618//1896
f 1618//1897 1740//1897 1741//1897
f 1618//1898 1741//1898 1616//1898
f 1616//1899 1741//1899 1742//1899
f 1616//1900 1742//1900 1614//1900
f 1614//1901 1742//1901 1612//1901
f 1566//1902 1550//1902 1552//1902
f 1566//1903 1552//1903 1557//1903
f 1675//1904 1546//1904 1548//1904
f 1675//1905 1548//1905 1567//1905
f 1579//1906 1577//1906 1654//1906
f 1654//1400 1577//1400 1532//1400
f 1582//1907 1588//1907 1583//1907
f 1583//1908 1588//1908 1527//1908
f 1588//1909 1525//1909 1527//1909
f 1781//1910 1498//1910 1780//1910
f 1780//1911 1498//1911 1496//1911
f 1780//1912 1496//1912 1779//1912
f 1779//1913 1496//1913 1494//1913
f 1779//1914 1494//1914 1551//1914
f 1498//1915 1781//1915 1500//1915
f 1500//1916 1781//1916 1782//1916
f 1500//1917 1782//1917 1502//1917
f 1502//1918 1782//1918 1783//1918
f 1502//1919 1783//1919 1504//1919
f 1504//1920 1783//1920 1784//1920
f 1504//1921 1784//1921 1506//1921
f 1506//1922 1784//1922 1785//1922
f 1506//1923 1785//1923 1508//1923
f 1508//1924 1785//1924 1786//1924
f 1508//1925 1786//1925 1510//1925
f 1510//1926 1786//1926 1512//1926
f 1587//1927 1586//1927 1787//1927
f 1787//1928 1586//1928 1585//1928
f 1787//1929 1585//1929 1788//1929
f 1788//1930 1585//1930 1590//1930
f 1788//1931 1590//1931 1789//1931
f 1789//1932 1590//1932 1592//1932
f 1789//1933 1592//1933 1594//1933
f 1589//1934 1587//1934 1790//1934
f 1790//1935 1587//1935 1787//1935
f 1790//1936 1787//1936 1791//1936
f 1791//1937 1787//1937 1788//1937
f 1791//1938 1788//1938 1792//1938
f 1792//1939 1788//1939 1789//1939
f 1792//1940 1789//1940 1597//1940
f 1597//1941 1789//1941 1594//1941
f 1523//1942 1589//1942 1604//1942
f 1604//1943 1589//1943 1790//1943
f 1604//1944 1790//1944 1602//1944
f 1602//1945 1790//1945 1791//1945
f 1602//1946 1791//1946 1600//1946
f 1600//1947 1791//1947 1792//1947
f 1600//1948 1792//1948 1598//1948
f 1598//1949 1792//1949 1597//1949
f 1519//1950 1521//1950 1603//1950
f 1519//1951 1603//1951 1793//1951
f 1793//1952 1603//1952 1601//1952
f 1793//1953 1601//1953 1794//1953
f 1794//1954 1601//1954 1599//1954
f 1794//1955 1599//1955 1513//1955
f 1610//1956 1505//1956 1507//1956
f 1794//1957 1795//1957 1793//1957
f 1793//1958 1795//1958 1517//1958
f 1793//1959 1517//1959 1519//1959
f 1795//1960 1794//1960 1513//1960
f 1513//1961 1515//1961 1795//1961
f 1795//1962 1515//1962 1517//1962
f 1610//1963 1507//1963 1796//1963
f 1796//1964 1507//1964 1509//1964
f 1796//1965 1509//1965 1511//1965
f 1511//1966 1608//1966 1796//1966
f 1796//1967 1608//1967 1610//1967
f 1564//1968 1566//1968 1557//1968
f 1564//1969 1557//1969 1556//1969
f 1674//1970 1675//1970 1567//1970
f 1674//1971 1567//1971 1565//1971
f 1564//1972 1556//1972 1562//1972
f 1562//1973 1556//1973 1555//1973
f 1562//1974 1555//1974 1560//1974
f 1560//1975 1555//1975 1554//1975
f 1674//1976 1565//1976 1673//1976
f 1673//1977 1565//1977 1563//1977
f 1673//1978 1563//1978 1672//1978
f 1672//1979 1563//1979 1561//1979
f 1672//1980 1561//1980 1568//1980
f 1401//1981 1105//1981 1532//1981
f 1532//1982 1105//1982 1103//1982
f 1532//1983 1103//1983 1797//1983
f 1797//1984 1103//1984 1101//1984
f 1797//1985 1101//1985 1798//1985
f 1798//1986 1101//1986 1099//1986
f 1798//1987 1099//1987 1799//1987
f 1799//1988 1099//1988 1098//1988
f 1799//1989 1098//1989 1096//1989
f 1799//1990 1096//1990 1798//1990
f 1798//1991 1096//1991 1333//1991
f 1798//1992 1333//1992 1797//1992
f 1797//1993 1333//1993 1800//1993
f 1797//1994 1800//1994 1801//1994
f 1801//1995 1800//1995 1802//1995
f 1801//1996 1802//1996 1803//1996
f 1803//1997 1802//1997 1804//1997
f 1803//1998 1804//1998 1805//1998
f 1805//1999 1804//1999 1806//1999
f 1805//2000 1806//2000 1807//2000
f 1807//2001 1806//2001 1808//2001
f 1807//2002 1808//2002 1809//2002
f 1809//2003 1808//2003 1810//2003
f 1809//2004 1810//2004 1596//2004
f 1596//2005 1810//2005 1811//2005
f 1811//2006 1810//2006 1812//2006
f 1811//2007 1812//2007 1813//2007
f 1813//2008 1812//2008 1814//2008
f 1813//2009 1814//2009 1815//2009
f 1815//2010 1814//2010 1816//2010
f 1815//2011 1816//2011 1817//2011
f 1817//2012 1816//2012 1818//2012
f 1817//2013 1818//2013 1819//2013
f 1819//2014 1818//2014 1820//2014
f 1819//2015 1820//2015 1821//2015
f 1821//2016 1820//2016 1822//2016
f 1821//2017 1822//2017 1823//2017
f 1823//2018 1822//2018 1824//2018
f 1823//2019 1824//2019 1825//2019
f 1825//2020 1824//2020 1826//2020
f 1825//2021 1826//2021 1827//2021
f 1827//2022 1826//2022 1376//2022
f 1827//2023 1376//2023 1378//2023
f 1334//2024 1828//2024 1333//2024
f 1333//2025 1828//2025 1829//2025
f 1333//2025 1829//2025 1800//2025
f 1800//2026 1829//2026 1830//2026
f 1800//2027 1830//2027 1831//2027
f 1831//2028 1830//2028 1832//2028
f 1831//2029 1832//2029 1833//2029
f 1833//2030 1832//2030 1834//2030
f 1833//2031 1834//2031 1835//2031
f 1835//2032 1834//2032 1836//2032
f 1835//2033 1836//2033 1837//2033
f 1837//2034 1836//2034 1344//2034
f 1837//2035 1344//2035 1838//2035
f 1838//2036 1344//2036 1839//2036
f 1838//2037 1839//2037 1840//2037
f 1840//2038 1839//2038 1841//2038
f 1840//2039 1841//2039 1842//2039
f 1842//2040 1841//2040 1348//2040
f 1842//2041 1348//2041 1349//2041
f 1334//2042 1335//2042 1828//2042
f 1828//2043 1335//2043 1336//2043
f 1828//2044 1336//2044 1843//2044
f 1843//2045 1336//2045 1337//2045
f 1843//2046 1337//2046 1844//2046
f 1844//2047 1337//2047 1338//2047
f 1844//2048 1338//2048 1339//2048
f 1844//2049 1339//2049 1845//2049
f 1845//2050 1339//2050 1340//2050
f 1845//2051 1340//2051 1341//2051
f 1845//2052 1341//2052 1846//2052
f 1846//2053 1341//2053 1342//2053
f 1846//2054 1342//2054 1343//2054
f 1846//2055 1343//2055 1836//2055
f 1836//2056 1343//2056 1344//2056
f 1344//2057 1345//2057 1839//2057
f 1839//2058 1345//2058 1847//2058
f 1839//2059 1847//2059 1841//2059
f 1841//2060 1847//2060 1346//2060
f 1841//2061 1346//2061 1347//2061
f 1345//2062 1346//2062 1847//2062
f 1347//2063 1348//2063 1841//2063
f 1349//2064 1351//2064 1842//2064
f 1842//2065 1351//2065 1826//2065
f 1842//2066 1826//2066 1824//2066
f 1351//2067 1373//2067 1826//2067
f 1826//2068 1373//2068 1376//2068
f 1827//2069 1378//2069 1848//2069
f 1848//2070 1378//2070 1380//2070
f 1848//2071 1380//2071 1382//2071
f 1848//2072 1382//2072 1849//2072
f 1849//2073 1382//2073 1384//2073
f 1849//2074 1384//2074 1850//2074
f 1850//2075 1384//2075 1385//2075
f 1850//2076 1385//2076 1387//2076
f 1850//2077 1387//2077 1851//2077
f 1851//2078 1387//2078 1388//2078
f 1851//2079 1388//2079 1390//2079
f 1390//2080 1391//2080 1851//2080
f 1851//2081 1391//2081 1852//2081
f 1851//2082 1852//2082 1853//2082
f 1853//2083 1852//2083 1854//2083
f 1853//2084 1854//2084 1855//2084
f 1855//2085 1854//2085 1856//2085
f 1855//2086 1856//2086 1857//2086
f 1857//2087 1856//2087 1858//2087
f 1857//2088 1858//2088 1859//2088
f 1859//2089 1858//2089 1860//2089
f 1859//2090 1860//2090 1861//2090
f 1861//2091 1860//2091 1862//2091
f 1861//2092 1862//2092 1863//2092
f 1863//2093 1862//2093 1864//2093
f 1863//2094 1864//2094 1865//2094
f 1865//2095 1864//2095 1866//2095
f 1865//2096 1866//2096 1867//2096
f 1867//2097 1866//2097 1868//2097
f 1867//2098 1868//2098 1869//2098
f 1869//2099 1868//2099 1870//2099
f 1869//2100 1870//2100 1871//2100
f 1871//2100 1870//2100 1872//2100
f 1872//2101 1870//2101 1873//2101
f 1872//2102 1873//2102 1874//2102
f 1874//2102 1873//2102 1875//2102
f 1875//2103 1873//2103 1876//2103
f 1875//2104 1876//2104 1877//2104
f 1877//2104 1876//2104 1878//2104
f 1878//2104 1876//2104 1879//2104
f 1879//2105 1876//2105 1880//2105
f 1879//2106 1880//2106 1881//2106
f 1881//2107 1880//2107 1882//2107
f 1881//2108 1882//2108 1883//2108
f 1883//2109 1882//2109 1884//2109
f 1883//2109 1884//2109 1885//2109
f 1885//2110 1884//2110 1886//2110
f 1885//2111 1886//2111 1887//2111
f 1887//2112 1886//2112 1856//2112
f 1887//2113 1856//2113 1854//2113
f 1391//2114 1393//2114 1852//2114
f 1852//2115 1393//2115 1888//2115
f 1852//2116 1888//2116 1854//2116
f 1854//2117 1888//2117 1887//2117
f 1393//2118 1395//2118 1888//2118
f 1888//2119 1395//2119 1889//2119
f 1888//2120 1889//2120 1887//2120
f 1887//2121 1889//2121 1885//2121
f 1395//2122 1397//2122 1889//2122
f 1889//2123 1397//2123 1399//2123
f 1889//2124 1399//2124 1890//2124
f 1890//2125 1399//2125 1400//2125
f 1889//2126 1890//2126 1885//2126
f 1885//2127 1890//2127 1883//2127
f 1891//2128 1892//2128 1867//2128
f 1867//2129 1892//2129 1865//2129
f 1811//2130 1893//2130 1892//2130
f 1892//2131 1893//2131 1894//2131
f 1892//2132 1894//2132 1895//2132
f 1895//2133 1894//2133 1896//2133
f 1895//2134 1896//2134 1897//2134
f 1897//2135 1896//2135 1898//2135
f 1897//2136 1898//2136 1899//2136
f 1899//2137 1898//2137 1900//2137
f 1899//2138 1900//2138 1901//2138
f 1901//2139 1900//2139 1902//2139
f 1901//2140 1902//2140 1857//2140
f 1857//2141 1902//2141 1855//2141
f 1596//2142 1595//2142 1809//2142
f 1809//2142 1595//2142 1591//2142
f 1809//2142 1591//2142 1584//2142
f 1809//2143 1584//2143 1807//2143
f 1807//2144 1584//2144 1581//2144
f 1807//2144 1581//2144 1531//2144
f 1807//2145 1531//2145 1805//2145
f 1805//2146 1531//2146 1532//2146
f 1805//2147 1532//2147 1803//2147
f 1803//2147 1532//2147 1801//2147
f 1801//2147 1532//2147 1797//2147
f 1850//2148 1851//2148 1903//2148
f 1903//2149 1851//2149 1853//2149
f 1903//2150 1853//2150 1904//2150
f 1904//2151 1853//2151 1855//2151
f 1904//2152 1855//2152 1902//2152
f 1849//2153 1850//2153 1905//2153
f 1905//2154 1850//2154 1903//2154
f 1905//2155 1903//2155 1906//2155
f 1906//2156 1903//2156 1904//2156
f 1906//2157 1904//2157 1907//2157
f 1907//2158 1904//2158 1902//2158
f 1907//2159 1902//2159 1900//2159
f 1848//2160 1849//2160 1908//2160
f 1908//2161 1849//2161 1905//2161
f 1908//2162 1905//2162 1909//2162
f 1909//2163 1905//2163 1906//2163
f 1909//2164 1906//2164 1910//2164
f 1910//2165 1906//2165 1907//2165
f 1910//2166 1907//2166 1911//2166
f 1911//2167 1907//2167 1900//2167
f 1911//2168 1900//2168 1898//2168
f 1827//2169 1848//2169 1912//2169
f 1912//2170 1848//2170 1908//2170
f 1912//2171 1908//2171 1913//2171
f 1913//2172 1908//2172 1909//2172
f 1913//2173 1909//2173 1914//2173
f 1914//2174 1909//2174 1910//2174
f 1914//2175 1910//2175 1915//2175
f 1915//2176 1910//2176 1911//2176
f 1915//2177 1911//2177 1916//2177
f 1916//2178 1911//2178 1898//2178
f 1916//2179 1898//2179 1896//2179
f 1840//2180 1842//2180 1824//2180
f 1836//2181 1834//2181 1846//2181
f 1846//2182 1834//2182 1845//2182
f 1834//2183 1832//2183 1845//2183
f 1845//2184 1832//2184 1844//2184
f 1829//2185 1828//2185 1843//2185
f 1832//2186 1830//2186 1844//2186
f 1844//2187 1830//2187 1843//2187
f 1830//2188 1829//2188 1843//2188
f 1827//2189 1912//2189 1825//2189
f 1825//2190 1912//2190 1917//2190
f 1825//2191 1917//2191 1823//2191
f 1823//2192 1917//2192 1918//2192
f 1823//2193 1918//2193 1821//2193
f 1821//2194 1918//2194 1919//2194
f 1821//2195 1919//2195 1819//2195
f 1819//2196 1919//2196 1920//2196
f 1819//2197 1920//2197 1817//2197
f 1817//2198 1920//2198 1921//2198
f 1817//2199 1921//2199 1815//2199
f 1815//2200 1921//2200 1922//2200
f 1815//2201 1922//2201 1813//2201
f 1813//2202 1922//2202 1811//2202
f 1917//2203 1912//2203 1913//2203
f 1838//2204 1840//2204 1822//2204
f 1822//2205 1840//2205 1824//2205
f 1886//2206 1884//2206 1923//2206
f 1923//2207 1884//2207 1882//2207
f 1923//2208 1882//2208 1924//2208
f 1924//2209 1882//2209 1880//2209
f 1924//2210 1880//2210 1925//2210
f 1925//2211 1880//2211 1876//2211
f 1925//2212 1876//2212 1926//2212
f 1926//2213 1876//2213 1873//2213
f 1926//2214 1873//2214 1868//2214
f 1868//2215 1873//2215 1870//2215
f 1856//2216 1886//2216 1858//2216
f 1858//2217 1886//2217 1923//2217
f 1858//2218 1923//2218 1860//2218
f 1860//2219 1923//2219 1924//2219
f 1860//2220 1924//2220 1862//2220
f 1862//2221 1924//2221 1925//2221
f 1862//2222 1925//2222 1864//2222
f 1864//2223 1925//2223 1926//2223
f 1864//2224 1926//2224 1866//2224
f 1866//2225 1926//2225 1868//2225
f 1901//2226 1857//2226 1859//2226
f 1917//2227 1913//2227 1927//2227
f 1927//2228 1913//2228 1914//2228
f 1927//2229 1914//2229 1928//2229
f 1928//2230 1914//2230 1915//2230
f 1928//2231 1915//2231 1929//2231
f 1929//2232 1915//2232 1916//2232
f 1929//2233 1916//2233 1930//2233
f 1930//2234 1916//2234 1896//2234
f 1930//2235 1896//2235 1894//2235
f 1917//2236 1927//2236 1918//2236
f 1918//2237 1927//2237 1931//2237
f 1918//2238 1931//2238 1919//2238
f 1919//2239 1931//2239 1932//2239
f 1919//2240 1932//2240 1920//2240
f 1920//2241 1932//2241 1933//2241
f 1920//2242 1933//2242 1921//2242
f 1921//2243 1933//2243 1934//2243
f 1921//2244 1934//2244 1922//2244
f 1922//2245 1934//2245 1811//2245
f 1931//2246 1927//2246 1928//2246
f 1838//2247 1822//2247 1820//2247
f 1837//2248 1838//2248 1935//2248
f 1935//2249 1838//2249 1820//2249
f 1935//2250 1820//2250 1818//2250
f 1835//2251 1837//2251 1936//2251
f 1936//2252 1837//2252 1935//2252
f 1936//2253 1935//2253 1937//2253
f 1937//2254 1935//2254 1818//2254
f 1937//2255 1818//2255 1816//2255
f 1833//2256 1835//2256 1938//2256
f 1938//2257 1835//2257 1936//2257
f 1938//2258 1936//2258 1939//2258
f 1939//2259 1936//2259 1937//2259
f 1939//2260 1937//2260 1940//2260
f 1940//2261 1937//2261 1816//2261
f 1940//2262 1816//2262 1814//2262
f 1831//2263 1833//2263 1941//2263
f 1941//2264 1833//2264 1938//2264
f 1941//2265 1938//2265 1942//2265
f 1942//2266 1938//2266 1939//2266
f 1942//2267 1939//2267 1943//2267
f 1943//2268 1939//2268 1940//2268
f 1943//2269 1940//2269 1944//2269
f 1944//2270 1940//2270 1814//2270
f 1944//2271 1814//2271 1812//2271
f 1800//2272 1831//2272 1802//2272
f 1802//2273 1831//2273 1941//2273
f 1802//2274 1941//2274 1804//2274
f 1804//2275 1941//2275 1942//2275
f 1804//2276 1942//2276 1806//2276
f 1806//2277 1942//2277 1943//2277
f 1806//2278 1943//2278 1808//2278
f 1808//2279 1943//2279 1944//2279
f 1808//2280 1944//2280 1810//2280
f 1810//2281 1944//2281 1812//2281
f 1901//2282 1859//2282 1945//2282
f 1945//2283 1859//2283 1861//2283
f 1945//2284 1861//2284 1946//2284
f 1946//2285 1861//2285 1863//2285
f 1946//2286 1863//2286 1947//2286
f 1947//2287 1863//2287 1865//2287
f 1947//2288 1865//2288 1892//2288
f 1931//2289 1928//2289 1948//2289
f 1948//2290 1928//2290 1929//2290
f 1948//2291 1929//2291 1949//2291
f 1949//2292 1929//2292 1930//2292
f 1949//2293 1930//2293 1893//2293
f 1893//2294 1930//2294 1894//2294
f 1901//2295 1945//2295 1899//2295
f 1899//2296 1945//2296 1950//2296
f 1899//2297 1950//2297 1897//2297
f 1897//2298 1950//2298 1951//2298
f 1897//2299 1951//2299 1895//2299
f 1895//2300 1951//2300 1892//2300
f 1950//2301 1945//2301 1946//2301
f 1931//2302 1948//2302 1932//2302
f 1932//2303 1948//2303 1952//2303
f 1932//2304 1952//2304 1933//2304
f 1933//2305 1952//2305 1953//2305
f 1933//2306 1953//2306 1934//2306
f 1934//2307 1953//2307 1811//2307
f 1952//2308 1948//2308 1949//2308
f 1950//2309 1946//2309 1954//2309
f 1954//2310 1946//2310 1947//2310
f 1954//2311 1947//2311 1892//2311
f 1952//2312 1949//2312 1955//2312
f 1955//2313 1949//2313 1893//2313
f 1955//2314 1893//2314 1811//2314
f 1892//2315 1951//2315 1954//2315
f 1954//2316 1951//2316 1950//2316
f 1811//2317 1953//2317 1955//2317
f 1955//2318 1953//2318 1952//2318
f 1890//2319 1400//2319 1956//2319
f 1956//2320 1400//2320 1398//2320
f 1956//2321 1398//2321 1396//2321
f 1956//2322 1396//2322 1957//2322
f 1957//2323 1396//2323 1394//2323
f 1957//2324 1394//2324 1958//2324
f 1958//2325 1394//2325 1392//2325
f 1958//2326 1392//2326 1959//2326
f 1959//2327 1392//2327 1389//2327
f 1959//2328 1389//2328 1960//2328
f 1960//2329 1389//2329 1386//2329
f 1960//2330 1386//2330 1961//2330
f 1961//2331 1386//2331 1383//2331
f 1961//2332 1383//2332 1381//2332
f 1961//2333 1381//2333 1962//2333
f 1962//2334 1381//2334 1379//2334
f 1962//2335 1379//2335 1963//2335
f 1963//2336 1379//2336 1377//2336
f 1963//2337 1377//2337 1375//2337
f 1375//2338 1374//2338 1963//2338
f 1963//2339 1374//2339 1964//2339
f 1963//2340 1964//2340 1965//2340
f 1965//2341 1964//2341 1966//2341
f 1965//2342 1966//2342 1967//2342
f 1967//2343 1966//2343 1968//2343
f 1967//2344 1968//2344 1969//2344
f 1969//2345 1968//2345 1970//2345
f 1969//2346 1970//2346 1971//2346
f 1971//2347 1970//2347 1972//2347
f 1971//2348 1972//2348 1973//2348
f 1973//2349 1972//2349 1974//2349
f 1973//2350 1974//2350 1975//2350
f 1975//2351 1974//2351 1976//2351
f 1975//2352 1976//2352 1977//2352
f 1977//2353 1976//2353 1978//2353
f 1977//2354 1978//2354 1979//2354
f 1979//2355 1978//2355 1980//2355
f 1979//2356 1980//2356 1981//2356
f 1981//2357 1980//2357 1982//2357
f 1981//2358 1982//2358 1983//2358
f 1983//2359 1982//2359 1984//2359
f 1983//2360 1984//2360 1985//2360
f 1985//2361 1984//2361 1986//2361
f 1985//2362 1986//2362 1987//2362
f 1987//2363 1986//2363 1988//2363
f 1987//2364 1988//2364 1989//2364
f 1989//2365 1988//2365 1990//2365
f 1989//2366 1990//2366 1991//2366
f 1991//2367 1990//2367 1992//2367
f 1991//2368 1992//2368 1993//2368
f 1993//2369 1992//2369 1994//2369
f 1993//2370 1994//2370 1995//2370
f 1995//2371 1994//2371 1996//2371
f 1995//2372 1996//2372 1997//2372
f 1997//2373 1996//2373 1998//2373
f 1997//2374 1998//2374 1999//2374
f 1999//2375 1998//2375 2000//2375
f 1999//2376 2000//2376 2001//2376
f 2001//2377 2000//2377 2002//2377
f 2001//2378 2002//2378 2003//2378
f 2003//2379 2002//2379 2004//2379
f 2003//2380 2004//2380 2005//2380
f 2005//2381 2004//2381 2006//2381
f 2005//2382 2006//2382 2007//2382
f 2007//2383 2006//2383 2008//2383
f 2007//2384 2008//2384 2009//2384
f 2009//2385 2008//2385 2010//2385
f 2009//2386 2010//2386 2011//2386
f 2011//2387 2010//2387 2012//2387
f 2011//2388 2012//2388 2013//2388
f 2013//2389 2012//2389 2014//2389
f 2013//2390 2014//2390 2015//2390
f 2015//2391 2014//2391 2016//2391
f 2016//2392 2014//2392 2017//2392
f 2016//2392 2017//2392 2018//2392
f 2018//2393 2017//2393 2019//2393
f 2018//2394 2019//2394 2020//2394
f 2020//2395 2019//2395 2021//2395
f 2020//2396 2021//2396 2022//2396
f 2022//2397 2021//2397 2023//2397
f 2022//2398 2023//2398 2024//2398
f 2024//2399 2023//2399 2025//2399
f 2024//2400 2025//2400 2026//2400
f 2026//2401 2025//2401 2027//2401
f 2026//2402 2027//2402 2028//2402
f 2028//2403 2027//2403 2029//2403
f 2028//2404 2029//2404 2030//2404
f 2030//2405 2029//2405 2031//2405
f 2030//2406 2031//2406 2032//2406
f 2032//2407 2031//2407 2033//2407
f 2032//2408 2033//2408 2034//2408
f 2034//2409 2033//2409 2035//2409
f 2034//2410 2035//2410 2036//2410
f 2036//2411 2035//2411 1976//2411
f 2036//2412 1976//2412 1974//2412
f 1374//2413 1353//2413 1964//2413
f 1964//2414 1353//2414 1352//2414
f 1964//2415 1352//2415 1350//2415
f 1350//2416 1356//2416 1964//2416
f 1964//2417 1356//2417 2037//2417
f 1964//2418 2037//2418 1966//2418
f 1966//2419 2037//2419 2038//2419
f 1966//2420 2038//2420 1968//2420
f 1968//2421 2038//2421 2039//2421
f 1968//2422 2039//2422 1970//2422
f 1970//2423 2039//2423 2040//2423
f 1970//2424 2040//2424 1972//2424
f 1972//2425 2040//2425 2041//2425
f 1972//2426 2041//2426 1974//2426
f 1974//2427 2041//2427 2036//2427
f 1356//2428 1355//2428 2037//2428
f 2037//2429 1355//2429 1354//2429
f 2037//2430 1354//2430 1359//2430
f 2037//2431 1359//2431 2042//2431
f 2042//2432 1359//2432 1358//2432
f 2042//2433 1358//2433 1357//2433
f 1357//2434 1361//2434 2042//2434
f 2042//2435 1361//2435 2043//2435
f 2042//2436 2043//2436 2044//2436
f 2044//2437 2043//2437 2045//2437
f 2044//2438 2045//2438 2046//2438
f 2046//2439 2045//2439 2047//2439
f 2046//2440 2047//2440 2048//2440
f 2048//2441 2047//2441 2049//2441
f 2048//2442 2049//2442 2050//2442
f 2050//2443 2049//2443 2051//2443
f 2050//2444 2051//2444 2034//2444
f 2034//2445 2051//2445 2032//2445
f 1361//2446 1360//2446 2043//2446
f 2043//2447 1360//2447 1364//2447
f 2043//2448 1364//2448 2052//2448
f 2052//2449 1364//2449 1363//2449
f 2052//2450 1363//2450 1362//2450
f 2052//2451 1362//2451 2053//2451
f 2053//2452 1362//2452 1365//2452
f 2053//2453 1365//2453 1366//2453
f 2053//2454 1366//2454 2054//2454
f 2054//2455 1366//2455 1367//2455
f 2054//2456 1367//2456 1368//2456
f 2054//2457 1368//2457 2055//2457
f 2055//2458 1368//2458 1369//2458
f 2055//2459 1369//2459 1370//2459
f 2055//2460 1370//2460 2056//2460
f 2056//2461 1370//2461 1371//2461
f 2056//2462 1371//2462 1372//2462
f 2056//2463 1372//2463 2057//2463
f 2057//2464 1372//2464 1042//2464
f 2057//2465 1042//2465 1041//2465
f 1041//2466 1030//2466 2057//2466
f 2057//2467 1030//2467 2058//2467
f 2057//2468 2058//2468 2059//2468
f 2059//2469 2058//2469 2060//2469
f 2059//2470 2060//2470 2061//2470
f 2061//2471 2060//2471 2062//2471
f 2061//2472 2062//2472 2063//2472
f 2063//2473 2062//2473 2064//2473
f 2063//2474 2064//2474 2065//2474
f 2065//2475 2064//2475 2066//2475
f 2065//2476 2066//2476 2020//2476
f 2020//2477 2066//2477 2018//2477
f 1030//2478 657//2478 2058//2478
f 2058//2479 657//2479 656//2479
f 2058//2480 656//2480 1402//2480
f 2058//2481 1402//2481 2060//2481
f 2060//2482 1402//2482 2016//2482
f 2060//2392 2016//2392 2062//2392
f 2062//2392 2016//2392 2064//2392
f 2067//2483 2068//2483 2015//2483
f 2015//2390 2068//2390 2069//2390
f 2015//2390 2069//2390 2013//2390
f 2013//2484 2069//2484 2011//2484
f 2070//2485 2071//2485 2067//2485
f 2067//2486 2071//2486 2072//2486
f 2067//2486 2072//2486 2068//2486
f 2068//2487 2072//2487 2073//2487
f 2068//2488 2073//2488 2074//2488
f 2074//2489 2073//2489 2075//2489
f 2074//2490 2075//2490 2009//2490
f 2009//2491 2075//2491 2007//2491
f 2071//2492 2070//2492 2076//2492
f 2076//2493 2070//2493 2077//2493
f 2076//2494 2077//2494 2078//2494
f 2078//2494 2077//2494 2079//2494
f 2078//2495 2079//2495 2080//2495
f 2080//2496 2079//2496 2081//2496
f 2080//2497 2081//2497 2082//2497
f 2077//2498 2081//2498 2079//2498
f 2080//2499 2082//2499 2083//2499
f 2083//2500 2082//2500 1997//2500
f 2083//2501 1997//2501 2084//2501
f 2084//2502 1997//2502 2085//2502
f 2084//2503 2085//2503 2086//2503
f 2086//2504 2085//2504 2087//2504
f 2086//2505 2087//2505 2088//2505
f 2088//2506 2087//2506 2089//2506
f 2088//2507 2089//2507 2090//2507
f 2090//2508 2089//2508 2005//2508
f 2090//2509 2005//2509 2007//2509
f 1891//2510 2091//2510 1995//2510
f 1995//2511 2091//2511 2092//2511
f 1995//2512 2092//2512 2093//2512
f 2093//2513 2092//2513 2094//2513
f 2093//2514 2094//2514 2095//2514
f 2095//2515 2094//2515 2096//2515
f 2095//2516 2096//2516 1989//2516
f 1989//2517 2096//2517 1987//2517
f 2091//2518 1891//2518 2097//2518
f 2097//2519 1891//2519 1867//2519
f 2097//2520 1867//2520 2098//2520
f 2098//2521 1867//2521 2099//2521
f 2098//2522 2099//2522 2100//2522
f 2100//2523 2099//2523 2101//2523
f 2100//2524 2101//2524 2102//2524
f 2102//2525 2101//2525 2103//2525
f 2102//2526 2103//2526 2104//2526
f 2104//2527 2103//2527 2105//2527
f 2104//2528 2105//2528 2106//2528
f 2106//2529 2105//2529 2107//2529
f 2106//2530 2107//2530 2108//2530
f 2108//2531 2107//2531 2109//2531
f 2108//2532 2109//2532 2110//2532
f 2110//2533 2109//2533 2111//2533
f 2110//2534 2111//2534 2112//2534
f 2112//2535 2111//2535 2113//2535
f 2112//2536 2113//2536 2114//2536
f 2114//2537 2113//2537 2115//2537
f 2114//2538 2115//2538 2116//2538
f 2116//2539 2115//2539 2117//2539
f 2116//2540 2117//2540 2118//2540
f 2118//2541 2117//2541 2119//2541
f 2118//2542 2119//2542 2120//2542
f 2120//2543 2119//2543 2121//2543
f 2120//2544 2121//2544 2122//2544
f 2122//2545 2121//2545 2123//2545
f 2122//2546 2123//2546 2124//2546
f 2124//2547 2123//2547 2125//2547
f 2124//2548 2125//2548 2126//2548
f 2126//2549 2125//2549 2127//2549
f 2126//2550 2127//2550 1957//2550
f 1957//2551 2127//2551 1956//2551
f 1867//2552 1869//2552 2099//2552
f 2099//2553 1869//2553 2101//2553
f 2101//2553 1869//2553 2103//2553
f 2103//2554 1869//2554 1871//2554
f 2103//2555 1871//2555 2105//2555
f 2105//2556 1871//2556 1872//2556
f 2105//2556 1872//2556 1874//2556
f 2105//2557 1874//2557 2107//2557
f 2107//2558 1874//2558 1875//2558
f 2107//2559 1875//2559 2109//2559
f 2109//2560 1875//2560 1877//2560
f 2109//2561 1877//2561 2111//2561
f 2111//2561 1877//2561 2113//2561
f 1877//2562 1878//2562 2113//2562
f 2113//2563 1878//2563 2115//2563
f 1878//2564 1879//2564 2115//2564
f 2115//2565 1879//2565 2117//2565
f 2117//2565 1879//2565 2119//2565
f 2119//2566 1879//2566 1881//2566
f 2119//2567 1881//2567 2121//2567
f 2121//2567 1881//2567 2123//2567
f 1881//2568 1883//2568 2123//2568
f 2123//2569 1883//2569 2125//2569
f 1883//2570 1890//2570 2125//2570
f 2125//2571 1890//2571 2127//2571
f 2127//2571 1890//2571 1956//2571
f 2064//2392 2016//2392 2066//2392
f 2066//2392 2016//2392 2018//2392
f 2056//2572 2057//2572 2128//2572
f 2128//2573 2057//2573 2059//2573
f 2128//2574 2059//2574 2129//2574
f 2129//2575 2059//2575 2061//2575
f 2129//2576 2061//2576 2130//2576
f 2130//2577 2061//2577 2063//2577
f 2130//2578 2063//2578 2131//2578
f 2131//2579 2063//2579 2065//2579
f 2131//2580 2065//2580 2022//2580
f 2022//2581 2065//2581 2020//2581
f 2055//2582 2056//2582 2132//2582
f 2132//2583 2056//2583 2128//2583
f 2132//2584 2128//2584 2133//2584
f 2133//2585 2128//2585 2129//2585
f 2133//2586 2129//2586 2134//2586
f 2134//2587 2129//2587 2130//2587
f 2134//2588 2130//2588 2135//2588
f 2135//2589 2130//2589 2131//2589
f 2135//2590 2131//2590 2024//2590
f 2024//2591 2131//2591 2022//2591
f 2054//2592 2055//2592 2136//2592
f 2136//2593 2055//2593 2132//2593
f 2136//2594 2132//2594 2137//2594
f 2137//2595 2132//2595 2133//2595
f 2137//2596 2133//2596 2138//2596
f 2138//2597 2133//2597 2134//2597
f 2138//2598 2134//2598 2139//2598
f 2139//2599 2134//2599 2135//2599
f 2139//2600 2135//2600 2026//2600
f 2026//2601 2135//2601 2024//2601
f 2053//2602 2054//2602 2140//2602
f 2140//2603 2054//2603 2136//2603
f 2140//2604 2136//2604 2141//2604
f 2141//2605 2136//2605 2137//2605
f 2141//2606 2137//2606 2142//2606
f 2142//2607 2137//2607 2138//2607
f 2142//2608 2138//2608 2143//2608
f 2143//2609 2138//2609 2139//2609
f 2143//2610 2139//2610 2028//2610
f 2028//2611 2139//2611 2026//2611
f 2045//2612 2043//2612 2052//2612
f 2052//2613 2053//2613 2144//2613
f 2144//2614 2053//2614 2140//2614
f 2144//2615 2140//2615 2145//2615
f 2145//2616 2140//2616 2141//2616
f 2145//2617 2141//2617 2146//2617
f 2146//2618 2141//2618 2142//2618
f 2146//2619 2142//2619 2147//2619
f 2147//2620 2142//2620 2143//2620
f 2147//2621 2143//2621 2030//2621
f 2030//2622 2143//2622 2028//2622
f 2038//2623 2037//2623 2042//2623
f 2038//2624 2042//2624 2044//2624
f 1962//2625 1963//2625 2148//2625
f 2148//2626 1963//2626 1965//2626
f 2148//2627 1965//2627 2149//2627
f 2149//2628 1965//2628 1967//2628
f 2149//2629 1967//2629 2150//2629
f 2150//2630 1967//2630 1969//2630
f 2150//2631 1969//2631 2151//2631
f 2151//2632 1969//2632 1971//2632
f 2151//2633 1971//2633 2152//2633
f 2152//2634 1971//2634 1973//2634
f 2152//2635 1973//2635 2153//2635
f 2153//2636 1973//2636 1975//2636
f 2153//2637 1975//2637 2154//2637
f 2154//2638 1975//2638 1977//2638
f 2154//2639 1977//2639 2155//2639
f 2155//2640 1977//2640 1979//2640
f 2155//2641 1979//2641 2156//2641
f 2156//2642 1979//2642 1981//2642
f 2156//2643 1981//2643 2157//2643
f 2157//2644 1981//2644 1983//2644
f 2157//2645 1983//2645 2158//2645
f 2158//2646 1983//2646 1985//2646
f 2158//2647 1985//2647 2159//2647
f 2159//2648 1985//2648 1987//2648
f 2159//2649 1987//2649 2096//2649
f 1961//2650 1962//2650 2160//2650
f 2160//2651 1962//2651 2148//2651
f 2160//2652 2148//2652 2161//2652
f 2161//2653 2148//2653 2149//2653
f 2161//2654 2149//2654 2162//2654
f 2162//2655 2149//2655 2150//2655
f 2162//2656 2150//2656 2163//2656
f 2163//2657 2150//2657 2151//2657
f 2163//2658 2151//2658 2164//2658
f 2164//2659 2151//2659 2152//2659
f 2164//2660 2152//2660 2165//2660
f 2165//2661 2152//2661 2153//2661
f 2165//2662 2153//2662 2166//2662
f 2166//2663 2153//2663 2154//2663
f 2166//2664 2154//2664 2167//2664
f 2167//2665 2154//2665 2155//2665
f 2167//2666 2155//2666 2168//2666
f 2168//2667 2155//2667 2156//2667
f 2168//2668 2156//2668 2169//2668
f 2169//2669 2156//2669 2157//2669
f 2169//2670 2157//2670 2170//2670
f 2170//2671 2157//2671 2158//2671
f 2170//2672 2158//2672 2171//2672
f 2171//2673 2158//2673 2159//2673
f 2171//2674 2159//2674 2172//2674
f 2172//2675 2159//2675 2096//2675
f 2172//2676 2096//2676 2094//2676
f 1960//2677 1961//2677 2173//2677
f 2173//2678 1961//2678 2160//2678
f 2173//2679 2160//2679 2174//2679
f 2174//2680 2160//2680 2161//2680
f 2174//2681 2161//2681 2175//2681
f 2175//2682 2161//2682 2162//2682
f 2175//2683 2162//2683 2176//2683
f 2176//2684 2162//2684 2163//2684
f 2176//2685 2163//2685 2177//2685
f 2177//2686 2163//2686 2164//2686
f 2177//2687 2164//2687 2178//2687
f 2178//2688 2164//2688 2165//2688
f 2178//2689 2165//2689 2179//2689
f 2179//2690 2165//2690 2166//2690
f 2179//2691 2166//2691 2180//2691
f 2180//2692 2166//2692 2167//2692
f 2180//2693 2167//2693 2181//2693
f 2181//2694 2167//2694 2168//2694
f 2181//2695 2168//2695 2182//2695
f 2182//2696 2168//2696 2169//2696
f 2182//2697 2169//2697 2183//2697
f 2183//2698 2169//2698 2170//2698
f 2183//2699 2170//2699 2184//2699
f 2184//2700 2170//2700 2171//2700
f 2184//2701 2171//2701 2185//2701
f 2185//2702 2171//2702 2172//2702
f 2185//2703 2172//2703 2186//2703
f 2186//2704 2172//2704 2094//2704
f 2186//2705 2094//2705 2092//2705
f 1959//2706 1960//2706 2187//2706
f 2187//2707 1960//2707 2173//2707
f 2187//2708 2173//2708 2188//2708
f 2188//2709 2173//2709 2174//2709
f 2188//2710 2174//2710 2189//2710
f 2189//2711 2174//2711 2175//2711
f 2189//2712 2175//2712 2190//2712
f 2190//2713 2175//2713 2176//2713
f 2190//2714 2176//2714 2191//2714
f 2191//2715 2176//2715 2177//2715
f 2191//2716 2177//2716 2192//2716
f 2192//2717 2177//2717 2178//2717
f 2192//2718 2178//2718 2193//2718
f 2193//2719 2178//2719 2179//2719
f 2193//2720 2179//2720 2194//2720
f 2194//2721 2179//2721 2180//2721
f 2194//2722 2180//2722 2195//2722
f 2195//2723 2180//2723 2181//2723
f 2195//2724 2181//2724 2196//2724
f 2196//2725 2181//2725 2182//2725
f 2196//2726 2182//2726 2197//2726
f 2197//2727 2182//2727 2183//2727
f 2197//2728 2183//2728 2198//2728
f 2198//2729 2183//2729 2184//2729
f 2198//2730 2184//2730 2199//2730
f 2199//2731 2184//2731 2185//2731
f 2199//2732 2185//2732 2200//2732
f 2200//2733 2185//2733 2186//2733
f 2200//2734 2186//2734 2091//2734
f 2091//2735 2186//2735 2092//2735
f 2126//2736 1957//2736 1958//2736
f 1958//2737 1959//2737 2201//2737
f 2201//2738 1959//2738 2187//2738
f 2201//2739 2187//2739 2202//2739
f 2202//2740 2187//2740 2188//2740
f 2202//2741 2188//2741 2203//2741
f 2203//2742 2188//2742 2189//2742
f 2203//2743 2189//2743 2204//2743
f 2204//2744 2189//2744 2190//2744
f 2204//2745 2190//2745 2205//2745
f 2205//2746 2190//2746 2191//2746
f 2205//2747 2191//2747 2206//2747
f 2206//2748 2191//2748 2192//2748
f 2206//2749 2192//2749 2207//2749
f 2207//2750 2192//2750 2193//2750
f 2207//2751 2193//2751 2208//2751
f 2208//2752 2193//2752 2194//2752
f 2208//2753 2194//2753 2209//2753
f 2209//2754 2194//2754 2195//2754
f 2209//2755 2195//2755 2210//2755
f 2210//2756 2195//2756 2196//2756
f 2210//2757 2196//2757 2211//2757
f 2211//2758 2196//2758 2197//2758
f 2211//2759 2197//2759 2212//2759
f 2212//2760 2197//2760 2198//2760
f 2212//2761 2198//2761 2213//2761
f 2213//2762 2198//2762 2199//2762
f 2213//2763 2199//2763 2214//2763
f 2214//2764 2199//2764 2200//2764
f 2214//2765 2200//2765 2097//2765
f 2097//2766 2200//2766 2091//2766
f 2019//2767 2017//2767 2215//2767
f 2215//2768 2017//2768 2014//2768
f 2215//2769 2014//2769 2012//2769
f 2021//2770 2019//2770 2216//2770
f 2216//2771 2019//2771 2215//2771
f 2216//2772 2215//2772 2217//2772
f 2217//2773 2215//2773 2012//2773
f 2217//2774 2012//2774 2010//2774
f 2023//2775 2021//2775 2218//2775
f 2218//2776 2021//2776 2216//2776
f 2218//2777 2216//2777 2219//2777
f 2219//2778 2216//2778 2217//2778
f 2219//2779 2217//2779 2220//2779
f 2220//2780 2217//2780 2010//2780
f 2220//2781 2010//2781 2008//2781
f 2025//2782 2023//2782 2221//2782
f 2221//2783 2023//2783 2218//2783
f 2221//2784 2218//2784 2222//2784
f 2222//2785 2218//2785 2219//2785
f 2222//2786 2219//2786 2223//2786
f 2223//2787 2219//2787 2220//2787
f 2223//2788 2220//2788 2224//2788
f 2224//2789 2220//2789 2008//2789
f 2224//2790 2008//2790 2006//2790
f 2027//2791 2025//2791 2225//2791
f 2225//2792 2025//2792 2221//2792
f 2225//2793 2221//2793 2226//2793
f 2226//2794 2221//2794 2222//2794
f 2226//2795 2222//2795 2227//2795
f 2227//2796 2222//2796 2223//2796
f 2227//2797 2223//2797 2228//2797
f 2228//2798 2223//2798 2224//2798
f 2228//2799 2224//2799 2229//2799
f 2229//2800 2224//2800 2006//2800
f 2229//2801 2006//2801 2004//2801
f 2029//2802 2027//2802 2230//2802
f 2230//2803 2027//2803 2225//2803
f 2230//2804 2225//2804 2231//2804
f 2231//2805 2225//2805 2226//2805
f 2231//2806 2226//2806 2232//2806
f 2232//2807 2226//2807 2227//2807
f 2232//2808 2227//2808 2233//2808
f 2233//2809 2227//2809 2228//2809
f 2233//2810 2228//2810 2234//2810
f 2234//2811 2228//2811 2229//2811
f 2234//2812 2229//2812 2235//2812
f 2235//2813 2229//2813 2004//2813
f 2235//2814 2004//2814 2002//2814
f 2031//2815 2029//2815 2236//2815
f 2236//2816 2029//2816 2230//2816
f 2236//2817 2230//2817 2237//2817
f 2237//2818 2230//2818 2231//2818
f 2237//2819 2231//2819 2238//2819
f 2238//2820 2231//2820 2232//2820
f 2238//2821 2232//2821 2239//2821
f 2239//2822 2232//2822 2233//2822
f 2239//2823 2233//2823 2240//2823
f 2240//2824 2233//2824 2234//2824
f 2240//2825 2234//2825 2241//2825
f 2241//2826 2234//2826 2235//2826
f 2241//2827 2235//2827 2242//2827
f 2242//2828 2235//2828 2002//2828
f 2242//2829 2002//2829 2000//2829
f 2033//2830 2031//2830 2243//2830
f 2243//2831 2031//2831 2236//2831
f 2243//2832 2236//2832 2244//2832
f 2244//2833 2236//2833 2237//2833
f 2244//2834 2237//2834 2245//2834
f 2245//2835 2237//2835 2238//2835
f 2245//2836 2238//2836 2246//2836
f 2246//2837 2238//2837 2239//2837
f 2246//2838 2239//2838 2247//2838
f 2247//2839 2239//2839 2240//2839
f 2247//2840 2240//2840 2248//2840
f 2248//2841 2240//2841 2241//2841
f 2248//2842 2241//2842 2249//2842
f 2249//2843 2241//2843 2242//2843
f 2249//2844 2242//2844 2250//2844
f 2250//2845 2242//2845 2000//2845
f 2250//2846 2000//2846 1998//2846
f 1978//2847 1976//2847 2035//2847
f 2035//2848 2033//2848 2251//2848
f 2251//2849 2033//2849 2243//2849
f 2251//2850 2243//2850 2252//2850
f 2252//2851 2243//2851 2244//2851
f 2252//2852 2244//2852 2253//2852
f 2253//2853 2244//2853 2245//2853
f 2253//2854 2245//2854 2254//2854
f 2254//2855 2245//2855 2246//2855
f 2254//2856 2246//2856 2255//2856
f 2255//2857 2246//2857 2247//2857
f 2255//2858 2247//2858 2256//2858
f 2256//2859 2247//2859 2248//2859
f 2256//2860 2248//2860 2257//2860
f 2257//2861 2248//2861 2249//2861
f 2257//2862 2249//2862 2258//2862
f 2258//2863 2249//2863 2250//2863
f 2258//2864 2250//2864 1996//2864
f 1996//2865 2250//2865 1998//2865
f 2206//2866 2116//2866 2205//2866
f 2205//2867 2116//2867 2118//2867
f 2205//2868 2118//2868 2204//2868
f 2204//2869 2118//2869 2120//2869
f 2204//2870 2120//2870 2203//2870
f 2203//2871 2120//2871 2122//2871
f 2203//2872 2122//2872 2202//2872
f 2202//2873 2122//2873 2124//2873
f 2202//2874 2124//2874 2201//2874
f 2201//2875 2124//2875 2126//2875
f 2201//2876 2126//2876 1958//2876
f 2116//2877 2206//2877 2114//2877
f 2114//2878 2206//2878 2207//2878
f 2114//2879 2207//2879 2112//2879
f 2112//2880 2207//2880 2208//2880
f 2112//2881 2208//2881 2110//2881
f 2110//2882 2208//2882 2209//2882
f 2110//2883 2209//2883 2108//2883
f 2108//2884 2209//2884 2210//2884
f 2108//2885 2210//2885 2106//2885
f 2106//2886 2210//2886 2211//2886
f 2106//2887 2211//2887 2104//2887
f 2104//2888 2211//2888 2212//2888
f 2104//2889 2212//2889 2102//2889
f 2102//2890 2212//2890 2213//2890
f 2102//2891 2213//2891 2100//2891
f 2100//2892 2213//2892 2214//2892
f 2100//2893 2214//2893 2098//2893
f 2098//2894 2214//2894 2097//2894
f 2050//2895 2034//2895 2036//2895
f 2050//2896 2036//2896 2041//2896
f 2147//2897 2030//2897 2032//2897
f 2147//2898 2032//2898 2051//2898
f 2068//2899 2074//2899 2069//2899
f 2069//2900 2074//2900 2011//2900
f 2074//2901 2009//2901 2011//2901
f 2253//2902 1982//2902 2252//2902
f 2252//2903 1982//2903 1980//2903
f 2252//2904 1980//2904 2251//2904
f 2251//2905 1980//2905 1978//2905
f 2251//2906 1978//2906 2035//2906
f 1982//2907 2253//2907 1984//2907
f 1984//2908 2253//2908 2254//2908
f 1984//2909 2254//2909 1986//2909
f 1986//2910 2254//2910 2255//2910
f 1986//2911 2255//2911 1988//2911
f 1988//2912 2255//2912 2256//2912
f 1988//2913 2256//2913 1990//2913
f 1990//2914 2256//2914 2257//2914
f 1990//2915 2257//2915 1992//2915
f 1992//2916 2257//2916 2258//2916
f 1992//2917 2258//2917 1994//2917
f 1994//2918 2258//2918 1996//2918
f 2073//2919 2072//2919 2259//2919
f 2259//2920 2072//2920 2071//2920
f 2259//2921 2071//2921 2260//2921
f 2260//2922 2071//2922 2076//2922
f 2260//2923 2076//2923 2261//2923
f 2261//2924 2076//2924 2078//2924
f 2261//2925 2078//2925 2080//2925
f 2075//2926 2073//2926 2262//2926
f 2262//2927 2073//2927 2259//2927
f 2262//2928 2259//2928 2263//2928
f 2263//2929 2259//2929 2260//2929
f 2263//2930 2260//2930 2264//2930
f 2264//2931 2260//2931 2261//2931
f 2264//2932 2261//2932 2083//2932
f 2083//2933 2261//2933 2080//2933
f 2007//2934 2075//2934 2090//2934
f 2090//2935 2075//2935 2262//2935
f 2090//2936 2262//2936 2088//2936
f 2088//2937 2262//2937 2263//2937
f 2088//2938 2263//2938 2086//2938
f 2086//2939 2263//2939 2264//2939
f 2086//2940 2264//2940 2084//2940
f 2084//2941 2264//2941 2083//2941
f 2003//2942 2005//2942 2089//2942
f 2003//2943 2089//2943 2265//2943
f 2265//2944 2089//2944 2087//2944
f 2265//2945 2087//2945 2266//2945
f 2266//2946 2087//2946 2085//2946
f 2266//2947 2085//2947 1997//2947
f 2095//2948 1989//2948 1991//2948
f 2266//2949 2267//2949 2265//2949
f 2265//2950 2267//2950 2001//2950
f 2265//2951 2001//2951 2003//2951
f 2267//2952 2266//2952 1997//2952
f 1997//2953 1999//2953 2267//2953
f 2267//2954 1999//2954 2001//2954
f 2095//2955 1991//2955 2268//2955
f 2268//2956 1991//2956 1993//2956
f 2268//2957 1993//2957 1995//2957
f 1995//2958 2093//2958 2268//2958
f 2268//2959 2093//2959 2095//2959
f 2048//2960 2050//2960 2041//2960
f 2048//2961 2041//2961 2040//2961
f 2146//2962 2147//2962 2051//2962
f 2146//2963 2051//2963 2049//2963
f 2048//2964 2040//2964 2046//2964
f 2046//2965 2040//2965 2039//2965
f 2046//2966 2039//2966 2044//2966
f 2044//2967 2039//2967 2038//2967
f 2146//2968 2049//2968 2145//2968
f 2145//2969 2049//2969 2047//2969
f 2145//2970 2047//2970 2144//2970
f 2144//2971 2047//2971 2045//2971
f 2144//2972 2045//2972 2052//2972
f 1402//2973 1027//2973 2016//2973
f 2016//2974 1027//2974 1010//2974
f 2016//2975 1010//2975 2269//2975
f 2269//2976 1010//2976 996//2976
f 2269//2977 996//2977 2270//2977
f 2270//2977 996//2977 2271//2977
f 2270//2978 2271//2978 998//2978
f 998//2979 2271//2979 996//2979
f 998//2980 1403//2980 2270//2980
f 2270//2981 1403//2981 2269//2981
f 1404//2982 2272//2982 1403//2982
f 1403//2983 2272//2983 2273//2983
f 1403//2983 2273//2983 2274//2983
f 2274//2984 2273//2984 2275//2984
f 2274//2985 2275//2985 2276//2985
f 2276//2986 2275//2986 2277//2986
f 2276//2987 2277//2987 2278//2987
f 2278//2988 2277//2988 2279//2988
f 2278//2989 2279//2989 2280//2989
f 2280//2990 2279//2990 2281//2990
f 2280//2991 2281//2991 2282//2991
f 2282//2992 2281//2992 1414//2992
f 2282//2993 1414//2993 2283//2993
f 2283//2994 1414//2994 2284//2994
f 2283//2995 2284//2995 2285//2995
f 2285//2996 2284//2996 2286//2996
f 2285//2997 2286//2997 2287//2997
f 2287//2998 2286//2998 1418//2998
f 2287//2999 1418//2999 1419//2999
f 1404//3000 1405//3000 2272//3000
f 2272//3001 1405//3001 1406//3001
f 2272//3002 1406//3002 2288//3002
f 2288//3003 1406//3003 1407//3003
f 2288//3004 1407//3004 2289//3004
f 2289//3005 1407//3005 1408//3005
f 2289//3006 1408//3006 1409//3006
f 2289//3007 1409//3007 2290//3007
f 2290//3008 1409//3008 1410//3008
f 2290//3009 1410//3009 1411//3009
f 2290//3010 1411//3010 2291//3010
f 2291//3011 1411//3011 1412//3011
f 2291//3012 1412//3012 1413//3012
f 2291//3013 1413//3013 2281//3013
f 2281//3014 1413//3014 1414//3014
f 1414//3015 1415//3015 2284//3015
f 2284//3016 1415//3016 2292//3016
f 2284//3017 2292//3017 2286//3017
f 2286//3018 2292//3018 1416//3018
f 2286//3019 1416//3019 1417//3019
f 1415//3020 1416//3020 2292//3020
f 1417//3021 1418//3021 2286//3021
f 1419//3022 1421//3022 2287//3022
f 2287//3023 1421//3023 2293//3023
f 2287//3024 2293//3024 2294//3024
f 2294//3025 2293//3025 2295//3025
f 2294//3026 2295//3026 2296//3026
f 2296//3027 2295//3027 2297//3027
f 2296//3028 2297//3028 2298//3028
f 2298//3029 2297//3029 2299//3029
f 2298//3030 2299//3030 2300//3030
f 2300//3031 2299//3031 2301//3031
f 2300//3032 2301//3032 2302//3032
f 2302//3033 2301//3033 2303//3033
f 2302//3034 2303//3034 2304//3034
f 2304//3035 2303//3035 2305//3035
f 2304//3036 2305//3036 2306//3036
f 2306//3037 2305//3037 2307//3037
f 2306//3038 2307//3038 2308//3038
f 2308//3039 2307//3039 2309//3039
f 2308//3040 2309//3040 2310//3040
f 2310//3041 2309//3041 2311//3041
f 2310//3042 2311//3042 2312//3042
f 2312//3043 2311//3043 2313//3043
f 2312//3044 2313//3044 2314//3044
f 2314//3045 2313//3045 2315//3045
f 2314//3046 2315//3046 2316//3046
f 2316//3047 2315//3047 2317//3047
f 2316//3048 2317//3048 2318//3048
f 2318//3049 2317//3049 2319//3049
f 2318//3050 2319//3050 2320//3050
f 2320//3051 2319//3051 2321//3051
f 2320//3052 2321//3052 2322//3052
f 2322//3053 2321//3053 2323//3053
f 2322//3054 2323//3054 1471//3054
f 1471//3055 2323//3055 1469//3055
f 1471//3056 1469//3056 1470//3056
f 1421//3057 1443//3057 2293//3057
f 2293//3058 1443//3058 1446//3058
f 2293//3059 1446//3059 2324//3059
f 2324//3060 1446//3060 1448//3060
f 2324//3061 1448//3061 2325//3061
f 2325//3062 1448//3062 1450//3062
f 2325//3063 1450//3063 1452//3063
f 2325//3064 1452//3064 2326//3064
f 2326//3065 1452//3065 1454//3065
f 2326//3066 1454//3066 2327//3066
f 2327//3067 1454//3067 1455//3067
f 2327//3068 1455//3068 1457//3068
f 2327//3069 1457//3069 2328//3069
f 2328//3070 1457//3070 1458//3070
f 2328//3071 1458//3071 1460//3071
f 1460//3072 1461//3072 2328//3072
f 2328//3073 1461//3073 2329//3073
f 2328//3074 2329//3074 2330//3074
f 2330//3075 2329//3075 2331//3075
f 2330//3076 2331//3076 2332//3076
f 2332//3077 2331//3077 2319//3077
f 2332//3078 2319//3078 2317//3078
f 1461//3079 1463//3079 2329//3079
f 2329//3080 1463//3080 2333//3080
f 2329//3081 2333//3081 2331//3081
f 2331//3082 2333//3082 2321//3082
f 2331//3083 2321//3083 2319//3083
f 1463//3084 1465//3084 2333//3084
f 2333//3085 1465//3085 2323//3085
f 2333//3086 2323//3086 2321//3086
f 1465//3087 1467//3087 2323//3087
f 2323//3088 1467//3088 1469//3088
f 1471//3089 1653//3089 2322//3089
f 2322//3090 1653//3090 2334//3090
f 2322//3091 2334//3091 2320//3091
f 2320//3092 2334//3092 2335//3092
f 2320//3093 2335//3093 2318//3093
f 2318//3094 2335//3094 2336//3094
f 2318//3095 2336//3095 2316//3095
f 2316//3096 2336//3096 2337//3096
f 2316//3097 2337//3097 2314//3097
f 2314//3098 2337//3098 2338//3098
f 2314//3099 2338//3099 2312//3099
f 2312//3100 2338//3100 2339//3100
f 2312//3101 2339//3101 2310//3101
f 2310//3102 2339//3102 2308//3102
f 2334//3090 1653//3090 2340//3090
f 2340//3103 1653//3103 1652//3103
f 2340//3104 1652//3104 2341//3104
f 2341//3105 1652//3105 1651//3105
f 2341//3106 1651//3106 2342//3106
f 2342//3107 1651//3107 1650//3107
f 2342//3107 1650//3107 1649//3107
f 1649//3107 1648//3107 2342//3107
f 2342//3108 1648//3108 2343//3108
f 2342//3109 2343//3109 2344//3109
f 2344//3110 2343//3110 2345//3110
f 2344//3111 2345//3111 2346//3111
f 2346//3112 2345//3112 1613//3112
f 2346//3113 1613//3113 2347//3113
f 2347//3114 1613//3114 2308//3114
f 2347//3115 2308//3115 2348//3115
f 2348//3116 2308//3116 2339//3116
f 2348//3117 2339//3117 2338//3117
f 1648//3118 1647//3118 2343//3118
f 2343//3118 1647//3118 1646//3118
f 2343//3119 1646//3119 2349//3119
f 2349//3120 1646//3120 1645//3120
f 2349//3120 1645//3120 1644//3120
f 2349//3121 1644//3121 2345//3121
f 2345//3122 1644//3122 1613//3122
f 1613//3123 1605//3123 2308//3123
f 2308//3124 2350//3124 2306//3124
f 2306//3125 2350//3125 2351//3125
f 2306//3126 2351//3126 2304//3126
f 2304//3127 2351//3127 2352//3127
f 2304//3128 2352//3128 2302//3128
f 2302//3129 2352//3129 2353//3129
f 2302//3130 2353//3130 2300//3130
f 2300//3131 2353//3131 2354//3131
f 2300//3132 2354//3132 2298//3132
f 2298//3133 2354//3133 2355//3133
f 2298//3134 2355//3134 2296//3134
f 2296//3135 2355//3135 2356//3135
f 2296//3136 2356//3136 2294//3136
f 2294//3137 2356//3137 2285//3137
f 2294//3138 2285//3138 2287//3138
f 2082//3139 2357//3139 2350//3139
f 2350//3140 2357//3140 2358//3140
f 2350//3141 2358//3141 2359//3141
f 2359//3142 2358//3142 2360//3142
f 2359//3143 2360//3143 2361//3143
f 2361//3144 2360//3144 2362//3144
f 2361//3145 2362//3145 2363//3145
f 2363//3146 2362//3146 2364//3146
f 2363//3147 2364//3147 2365//3147
f 2365//3148 2364//3148 2366//3148
f 2365//3149 2366//3149 2355//3149
f 2355//3150 2366//3150 2356//3150
f 2357//3151 2082//3151 2367//3151
f 2367//3152 2082//3152 2081//3152
f 2367//3152 2081//3152 2077//3152
f 2077//3152 2070//3152 2367//3152
f 2367//3153 2070//3153 2368//3153
f 2367//3154 2368//3154 2369//3154
f 2369//3155 2368//3155 2370//3155
f 2369//3156 2370//3156 2371//3156
f 2371//3157 2370//3157 2372//3157
f 2371//3158 2372//3158 2373//3158
f 2373//3159 2372//3159 2374//3159
f 2373//3160 2374//3160 2375//3160
f 2375//3161 2374//3161 2280//3161
f 2375//3162 2280//3162 2282//3162
f 2070//3163 2067//3163 2368//3163
f 2368//3163 2067//3163 2015//3163
f 2368//3164 2015//3164 2376//3164
f 2376//3165 2015//3165 2016//3165
f 2376//3166 2016//3166 2377//3166
f 2377//3166 2016//3166 2378//3166
f 2377//3167 2378//3167 2379//3167
f 2379//3168 2378//3168 2274//3168
f 2379//3169 2274//3169 2276//3169
f 2378//3166 2016//3166 2269//3166
f 2274//3170 2378//3170 2269//3170
f 2327//3171 2328//3171 2380//3171
f 2380//3172 2328//3172 2330//3172
f 2380//3173 2330//3173 2381//3173
f 2381//3174 2330//3174 2332//3174
f 2381//3175 2332//3175 2382//3175
f 2382//3176 2332//3176 2317//3176
f 2382//3177 2317//3177 2315//3177
f 2326//3178 2327//3178 2383//3178
f 2383//3179 2327//3179 2380//3179
f 2383//3180 2380//3180 2384//3180
f 2384//3181 2380//3181 2381//3181
f 2384//3182 2381//3182 2385//3182
f 2385//3183 2381//3183 2382//3183
f 2385//3184 2382//3184 2386//3184
f 2386//3185 2382//3185 2315//3185
f 2386//3186 2315//3186 2313//3186
f 2325//3187 2326//3187 2387//3187
f 2387//3188 2326//3188 2383//3188
f 2387//3189 2383//3189 2388//3189
f 2388//3190 2383//3190 2384//3190
f 2388//3191 2384//3191 2389//3191
f 2389//3192 2384//3192 2385//3192
f 2389//3193 2385//3193 2390//3193
f 2390//3194 2385//3194 2386//3194
f 2390//3195 2386//3195 2391//3195
f 2391//3196 2386//3196 2313//3196
f 2391//3197 2313//3197 2311//3197
f 2295//3198 2293//3198 2324//3198
f 2324//3199 2325//3199 2392//3199
f 2392//3200 2325//3200 2387//3200
f 2392//3201 2387//3201 2393//3201
f 2393//3202 2387//3202 2388//3202
f 2393//3203 2388//3203 2394//3203
f 2394//3204 2388//3204 2389//3204
f 2394//3205 2389//3205 2395//3205
f 2395//3206 2389//3206 2390//3206
f 2395//3207 2390//3207 2396//3207
f 2396//3208 2390//3208 2391//3208
f 2396//3209 2391//3209 2397//3209
f 2397//3210 2391//3210 2311//3210
f 2397//3211 2311//3211 2309//3211
f 2281//3212 2279//3212 2291//3212
f 2291//3213 2279//3213 2290//3213
f 2279//3214 2277//3214 2290//3214
f 2290//3215 2277//3215 2289//3215
f 2273//3216 2272//3216 2288//3216
f 2277//3217 2275//3217 2289//3217
f 2289//3218 2275//3218 2288//3218
f 2275//3219 2273//3219 2288//3219
f 2274//3220 2269//3220 1403//3220
f 2297//3221 2295//3221 2392//3221
f 2392//3222 2295//3222 2324//3222
f 2297//3223 2392//3223 2393//3223
f 2283//3224 2285//3224 2356//3224
f 2334//3225 2340//3225 2335//3225
f 2335//3226 2340//3226 2398//3226
f 2335//3227 2398//3227 2336//3227
f 2336//3228 2398//3228 2399//3228
f 2336//3229 2399//3229 2337//3229
f 2337//3230 2399//3230 2400//3230
f 2337//3231 2400//3231 2338//3231
f 2338//3232 2400//3232 2348//3232
f 2297//3233 2393//3233 2299//3233
f 2299//3234 2393//3234 2394//3234
f 2299//3235 2394//3235 2301//3235
f 2301//3236 2394//3236 2395//3236
f 2301//3237 2395//3237 2303//3237
f 2303//3238 2395//3238 2396//3238
f 2303//3239 2396//3239 2305//3239
f 2305//3240 2396//3240 2397//3240
f 2305//3241 2397//3241 2307//3241
f 2307//3242 2397//3242 2309//3242
f 2283//3243 2356//3243 2366//3243
f 2365//3244 2355//3244 2354//3244
f 2282//3245 2283//3245 2401//3245
f 2401//3246 2283//3246 2366//3246
f 2401//3247 2366//3247 2364//3247
f 2282//3248 2401//3248 2375//3248
f 2375//3249 2401//3249 2402//3249
f 2375//3250 2402//3250 2373//3250
f 2373//3251 2402//3251 2403//3251
f 2373//3252 2403//3252 2371//3252
f 2371//3253 2403//3253 2404//3253
f 2371//3254 2404//3254 2369//3254
f 2369//3255 2404//3255 2357//3255
f 2369//3256 2357//3256 2367//3256
f 2402//3257 2401//3257 2364//3257
f 2278//3258 2280//3258 2374//3258
f 2276//3259 2278//3259 2405//3259
f 2405//3260 2278//3260 2374//3260
f 2405//3261 2374//3261 2372//3261
f 2276//3262 2405//3262 2379//3262
f 2379//3263 2405//3263 2406//3263
f 2379//3264 2406//3264 2377//3264
f 2377//3265 2406//3265 2376//3265
f 2406//3266 2405//3266 2372//3266
f 2340//3267 2341//3267 2398//3267
f 2398//3268 2341//3268 2407//3268
f 2398//3269 2407//3269 2399//3269
f 2399//3270 2407//3270 2408//3270
f 2399//3271 2408//3271 2400//3271
f 2400//3272 2408//3272 2347//3272
f 2400//3273 2347//3273 2348//3273
f 2365//3274 2354//3274 2409//3274
f 2409//3275 2354//3275 2353//3275
f 2409//3276 2353//3276 2410//3276
f 2410//3277 2353//3277 2352//3277
f 2410//3278 2352//3278 2411//3278
f 2411//3279 2352//3279 2351//3279
f 2411//3280 2351//3280 2350//3280
f 2403//3281 2402//3281 2362//3281
f 2362//3282 2402//3282 2364//3282
f 2376//3283 2406//3283 2370//3283
f 2370//3284 2406//3284 2372//3284
f 2341//3285 2342//3285 2407//3285
f 2407//3286 2342//3286 2344//3286
f 2407//3287 2344//3287 2408//3287
f 2408//3288 2344//3288 2346//3288
f 2408//3289 2346//3289 2347//3289
f 2365//3290 2409//3290 2363//3290
f 2363//3291 2409//3291 2412//3291
f 2363//3292 2412//3292 2361//3292
f 2361//3293 2412//3293 2413//3293
f 2361//3294 2413//3294 2359//3294
f 2359//3295 2413//3295 2350//3295
f 2412//3296 2409//3296 2410//3296
f 2404//3297 2403//3297 2360//3297
f 2360//3298 2403//3298 2362//3298
f 2368//3299 2376//3299 2370//3299
f 2349//3300 2345//3300 2343//3300
f 2412//3301 2410//3301 2414//3301
f 2414//3302 2410//3302 2411//3302
f 2414//3303 2411//3303 2350//3303
f 2357//3304 2404//3304 2358//3304
f 2358//3305 2404//3305 2360//3305
f 2350//3306 2413//3306 2414//3306
f 2414//3307 2413//3307 2412//3307
f 2415//3308 1891//3308 2416//3308
f 2416//3308 1891//3308 1995//3308
f 2416//3308 1995//3308 1997//3308
f 1997//3308 2082//3308 2416//3308
f 2416//3308 2082//3308 2415//3308
f 2415//3123 2082//3123 2417//3123
f 2417//3123 2082//3123 2350//3123
f 2417//3123 2350//3123 2308//3123
f 2308//3123 1605//3123 2417//3123
f 2417//3123 1605//3123 2415//3123
f 2415//3309 1605//3309 2418//3309
f 2418//3309 1605//3309 1511//3309
f 2418//3309 1511//3309 1513//3309
f 1513//3309 1596//3309 2418//3309
f 2418//3309 1596//3309 2415//3309
f 2415//2128 1596//2128 2419//2128
f 2419//2128 1596//2128 1811//2128
f 2419//2128 1811//2128 1892//2128
f 1892//2128 1891//2128 2419//2128
f 2419//2128 1891//2128 2415//2128
usemtl mat1
f 1//1 2//1 3//1
# Vertices: 2419, normals: 3309, texture coordinates: 0, faces: 4834

