####################################
# netfabb Wavefront export         #
####################################
v -118.54000 229.00002 254.12001
v -119.84000 227.30002 246.64001
v -119.18000 233.78000 247.12003
v -117.98000 234.36002 251.26001
v -116.82000 234.90002 252.56000
v -116.48001 229.98001 255.84001
v -117.24001 228.52002 240.26001
v -115.00001 235.72000 239.54001
v -121.16000 232.84000 260.74002
v -123.50000 231.72000 256.34000
v -126.40000 230.28001 244.08002
v -105.50000 233.76001 229.68001
v -105.34000 239.86002 233.02002
v -111.50001 237.26001 235.30000
v -112.34000 230.80002 232.38000
v -111.22001 237.38000 240.30000
v -109.38000 238.18001 240.66002
v -110.26001 235.68001 243.10001
v -107.62000 238.92000 251.70001
v -109.06000 236.20001 250.16000
v -108.56001 238.54002 244.36002
v -115.14001 235.64001 242.88002
v -120.26001 233.28001 231.56003
v -115.28001 235.60001 228.48001
v -42.92000 254.28001 233.16002
v -45.92000 253.80002 231.54001
v -45.36000 252.38000 230.62000
v -59.68000 248.30002 209.34003
v -65.10001 252.76001 215.98001
v -67.82001 252.10001 215.89999
v -40.78000 251.58002 230.76001
v -46.48000 256.56003 229.18001
v -37.76000 251.70001 228.22000
v -41.40000 257.36002 223.62001
v -33.62000 249.92001 224.68001
v -35.86000 250.50002 226.58002
v -44.40000 256.89999 227.32001
v -109.28001 234.96001 246.96001
v -66.72000 246.62001 207.72002
v -113.44001 231.38000 254.80002
v -114.86001 235.78001 257.92001
v -114.86001 235.78001 251.06001
v -112.82001 236.68001 246.92001
v -110.34000 233.66000 249.46001
v -110.68001 237.62001 252.12003
v -68.18000 252.02002 200.14001
v -57.96001 254.38002 202.08000
v -77.04001 243.82002 212.76001
v -78.84000 249.12001 203.26001
v -55.06000 249.28001 216.62001
v -58.12000 254.36002 222.08000
v -87.10000 240.66002 228.54002
v -93.02000 244.52002 221.76001
v -90.08000 245.54001 217.50002
v -82.56001 242.16002 223.72002
v -72.18001 250.98001 217.92001
v -42.60000 251.22002 219.78000
v -44.64000 256.86002 224.30000
v -49.32000 256.06000 223.62001
v -47.96000 250.64001 219.26001
v -51.00000 255.78001 211.52000
v -46.26000 256.60001 215.16000
v -109.40001 238.18001 226.40001
v -101.50001 241.38000 227.96002
v -98.86001 236.42000 231.90001
v -92.44000 238.82002 230.96001
v -94.06000 244.16000 234.42001
v -99.72000 242.08002 234.62003
v -96.82000 243.16002 225.26001
v -80.74001 248.56001 228.02002
v -86.82000 246.64001 232.22002
v 31.28000 255.88000 230.36002
v 28.88000 252.56000 227.98001
v 31.52000 251.04002 226.58002
v 33.40000 252.28000 228.22000
v 36.40000 252.20001 230.76001
v 20.62000 256.86002 228.84001
v 17.80000 257.06000 228.82002
v 17.52000 255.26001 227.16002
v 38.50000 254.96001 233.16002
v 21.54000 252.70001 226.04002
v 25.06000 252.20001 227.14001
v 24.30000 256.58002 230.62000
v 39.94000 257.58002 227.32001
v 29.30000 250.42001 224.68001
v 26.00000 252.16002 222.12003
v 17.62000 259.88000 224.76001
v 11.68000 260.20001 220.68001
v 10.96000 258.58002 219.78000
v 17.28000 258.26001 218.88000
v 19.64000 259.76001 222.60001
v 22.86000 254.28001 220.96001
v 40.98000 253.08000 230.62000
v 44.96000 255.72000 229.18001
v 41.52000 254.50000 231.54001
v 42.04000 257.28000 229.18001
v 44.44000 256.89999 227.46001
v 44.88000 256.84003 223.62001
v 40.18000 257.54001 224.30000
v 38.24000 251.86002 219.78000
v 46.54000 256.56003 211.58002
v 53.42001 255.30000 202.02002
v 55.34000 249.22000 209.34003
v 43.60000 251.36002 219.26001
v 41.74000 257.32001 215.20001
v 50.72000 250.14001 216.62001
v 67.78001 252.12003 217.92001
v 63.42001 253.16002 215.89999
v 62.38000 247.68002 207.72002
v 72.74001 245.04001 212.76001
v 53.68000 255.24002 222.08000
v 36.96000 258.00000 223.62001
v 32.76000 252.06001 220.18002
v 18.82000 259.82001 217.76001
v 8.84000 260.32001 219.40001
v 24.90000 259.34003 218.48001
v 34.84000 258.26001 214.64001
v 17.18000 259.92001 220.89999
v -25.04000 256.50000 228.84001
v -22.24000 256.74002 228.82002
v -22.72000 259.52002 228.88000
v -22.46000 259.54001 230.46002
v -25.30000 259.29999 228.84001
v -43.34000 257.06000 233.20001
v -46.52000 256.56003 231.58002
v -28.72000 256.14001 230.62000
v -21.90000 254.94002 227.16002
v -19.14000 255.90002 227.56000
v -19.50000 259.76001 228.74001
v -29.02000 258.94000 230.62000
v -36.06000 258.12000 230.36002
v -35.68000 255.32001 230.36002
v -23.28000 259.48001 217.76001
v -21.70000 257.96002 218.88000
v -27.24000 253.88000 220.96001
v -21.64000 259.62003 220.89999
v -24.10000 259.39999 222.60001
v -29.38000 258.92001 218.48001
v -29.40000 251.78001 227.14001
v -33.24000 252.06001 227.98001
v -49.58000 256.02002 229.18001
v -49.40000 254.96001 229.18001
v -48.88000 256.14001 227.46001
v 14.62000 260.08002 225.56001
v 14.74000 256.18002 227.56000
v 12.14000 257.10001 227.40002
v 11.72000 260.20001 226.10001
v 8.42000 260.32001 222.48001
v 9.04000 258.36002 226.74002
v 12.08000 260.20001 228.92000
v 8.44000 260.32001 226.98001
v 15.04000 260.04001 228.74001
v 17.54000 259.90002 230.36002
v 9.42000 260.30002 226.04002
v 7.30000 259.44003 224.76001
v 6.88000 260.36002 223.02002
v -22.08000 259.58002 224.76001
v -19.10000 259.80002 225.56001
v 6.54000 260.38000 224.92001
v 122.14001 232.38000 244.08002
v 132.26001 227.20001 277.42001
v 122.94000 231.98001 274.60001
v 119.24001 233.76001 256.34000
v 110.58000 237.66000 257.92001
v 110.82001 237.56000 267.74002
v 116.06001 235.24001 231.64001
v 96.98001 243.08000 227.96002
v 92.44000 244.72002 225.26001
v 105.02000 239.98001 226.42000
v 110.86000 237.52000 228.50000
v 116.90001 234.84001 260.74002
v -76.52000 241.08002 250.72000
v -105.62000 233.88000 276.78003
v -93.56001 254.92001 258.42001
v -123.38000 231.78001 274.60001
v -111.14000 251.78001 272.68002
v 93.54000 254.92001 258.42001
v 105.60001 233.88000 276.78003
v 76.48000 241.08002 250.72000
v -63.46000 246.34001 247.74002
v -70.00001 261.64001 253.14001
v -30.96000 258.72003 247.60001
v -132.70001 226.98001 277.42001
v 45.14000 256.78003 229.18001
v 62.74000 253.32001 252.02002
v 41.94000 257.30002 231.54001
v 60.68000 253.80002 215.98001
v 38.90000 257.74002 233.16002
v 76.36000 249.84001 228.02002
v 82.42001 248.02002 232.22002
v 90.32001 245.46002 258.42001
v 89.70000 245.66002 234.42001
v 63.70000 253.10001 200.18002
v 74.52000 250.32001 203.20001
v 88.54000 246.06001 221.70001
v 85.50000 247.06001 217.50002
v 31.60000 258.66000 230.36002
v 32.72000 258.52002 247.60001
v -57.40000 236.76001 339.20001
v -54.50000 234.44000 345.24002
v -64.94000 235.28001 358.62003
v -78.90000 235.14001 349.20001
v -44.12000 225.56001 367.42001
v -47.44000 228.50000 360.28000
v -35.70000 226.72000 349.02002
v -40.42000 237.14001 352.38004
v -21.68000 221.54001 349.08002
v -16.00000 269.50000 247.34001
v -2.10000 253.78000 221.88002
v -3.16000 250.62000 221.84003
v -15.30000 248.78000 248.74001
v -68.62000 233.66000 378.36002
v -93.18001 238.90001 392.14001
v -105.08000 239.96001 372.38004
v -27.76000 228.42001 326.36002
v -26.26000 226.78001 331.90002
v -60.82000 232.00000 376.17999
v -62.64000 232.48001 395.48001
v -5.32000 238.14001 396.23999
v -5.28000 246.70001 419.62003
v -29.68000 245.64001 423.92001
v -5.28000 226.96001 367.42001
v -28.62000 244.64001 467.46002
v -40.52000 246.90001 448.58002
v -36.58000 246.04002 444.02002
v 69.86001 261.66000 253.12000
v 63.42001 246.34001 247.74002
v -28.24000 235.24001 446.92001
v -0.02000 236.88002 425.48001
v -21.80000 238.14001 431.08002
v -4.88000 220.70001 344.44000
v -30.34000 245.62000 279.70001
v -4.90000 225.18002 295.24002
v -28.62000 229.32001 323.26001
v -51.38000 243.56001 304.74002
v -4.34000 237.72002 260.14001
v -4.58000 227.62001 321.62003
v -30.34000 251.70001 222.12003
v -25.90000 252.32001 226.04002
v -16.14000 259.98001 220.68001
v -15.40000 258.36002 219.78000
v -15.82000 260.00003 225.96001
v -16.56000 256.88000 227.40002
v -12.90000 260.16000 222.48001
v -13.48000 258.20001 226.74002
v -12.94000 260.16000 226.98001
v -16.58000 259.95999 228.88000
v -37.10000 251.50002 220.18002
v -13.32000 260.14001 219.40001
v -38.88000 257.74002 214.40001
v -111.26000 237.38000 267.74002
v 114.92001 235.76001 247.12003
v 110.66001 237.62001 243.52002
v 110.72000 237.62001 239.54001
v -13.32000 260.12000 225.80002
v -11.34000 260.22000 223.00002
v -11.76000 259.28003 224.76001
v -11.00000 260.22000 224.94002
v -64.08000 253.02002 228.60001
v -90.04001 245.56001 258.42001
v -62.12000 253.46001 252.02002
v 233.96002 134.00000 220.68001
v 231.86002 137.16000 225.56001
v 230.02000 139.86002 220.89999
v 236.26001 130.46001 222.48001
v 235.96001 130.92001 219.40001
v 237.34001 128.72000 223.00002
v 229.70001 140.34000 224.76001
v 254.26001 97.28001 228.88000
v 263.36002 101.44000 228.88000
v 257.28000 111.24001 238.74001
v 228.22000 142.44000 222.60001
v 207.20001 168.62001 211.52000
v 216.94000 157.26001 214.40001
v 228.82002 141.58002 217.76001
v 223.10001 149.46001 247.44002
v 244.18001 117.16000 247.12003
v 252.92001 122.02000 247.12003
v 179.36002 208.22000 258.24002
v 158.74001 223.06001 267.74002
v 153.26001 214.72000 267.74002
v 173.18001 200.38000 258.24002
v 141.48001 222.02002 274.60001
v 219.14001 154.52000 230.36002
v 197.90001 178.39999 252.36002
v 146.16000 230.86000 274.92001
v 231.04002 155.48001 247.44002
v 204.96001 185.46002 252.36002
v 181.60002 193.48001 228.02002
v 196.22002 180.06000 228.60001
v 176.14000 198.02000 232.22002
v 212.56000 162.52000 227.32001
v 212.38000 162.74001 224.30000
v 214.94002 159.70001 223.62001
v 155.84001 213.00002 244.36002
v 164.20000 207.16002 234.62003
v 169.48000 203.26001 234.42001
v 210.84001 164.52002 231.58002
v 213.42001 161.54001 233.20001
v 208.36000 167.34001 229.18001
v 208.56001 167.10001 223.62001
v 208.92000 166.70000 227.46001
v 201.28000 174.96001 222.08000
v 156.74001 212.40002 251.70001
v 155.06000 213.52002 226.40001
v 166.92001 205.18002 225.26001
v 149.38000 217.20001 228.48001
v 144.54001 220.20001 231.56003
v 162.54001 208.38000 227.96002
v 183.30000 192.00000 203.26001
v 151.76001 215.70001 246.92001
v 149.82001 216.94000 251.06001
v 146.78000 218.84001 251.26001
v 145.60001 219.56001 247.12003
v 147.90001 218.14001 252.56000
v 141.38000 222.08000 256.34000
v 143.68001 220.72000 260.74002
v 149.80000 216.94000 257.92001
v 153.80002 214.34003 252.12003
v 24.48000 259.38000 230.80002
v 127.34000 240.96001 274.60001
v 65.00001 263.06003 252.02002
v 114.78001 246.72000 267.74002
v -127.36001 240.96001 274.60001
v -137.00000 236.00000 277.42001
v 54.02000 265.46002 250.54001
v 33.88000 268.46002 247.60001
v 136.98001 236.00000 277.42001
v 16.00000 269.50000 247.34001
v -114.78001 246.72000 267.74002
v -54.04000 265.46002 250.54001
v -33.92000 268.46002 247.60001
v 204.70001 163.04001 219.26001
v 208.78000 157.88000 219.78000
v 198.84001 169.42001 216.62001
v 194.96001 173.44002 209.34003
v 211.08002 164.26001 215.16000
v 189.20000 186.76001 217.92001
v 179.84001 187.64000 212.76001
v 188.92000 179.36002 207.72002
v 192.98001 183.22000 215.89999
v 233.06001 132.38000 219.78000
v 228.52002 139.12001 218.88000
v 224.28001 147.86000 218.48001
v 212.66000 152.36002 220.18002
v 212.62001 150.58000 226.58002
v 212.40002 153.16000 228.22000
v 217.32001 145.38000 222.12003
v 213.58002 147.96001 224.68001
v 159.86002 203.42001 231.90001
v 165.86000 199.00002 230.96001
v 170.76001 195.18002 228.54002
v 174.88000 191.82001 223.72002
v 158.92001 210.92001 233.02002
v 153.58000 207.80000 229.68001
v 195.34000 180.94002 215.98001
v 170.44000 202.52000 221.76001
v 173.14001 200.42001 217.50002
v 210.88000 164.48000 229.18001
v 234.20001 133.64000 225.96001
v 230.98001 132.94000 227.40002
v 228.42001 135.34000 227.56000
v 234.16000 130.14001 226.74002
v 236.24001 130.48001 226.98001
v 233.68002 134.46001 228.88000
v 221.30002 143.12000 220.96001
v 231.58002 137.58000 228.74001
v 229.42001 140.72000 230.46002
v 227.12003 139.10001 228.82002
v 235.96001 130.94000 225.80002
v 236.26001 128.76001 224.76001
v 237.58002 128.34001 224.94002
v 216.94000 152.78001 230.36002
v 211.24001 159.74001 233.16002
v 210.30000 156.20001 230.76001
v 225.76001 137.88000 227.16002
v 225.06000 142.04001 228.84001
v 220.82001 140.92001 226.04002
v 222.30002 145.82001 230.62000
v 218.00002 144.42000 227.14001
v 215.72000 148.62001 227.98001
v 207.96002 161.28000 230.62000
v 207.56000 166.62001 229.18001
v 208.84001 162.54001 231.54001
v 109.22001 233.24002 254.80002
v 106.10001 235.46002 249.46001
v 108.56001 238.52002 246.92001
v 110.56001 237.66000 251.06001
v 112.26001 231.90001 255.84001
v 106.38000 239.42001 252.12003
v 112.74001 236.76001 252.84000
v 105.98000 237.48001 243.10001
v 105.02000 236.74002 246.96001
v 114.34001 230.96001 254.12001
v 114.02000 236.18002 251.44000
v 115.66001 229.28001 246.64001
v 113.06001 230.46002 240.26001
v 104.26001 240.30000 244.36002
v 104.78001 237.96002 250.16000
v 94.62001 238.02002 231.90001
v 88.18001 240.30000 230.96001
v 78.26000 243.46001 223.72002
v 82.82001 242.04001 228.54002
v 101.02000 241.58002 233.02002
v 95.58000 243.60001 234.42001
v 101.28000 235.48001 229.68001
v 108.14000 232.62001 232.38000
v 107.20000 239.10002 235.30000
v 106.92001 239.24002 240.30000
v 103.38000 240.64001 251.74002
v 105.06001 239.96001 240.66002
v 18.06000 259.86002 228.74001
v 20.78000 259.67999 229.06000
v 89.78001 250.00002 573.64001
v 55.00000 250.78001 574.66003
v 54.68000 247.08002 574.60004
v 91.94000 251.84003 573.54004
v 91.34001 245.80002 573.58002
v 29.40000 249.02000 575.44000
v 29.22000 247.14001 575.40002
v 52.84000 248.94000 574.80005
v 52.82000 243.36000 545.96002
v 32.12000 244.16000 545.38000
v 29.80000 248.80002 541.28003
v -131.00000 234.50000 548.17999
v -90.62000 240.14001 547.02002
v -90.96001 241.88002 569.62000
v 53.98000 243.30002 570.66003
v 123.16001 249.70001 572.52002
v 121.02000 248.10001 572.66003
v 132.02000 242.16002 572.44006
v 133.74001 258.88000 571.70001
v -456.50000 -269.94000 -128.02000
v -436.04004 -38.58000 -128.02000
v -416.88004 -300.08002 -128.02000
v 93.86001 260.98001 725.18005
v 67.40000 261.84003 718.64008
v 65.94000 259.74002 695.76001
v 18.00000 264.14001 737.78003
v 60.06001 263.00000 731.14008
v 60.96000 266.34000 762.28003
v 82.84000 266.84003 759.68005
v 81.28000 264.74002 758.00000
v 95.50000 263.06003 726.66003
v 104.34001 256.60001 694.22003
v 32.78000 243.20001 571.24005
v 27.18000 247.22002 575.46002
v -0.02000 249.62003 576.10004
v -0.02000 245.64001 575.84003
v 29.60000 250.80002 575.44000
v -0.02000 265.67999 767.35999
v 28.76000 243.08000 575.14001
v -96.26000 273.02002 726.14008
v -95.54001 263.06003 726.66003
v -82.86000 266.84003 759.68005
v -83.60001 276.80002 759.16003
v -107.12001 268.50000 694.42004
v -106.38000 258.56000 694.94006
v -115.70000 260.44000 632.96002
v -135.44000 238.58002 548.22003
v -131.38000 238.54002 544.12000
v -132.02000 242.16002 572.44006
v -135.92001 241.32002 568.34003
v -131.60001 238.22000 568.52002
v -137.64001 258.02002 567.64001
v -137.16000 255.30000 547.47998
v -96.38000 260.04001 542.36005
v -88.68000 252.94000 542.12000
v -90.60001 244.32001 542.98004
v -114.96001 250.48001 633.50000
v -0.02000 248.48001 632.60004
v -32.24000 245.04001 632.98004
v -61.18000 268.56000 764.18005
v -470.86002 -230.18002 -128.02000
v -499.52002 -182.10001 -128.02000
v -455.20001 222.92001 -128.02000
v -34.10000 249.84001 702.02002
v -123.92000 259.66000 571.98004
v -123.18001 249.70001 572.52002
v -0.02000 267.74002 769.26001
v -0.02000 277.68002 768.73999
v -61.92001 278.50000 763.64008
v 106.36001 258.56000 694.94006
v 63.40000 251.90001 696.58008
v 65.50000 253.76001 695.96002
v 66.96000 255.86000 718.82007
v 64.88000 253.86002 718.00000
v 59.36000 246.24001 633.20001
v 61.50000 248.02002 633.16003
v 17.54000 258.16003 737.98004
v 16.60000 256.10001 736.09998
v 57.62000 254.96001 730.00000
v -0.02000 258.58002 738.56006
v 59.64000 257.02002 731.34003
v -172.64000 516.12006 -128.02000
v 160.34000 310.06003 -128.02000
v -197.58002 493.04001 -128.02000
v 145.70001 295.12000 -128.02000
v -226.88002 463.17999 -128.02000
v 35.56000 251.90001 704.64001
v 34.08000 249.84001 702.02002
v 32.22000 245.04001 632.98004
v 34.36000 246.82001 632.96002
v -0.02000 253.58002 712.86005
v -0.02000 251.50002 710.90002
v 6.48000 251.24001 710.72009
v 6.80000 253.30002 712.66003
v -185.46002 -228.42001 -128.02000
v -188.66000 -238.94000 -128.02000
v -315.58002 19.12000 -128.02000
v -228.54002 -68.24001 -128.02000
v -214.46001 -129.16000 -128.02000
v -442.50003 277.14001 -128.02000
v 123.90000 259.66000 571.98004
v 61.16000 268.56000 764.18005
v 65.78001 257.76001 695.82001
v 65.52000 255.56001 693.88000
v 80.68001 253.94000 691.58008
v 112.80000 248.68002 633.58002
v 114.94000 250.48001 633.50000
v 81.50001 256.08002 693.58002
v 89.96001 249.06003 633.38000
v -0.02000 256.48001 736.62000
v 86.02000 252.74002 684.22003
v 87.42001 254.88000 686.74005
v 87.80000 247.28000 633.42004
v -32.80000 243.20001 571.24005
v -54.00000 243.30002 570.66003
v -52.84000 243.36000 545.96002
v -32.14000 244.16000 545.38000
v -0.02000 261.14001 539.68005
v -0.02000 249.84001 540.44000
v -29.82000 248.80002 541.28003
v -89.80000 250.00002 573.64001
v -55.02000 250.78001 574.66003
v -55.14000 252.76001 574.60004
v -38.96000 260.86002 540.50000
v -35.72000 253.88000 704.60010
v -31.28000 254.26001 710.02008
v -57.64000 254.96001 730.00000
v -64.90000 253.86002 718.00000
v -52.56000 247.66000 541.90002
v -57.68000 257.17999 541.32007
v -92.10000 253.82002 573.46002
v -121.06001 248.10001 572.66003
v -91.94000 251.84003 573.54004
v -6.80000 253.30002 712.66003
v -6.98000 255.28001 712.64001
v -135.14001 130.08000 -128.02000
v -174.42001 93.96001 -128.02000
v -300.76001 443.94000 -128.02000
v 361.98001 353.14001 -128.02000
v 442.46002 277.14001 -128.02000
v 234.52002 441.18005 -128.02000
v -35.56000 251.90001 704.64001
v -31.14000 252.28000 710.06006
v 455.20001 222.92001 -128.02000
v -91.36001 245.80002 573.58002
v -54.68000 247.08002 574.60004
v -220.24001 -6.48000 -128.02000
v -112.80000 248.68002 633.58002
v -90.12000 251.06001 633.32007
v -87.60001 256.86002 686.68005
v -104.38000 256.60001 694.22003
v -81.68000 258.08002 693.54004
v -65.96000 259.74002 695.76001
v -93.90000 260.98001 725.18005
v -0.02000 255.56001 712.80005
v -16.64000 256.10001 736.09998
v -86.06000 252.74002 684.22003
v -61.66000 250.00002 633.08002
v -80.70000 253.94000 691.58008
v -63.40000 251.90001 696.58008
v -59.38000 246.24001 633.20001
v -34.52000 248.80002 632.92004
v -67.42000 261.84003 718.64008
v -60.10000 263.00000 731.14008
v -60.96000 266.34000 762.28003
v -81.30000 264.74002 758.00000
v -65.52000 255.56001 693.88000
v 518.26001 127.06001 -128.02000
v 528.98004 91.34001 -128.02000
v 151.04001 277.26001 -128.02000
v -87.82001 247.28000 633.42004
v -89.96001 249.06003 633.38000
v -87.44000 254.88000 686.74005
v -18.02000 264.14001 737.78003
v -0.02000 264.54001 738.36005
v -133.10001 255.26001 543.40002
v -52.88000 248.94000 574.80005
v -29.62000 250.80002 575.44000
v -133.74001 258.88000 571.70001
v -59.66000 257.02002 731.34003
v -17.58000 258.16003 737.98004
v -65.52000 253.76001 695.96002
v -66.98000 255.86000 718.82007
v -65.82000 257.76001 695.82001
v -34.38000 246.82001 632.96002
v 553.28003 6.04000 -128.02000
v 551.08002 -56.30000 -128.02000
v -29.42000 249.02000 575.44000
v -81.52000 256.08002 693.58002
v -61.54000 248.02002 633.16003
v 135.90001 241.32002 568.34003
v 135.42001 238.58002 548.22003
v 137.14001 255.30000 547.47998
v 130.98001 234.50000 548.17999
v 131.36000 238.54002 544.12000
v 137.62001 258.02002 567.64001
v 96.26000 273.02002 726.14008
v 96.38000 260.04001 542.36005
v 90.58000 244.32001 542.98004
v 88.66000 252.94000 542.12000
v 131.56001 238.22000 568.52002
v 90.58000 240.14001 547.02002
v 83.58001 276.80002 759.16003
v 61.90000 278.50000 763.64008
v 115.70000 260.44000 632.96002
v 107.10000 268.50000 694.42004
v 92.08000 253.82002 573.46002
v 90.10001 251.06001 633.32007
v 87.58000 256.86002 686.68005
v 81.66000 258.08002 693.54004
v 61.64001 250.00002 633.08002
v 34.52000 248.80002 632.92004
v 133.08000 255.26001 543.40002
v 55.14000 252.76001 574.60004
v 6.94000 255.28001 712.64001
v 31.28000 254.26001 710.02008
v -553.28003 6.04000 -128.02000
v -529.00000 91.34001 -128.02000
v -203.80002 187.70001 271.38000
v -183.02000 196.96001 349.68002
v -231.18002 138.04001 351.62003
v -236.10001 137.10001 321.64001
v -279.10001 99.96001 419.42001
v -290.28003 74.64000 426.48004
v -286.00003 74.70000 423.84003
v 172.64000 516.12006 -128.02000
v 197.56000 493.04001 -128.02000
v 226.86002 463.17999 -128.02000
v -249.88000 121.68000 297.78003
v -285.62003 76.24001 278.84000
v -251.08002 124.48001 280.26001
v -249.74001 117.14001 315.36002
v -255.80002 119.72000 270.80002
v -273.32001 101.70000 415.38000
v -246.66000 113.86001 358.56003
v -267.16000 75.40000 362.14001
v -238.92000 127.68001 356.58002
v -249.26001 115.40001 364.29999
v -235.10001 140.68001 360.10004
v -271.68002 75.28001 370.98004
v -280.96002 74.82001 414.36002
v -267.62000 102.70000 405.14005
v -283.84000 75.14001 377.14001
v -257.64001 124.16000 369.24005
v -259.29999 116.00000 263.22000
v -252.92001 122.02000 247.12003
v -242.40002 139.26001 267.17999
v -280.96002 77.00000 232.98001
v -280.70001 76.78001 251.22002
v -293.76001 16.88000 261.88000
v -298.62003 0.00000 235.26001
v -296.56003 0.00000 286.10001
v 135.58000 539.68005 -128.02000
v 214.80002 344.54004 -128.02000
v -88.66000 562.04004 -128.02000
v 90.94001 241.88002 569.62000
v -274.08002 89.74000 246.78001
v -263.38000 101.44000 228.88000
v -257.30002 111.24001 238.74001
v -259.29999 120.44000 381.06003
v -248.78000 142.10001 392.10004
v -264.82001 108.76000 392.78003
v 52.54000 247.66000 541.90002
v 57.66000 257.17999 541.32007
v 128.42001 255.88000 543.26001
v 43.06000 266.26001 540.88000
v 53.20000 265.66003 541.18005
v 35.70000 253.88000 704.60010
v 92.42001 159.40001 -128.02000
v 49.64000 179.46001 -128.02000
v -234.56001 441.18005 -128.02000
v -0.02000 178.90001 -128.02000
v 180.46002 -204.32001 -128.02000
v 189.96001 -170.48001 -128.02000
v 214.42001 -129.16000 -128.02000
v 31.72000 240.20001 545.12000
v 29.40000 244.82001 541.00000
v 185.44000 -228.42001 -128.02000
v -551.10004 -56.30000 -128.02000
v -362.00000 353.14001 -128.02000
v -135.62000 539.68005 -128.02000
v -362.86005 397.48001 -128.02000
v -0.02000 241.98001 571.90002
v 32.38000 239.24002 570.98004
v -0.02000 241.46002 544.22003
v 38.96000 260.86002 540.50000
v 91.62001 260.66003 542.24005
v 338.52002 -307.48001 -128.02000
v 323.02002 -313.54001 -128.02000
v 284.90002 -322.28000 -128.02000
v 245.58000 -308.40002 -128.02000
v 515.14001 -150.18001 -128.02000
v 174.42001 93.96001 -128.02000
v 135.14001 130.08000 -128.02000
v -0.02000 245.86000 540.16003
v -346.14001 -305.26001 -128.02000
v -396.86002 -42.28000 -128.02000
v -338.52002 -307.48001 -128.02000
v 31.12000 252.28000 710.06006
v -193.46001 -251.00000 -128.02000
v -317.98001 13.08000 -128.02000
v -323.04001 -313.54001 -128.02000
v -370.06000 -49.68000 -128.02000
v -284.92001 -322.28000 -128.02000
v -180.46002 -204.32001 -128.02000
v -311.48001 36.40000 -128.02000
v 44.10000 225.56001 367.42001
v 62.62000 232.48001 395.48001
v 5.32000 238.14001 396.23999
v 5.26000 226.96001 367.42001
v 4.84000 220.70001 344.44000
v 21.66000 221.54001 349.08002
v 4.58000 227.62001 321.62003
v 5.26000 246.70001 419.62003
v 29.66000 245.64001 423.92001
v 21.78000 238.14001 431.08002
v 28.22000 235.24001 446.92001
v 36.54000 246.04002 444.02002
v 28.60000 244.64001 467.46002
v 26.24000 226.78001 331.90002
v 4.30000 237.72002 260.14001
v 15.28000 248.78000 248.74001
v 30.32000 245.62000 279.70001
v 4.88000 225.18002 295.24002
v 3.14000 250.62000 221.84003
v 2.08000 253.78000 221.88002
v 28.60000 229.32001 323.26001
v 27.76000 228.42001 326.36002
v 51.34000 243.56001 304.74002
v -0.02000 239.96001 395.64001
v -0.02000 246.72000 419.08002
v -94.98000 238.62001 408.90002
v -82.38000 238.08000 422.96002
v -106.50001 235.30000 343.56003
v -0.02000 231.06001 448.17999
v -0.02000 253.90001 223.39999
v -72.08000 243.14001 449.26001
v -0.02000 226.68001 294.42001
v -0.02000 228.50000 321.44000
v -0.02000 251.00000 223.60001
v -0.02000 237.78001 260.74002
v 40.50000 246.90001 448.58002
v -40.20000 250.78001 484.64001
v -56.88000 248.74001 467.24002
v -30.50000 251.14000 470.06000
v -122.46001 229.16000 329.98001
v -91.20001 233.18001 323.06000
v 86.64001 254.74001 427.72003
v 77.64001 256.00000 450.90002
v 72.06001 243.14001 449.26001
v 56.86000 248.74001 467.24002
v 82.38000 238.08000 422.96002
v 96.66000 234.60001 439.32004
v 101.68000 250.56001 439.98001
v -0.02000 267.96002 492.00000
v -0.02000 252.64001 487.54001
v 40.16000 250.78001 484.64001
v 41.54000 263.72003 490.30002
v 58.72000 260.76001 473.76004
v 114.22001 228.70001 441.28003
v 120.30000 244.84001 442.36005
v 99.18000 251.96001 409.42001
v 94.98000 238.62001 408.90002
v 93.14000 238.90001 392.14001
v 97.28001 252.70001 392.58002
v 105.06001 239.96001 372.38004
v 108.42001 249.68001 373.26001
v 106.48001 235.30000 343.56003
v 111.48001 248.56001 343.72003
v 101.42000 236.88002 422.64005
v 105.78000 249.86002 423.22003
v 40.40000 237.14001 352.38004
v 54.48000 234.44000 345.24002
v 64.94000 235.28001 358.62003
v 35.70000 226.72000 349.02002
v 47.40000 228.50000 360.28000
v 78.88000 235.14001 349.20001
v 68.58000 233.66000 378.36002
v 57.38000 236.76001 339.20001
v 60.78000 232.00000 376.17999
v -127.46001 244.88000 306.82001
v -121.52000 228.82002 307.46002
v -127.24001 243.16002 331.32001
v -108.46001 249.68001 373.26001
v -97.30000 252.70001 392.58002
v -111.50001 248.56001 343.72003
v -31.66000 265.90002 279.54001
v -53.78000 260.38000 304.54004
v -77.46001 237.94000 323.22003
v -81.98000 255.86000 322.90002
v -77.64001 256.00000 450.90002
v -58.74000 260.76001 473.76004
v -86.66000 254.74001 427.72003
v -101.44000 236.88002 422.64005
v -41.56000 263.72003 490.30002
v -101.70000 250.56001 439.98001
v -96.68000 234.60001 439.32004
v -99.20000 251.96001 409.42001
v -105.80001 249.86002 423.22003
v -120.34000 244.84001 442.36005
v -114.24001 228.70001 441.28003
v -96.64001 252.36002 322.82001
v -0.02000 228.64000 367.04004
v -0.02000 222.38000 343.84003
v -94.34000 231.66000 309.39999
v -0.02000 252.40002 477.10004
v -21.80000 237.06001 462.94003
v -0.02000 245.30000 474.80005
v -87.26001 234.54001 282.76001
v -92.00001 256.23999 282.44000
v -99.92001 251.12001 308.73999
v -0.02000 235.40001 468.44000
v -27.18000 247.22002 575.46002
v 156.30002 173.36000 -128.02000
v 539.46002 -116.44001 -128.02000
v -29.24000 247.14001 575.40002
v -29.42000 244.82001 541.00000
v -31.74000 240.20001 545.12000
v 346.12003 -305.26001 -128.02000
v 193.44002 -251.00000 -128.02000
v -28.78000 243.08000 575.14001
v -324.34003 -14.04000 -128.02000
v -32.40000 239.24002 570.98004
v 217.62001 -285.22000 -128.02000
v -128.42001 255.88000 543.26001
v -43.10001 266.26001 540.88000
v -53.22000 265.66003 541.18005
v 220.20001 -6.48000 -128.02000
v 204.58000 49.12000 -128.02000
v -91.64001 260.66003 542.24005
v 228.52002 -68.24001 -128.02000
v -6.50000 251.24001 710.72009
v 398.72003 337.42001 -128.02000
v 499.48001 -182.10001 -128.02000
v 470.84003 -230.18002 -128.02000
v -518.28003 127.06001 -128.02000
v 456.48004 -269.94000 -128.02000
v 376.58002 -310.38000 -128.02000
v -30.18000 250.22002 708.10004
v 91.98001 256.23999 282.44000
v 87.24000 234.54001 282.76001
v 94.30000 231.66000 309.39999
v 91.18000 233.18001 323.06000
v 96.62001 252.36002 322.82001
v 99.88000 251.12001 308.73999
v 21.78000 237.06001 462.94003
v 30.48000 251.14000 470.06000
v 121.42000 228.90001 306.06000
v 111.12000 251.78001 272.68002
v 127.46001 244.88000 306.82001
v 122.46001 229.16000 329.98001
v 127.24001 243.16002 331.32001
v 77.44000 237.94000 323.22003
v 53.76000 260.38000 304.54004
v 81.96000 255.86000 322.90002
v 31.64000 265.90002 279.54001
v 269.94000 -55.20000 175.08002
v 271.50000 -53.02000 186.32001
v 273.90002 -36.68000 188.84001
v 271.98001 -41.54000 176.88002
v 269.32001 37.88000 189.26001
v 272.14001 25.22000 182.62001
v 278.06003 -0.54000 182.24001
v 266.30002 51.14000 183.02000
v 262.64001 68.46000 192.04001
v 256.98001 78.50000 193.42001
v 278.00000 -0.56000 188.12000
v 242.46001 -117.96001 43.50000
v 245.84001 -111.82000 67.68000
v 247.10001 -95.52000 33.40000
v 252.92001 -71.52000 32.24000
v 251.38000 -49.30000 32.96000
v 250.48001 -49.00000 25.04000
v 242.70001 -114.50001 35.62000
v 255.48001 -50.62000 64.52000
v 265.32001 -71.62000 150.70001
v 258.60001 -74.44000 97.46001
v 256.54001 -85.86000 121.34001
v 258.24002 75.88000 183.52002
v 91.02000 213.38000 106.40000
v 87.26001 206.52000 75.68000
v 108.38000 196.96001 75.78001
v 113.10001 203.38000 106.50001
v 22.34000 221.76001 75.92001
v 23.14000 230.06000 106.54000
v -0.02000 232.60001 106.68000
v 244.34003 44.86000 74.40001
v 250.34000 46.58000 104.08001
v 241.74002 70.96000 104.08001
v -0.02000 223.62001 76.06001
v 225.16000 133.16000 194.46001
v 217.64001 141.08000 185.50002
v 232.88002 120.80001 184.92001
v 229.04001 128.70001 194.04001
v 184.78000 179.26001 186.60002
v 185.14000 180.04001 197.16002
v 173.98001 187.68002 193.12000
v 67.48000 245.20001 194.16000
v 50.50000 247.54001 187.02002
v 75.72000 241.34001 187.02002
v 125.54001 220.26001 187.32001
v 133.94000 217.26001 195.64001
v 117.70000 224.50000 194.94002
v 249.62003 -104.96001 94.54001
v 247.94000 -111.78001 98.90000
v 253.90001 -97.30000 125.62000
v 257.30002 -88.58001 138.26001
v 270.06000 -60.04000 182.30002
v 262.06000 -81.00000 155.04001
v 244.24002 -119.28001 72.30000
v 240.00002 -123.68001 29.14000
v 240.14001 -126.64001 40.08000
v 267.12003 -72.56001 169.74001
v 226.84003 66.54000 32.46000
v 214.32001 85.72000 32.58000
v 215.12001 82.48000 27.36000
v 195.32001 110.40001 21.46000
v 201.74002 105.24001 32.76000
v 187.94000 121.00000 32.92000
v 228.92000 59.64000 22.32000
v 252.20001 -71.16000 23.60000
v 235.96001 42.50000 32.96000
v 239.12001 24.14000 24.28000
v -0.02000 208.58002 25.62000
v 21.26000 210.32001 33.70000
v -0.02000 211.24001 33.92000
v 153.14001 151.14000 23.56000
v 155.02000 152.82001 33.30000
v 137.50002 164.94002 33.34000
v 101.86001 188.12000 33.42000
v 106.72001 182.96002 22.74000
v 120.06001 177.06001 33.40000
v 235.52002 69.12000 74.14001
v -24.36000 242.54001 152.58000
v -48.72000 238.98001 152.52000
v -48.30000 237.04001 144.74001
v -24.16000 240.46002 144.86002
v -256.50000 -38.54000 72.74001
v -256.54001 -50.94000 72.46001
v -255.52002 -50.62000 64.52000
v -249.28001 19.78000 66.60001
v -250.80002 20.16000 74.44000
v -256.28003 -1.36000 73.58000
v -255.32001 -38.30000 64.84000
v -127.36001 185.36002 75.72000
v -145.28001 172.72002 75.62000
v -143.86000 171.30002 67.88000
v -242.76001 44.42001 66.56000
v -244.36002 44.86000 74.40001
v -126.04001 183.84001 67.98000
v -269.76001 -0.84000 140.78001
v -271.34000 -0.78000 148.64000
v -269.28003 -20.70000 146.72000
v -267.90002 -20.62000 138.80002
v -254.72002 -1.40000 65.74001
v -163.22000 160.12001 75.50000
v -87.28001 206.52000 75.68000
v -86.32000 204.78000 67.94000
v -65.88000 213.84001 67.88000
v -161.72000 158.76001 67.76000
v -95.76000 221.96001 144.84001
v -96.70000 223.68002 152.60001
v -120.24001 213.04001 152.72000
v -119.06000 211.42000 144.98001
v -237.00000 94.72000 142.40001
v -238.60001 95.36000 150.22000
v -251.22002 73.78000 149.64001
v -249.60001 73.30000 141.84001
v -211.00000 136.58002 151.26001
v -209.48001 135.56001 143.46001
v -193.30002 153.48001 143.92001
v -66.54000 215.62000 75.66000
v -194.78000 154.72002 151.70001
v -252.94000 -71.52000 32.24000
v 127.36001 185.36002 75.72000
v -260.16000 -52.08000 100.06001
v -258.62003 -74.44000 97.46001
v -261.18002 -52.42000 107.98000
v 230.78001 92.26001 112.30000
v 236.98001 94.72000 142.40001
v 224.30000 116.50001 142.98001
v 218.12000 113.42001 112.72000
v 180.40001 142.58000 75.22000
v 186.12001 147.42001 105.68001
v 169.16000 165.40001 106.08001
v 132.62001 191.38000 106.44000
v 163.22000 160.12001 75.50000
v -264.80002 -53.56001 135.58000
v -267.22003 -40.62000 144.80000
v -266.04001 -40.38000 136.88000
v -196.16000 126.52000 74.96001
v -210.36002 109.52000 74.70000
v -208.76001 108.74001 66.90001
v -194.64001 125.50000 67.18001
v -265.84003 -53.90000 143.52000
v -265.34000 -71.62000 150.70001
v -269.96002 -55.20000 175.08002
v -44.30000 217.98001 68.00000
v -44.72000 219.90002 75.74001
v 177.16002 127.58000 21.46000
v 159.24001 158.66000 14.00000
v 183.86002 134.64001 12.08000
v 202.72002 116.76001 12.20000
v 136.94000 174.00002 13.80000
v 131.44000 166.02002 23.36000
v 215.04001 100.22000 17.58000
v 223.32001 87.84000 18.22000
v 206.86002 94.78001 26.58000
v 111.46001 191.38000 13.14000
v 58.28000 216.24001 15.66000
v 70.72000 210.24001 14.42000
v 66.70000 201.40001 23.96000
v 56.04000 206.80000 25.20000
v -0.02000 218.10001 15.50000
v 246.48001 -1.78000 24.68000
v 249.24002 -19.52000 32.46000
v 247.96002 -1.66000 32.14000
v 96.76001 187.38000 22.54000
v 100.78000 196.20001 13.00000
v 251.38000 -117.30000 16.88000
v 249.02000 -127.84000 24.86000
v 241.68001 -115.00001 24.78000
v 246.26001 -96.34001 25.96000
v 255.94002 -98.66000 18.04000
v 262.12003 -71.88000 15.64000
v 248.80002 -132.58000 40.10000
v 253.90001 -125.28001 71.64001
v 255.86000 -121.22001 86.72001
v 237.84000 63.62000 13.16000
v 248.56001 26.78000 15.20000
v 256.12003 0.00000 15.66000
v 260.40002 -48.18000 16.90000
v 242.66000 18.20000 33.16000
v 245.60001 98.14000 184.22000
v 201.20001 160.16000 186.04001
v 209.56001 151.86002 200.42001
v 195.94002 167.62001 199.60001
v 242.58002 104.32000 194.06000
v 170.66000 166.72000 113.82001
v 176.60002 172.00000 144.40001
v 157.92001 185.42001 144.64001
v 152.30000 179.78000 114.00001
v 146.54001 207.20001 187.20001
v 165.68001 193.18001 186.90001
v 157.18001 199.80002 191.34001
v 148.70001 206.20001 193.64000
v 82.06001 197.08000 33.38000
v 63.02000 205.86000 33.36000
v 82.42001 240.22002 192.14001
v 100.92000 231.40001 187.16002
v 99.98000 232.30002 192.58002
v 172.52000 135.88000 33.08000
v 196.14000 126.52000 74.96001
v 202.04001 130.52000 105.32001
v 229.16000 91.62001 104.48001
v 222.94000 89.14001 74.40001
v 91.96000 215.10001 114.14001
v 95.72000 221.96001 144.84001
v 72.22000 231.56003 144.72002
v 69.70000 224.50000 114.08001
v 261.18002 -52.42000 107.98000
v 264.78000 -53.56001 135.58000
v 266.02002 -40.38000 136.88000
v 261.84003 -39.58000 108.76000
v 263.98001 23.28000 141.34001
v 258.16003 21.90000 111.82000
v 263.78003 -1.06000 111.10001
v 269.74002 -0.84000 140.78001
v -132.66000 191.38000 106.44000
v -150.90001 178.34001 106.26000
v -146.56001 207.20001 187.20001
v -165.70001 193.18001 186.90001
v -159.36002 186.84000 152.40001
v -137.52000 164.94002 33.34000
v -120.08000 177.06001 33.40000
v -250.36002 46.58000 104.08001
v -256.64001 21.54000 103.98001
v -242.66000 18.20000 33.16000
v -140.60001 200.42001 152.62001
v -235.98001 42.50000 32.96000
v -255.00002 -19.86000 65.30000
v -249.26001 -19.52000 32.46000
v -42.52000 209.40001 33.50000
v -21.26000 210.32001 33.70000
v -22.18000 219.68001 68.18000
v -46.72001 229.44000 114.12001
v -23.36000 232.14001 114.24001
v -25.26000 251.90001 187.08000
v -262.84000 -20.32000 109.94000
v -263.82001 -1.06000 111.10001
v -247.98001 -1.66000 32.14000
v -278.06003 -0.54000 182.24001
v -275.02002 -21.04000 179.56001
v -63.04000 205.86000 33.36000
v -250.54001 -37.38000 32.76000
v -261.86002 -39.58000 108.76000
v -72.88000 233.38000 152.50002
v -50.50000 247.54001 187.02002
v -113.12000 203.38000 106.50001
v -114.30000 205.00002 114.24001
v -133.98001 192.90001 114.18000
v -75.74001 241.34001 187.02002
v -46.30000 227.50002 106.38000
v -69.06000 222.70001 106.32001
v -201.76001 105.24001 32.76000
v -202.06001 130.52000 105.32001
v -187.96002 121.00000 32.92000
v -259.52002 49.18000 149.42000
v -266.32001 51.14000 183.02000
v -272.16000 25.22000 182.62001
v -265.56003 23.66000 149.18001
v -272.00000 -41.54000 176.88002
v -225.92001 117.30000 150.78001
v -217.68002 141.08000 185.50002
v -216.54001 112.62000 104.92001
v -232.92001 120.80001 184.92001
v -91.02000 213.38000 106.40000
v -82.08000 197.08000 33.38000
v -178.12000 173.32001 152.16000
v -201.20001 160.16000 186.04001
v -203.58002 131.54001 113.10001
v -100.92000 231.40001 187.16002
v -184.82001 179.26001 186.60002
v -91.98001 215.10001 114.14001
v -101.86001 188.12000 33.42000
v -125.58000 220.26001 187.32001
v -169.16000 165.40001 106.08001
v -155.04001 152.82001 33.30000
v -107.20000 195.34000 68.02000
v -251.38000 -49.30000 32.96000
v -262.24002 -1.14000 103.26000
v -260.67999 -39.34000 100.84000
v -245.64001 98.14000 184.22000
v -258.24002 75.88000 183.52002
v -178.95999 141.34001 67.44000
v -187.60001 148.64000 113.44001
v -172.54001 135.88000 33.08000
v -221.34001 88.52000 66.58000
v -233.90001 68.62000 66.30000
v -226.88002 66.54000 32.46000
v -214.34003 85.72000 32.58000
v -243.38000 71.44000 111.90001
v -230.78001 92.26001 112.30000
v -157.96001 185.42001 144.64001
v -139.26001 198.90001 144.86002
v -152.32001 179.78000 114.00001
v -256.38000 -19.94000 73.16000
v -264.00000 23.28000 141.34001
v -257.94000 48.74000 141.60001
v -251.94000 47.04000 111.90001
v -258.17999 21.90000 111.82000
v -261.46002 -20.24000 102.06001
v -22.36000 221.76001 75.92001
v -23.16000 230.06000 106.54000
v -176.62001 172.00000 144.40001
v -222.96002 89.14001 74.40001
v -0.02000 243.86002 144.98001
v -0.02000 246.12001 152.66000
v -72.24001 231.56003 144.72002
v -224.34003 116.50001 142.98001
v -218.14001 113.42001 112.72000
v -69.70000 224.50000 114.08001
v -235.54001 69.12000 74.14001
v -0.02000 234.86002 114.36001
v -241.74002 70.96000 104.08001
v -0.02000 221.36002 68.38000
v -170.68001 166.72000 113.82001
v -186.14000 147.42001 105.68001
v -108.38000 196.96001 75.78001
v -229.18001 91.62001 104.48001
v -180.44000 142.58000 75.22000
v 216.52000 112.62000 104.92001
v 238.58002 95.36000 150.22000
v 161.72000 158.76001 67.76000
v 178.95999 141.34001 67.44000
v 233.88000 68.62000 66.30000
v 242.76001 44.42001 66.56000
v 251.92001 47.04000 111.90001
v 243.36000 71.44000 111.90001
v 225.89999 117.30000 150.78001
v 187.58002 148.64000 113.44001
v 48.70000 238.98001 152.52000
v 72.86000 233.38000 152.50002
v 46.30000 227.50002 106.38000
v 44.70000 219.90002 75.74001
v 66.52000 215.62000 75.66000
v 44.30000 217.98001 68.00000
v 42.50000 209.40001 33.50000
v 69.04000 222.70001 106.32001
v 107.18001 195.34000 68.02000
v 126.00000 183.84001 67.98000
v 133.96001 192.90001 114.18000
v 114.30000 205.00002 114.24001
v 96.68000 223.68002 152.60001
v 178.10001 173.32001 152.16000
v 159.36002 186.84000 152.40001
v 194.62003 125.50000 67.18001
v 203.56001 131.54001 113.10001
v 22.14000 219.68001 68.18000
v 23.34000 232.14001 114.24001
v 150.90001 178.34001 106.26000
v 86.30000 204.78000 67.94000
v 65.88000 213.84001 67.88000
v 262.82001 -20.32000 109.94000
v 267.88000 -20.62000 138.80002
v 275.02002 -21.04000 179.56001
v 271.32001 -0.78000 148.64000
v 269.26001 -20.70000 146.72000
v 145.26001 172.72002 75.62000
v 143.84001 171.30002 67.88000
v 255.00002 -19.86000 65.30000
v 254.68001 -1.40000 65.74001
v 260.66003 -39.34000 100.84000
v 256.46002 -38.54000 72.74001
v 256.52002 -50.94000 72.46001
v 267.20001 -40.62000 144.80000
v 265.82001 -53.90000 143.52000
v 260.14001 -52.08000 100.06001
v 255.28001 -38.30000 64.84000
v 250.52002 -37.38000 32.76000
v 24.14000 240.46002 144.86002
v 46.70000 229.44000 114.12001
v 48.28000 237.04001 144.74001
v 25.24000 251.90001 187.08000
v 24.34000 242.54001 152.58000
v 210.98001 136.58002 151.26001
v 210.32001 109.52000 74.70000
v 249.24002 19.78000 66.60001
v 140.58000 200.42001 152.62001
v 259.52002 49.18000 149.42000
v 208.74001 108.74001 66.90001
v 265.54001 23.66000 149.18001
v 250.80002 20.16000 74.44000
v 256.62000 21.54000 103.98001
v 249.58002 73.30000 141.84001
v 251.20001 73.78000 149.64001
v 194.74001 154.72002 151.70001
v 193.28001 153.48001 143.92001
v 209.48001 135.56001 143.46001
v 256.28003 -1.36000 73.58000
v 257.92001 48.74000 141.60001
v 221.34001 88.52000 66.58000
v 120.22000 213.04001 152.72000
v 119.02000 211.42000 144.98001
v 262.22003 -1.14000 103.26000
v 261.42001 -20.24000 102.06001
v 256.38000 -19.94000 73.16000
v 139.24001 198.90001 144.86002
v 257.56000 -117.68001 99.70000
v -0.02000 256.79999 196.36002
v -0.02000 256.23999 187.14001
v 283.78003 -37.96000 195.70001
v 287.98001 0.00000 196.00000
v 281.34000 -54.34000 193.08000
v 279.92001 -61.38000 189.12001
v 279.08002 40.08000 196.96001
v 271.94003 72.12000 199.64001
v 263.54001 -102.36000 126.32001
v 266.66000 -94.08000 139.24001
v 271.32001 -86.24001 155.72000
v 276.89999 -75.32001 172.78000
v 217.16002 142.66000 196.38000
v -199.00002 177.30002 215.98001
v -204.88000 171.17999 222.08000
v -202.34001 165.70001 216.62001
v -198.50000 169.82001 209.34003
v -192.56000 175.88000 207.72002
v -183.58002 184.34000 212.76001
v -192.92001 183.28001 217.92001
v -212.06001 163.14001 223.62001
v -208.12000 159.14000 219.26001
v -196.68001 179.62003 215.89999
v -187.04001 188.72002 203.20001
v -177.24001 197.14001 217.50002
v -218.32001 155.60001 223.62001
v -215.92001 148.28001 220.18002
v -212.10001 153.88000 219.78000
v -214.58000 160.18002 215.20001
v -210.74002 164.70001 211.58002
v -215.80002 158.70001 224.30000
v -219.96001 153.52002 214.64001
v -170.89999 202.18001 225.26001
v -169.72000 196.02002 230.96001
v -174.58000 192.08000 228.54002
v -168.00002 204.38002 234.42001
v -173.42001 200.22002 234.42001
v -174.48000 199.38002 221.70001
v -180.00000 194.84001 232.22002
v -157.56000 205.08002 229.68001
v -159.16000 210.76001 226.42000
v -153.60001 214.50000 228.50000
v -151.04001 209.52002 232.38000
v -166.70000 205.36002 227.96002
v -163.78000 200.58000 231.90001
v -162.94000 208.10001 233.02002
v -178.67999 188.64000 223.72002
v -185.44000 190.16000 228.02002
v -216.78001 143.84001 224.68001
v -220.48001 141.16000 222.12003
v -231.58002 134.64001 218.88000
v -233.10001 135.34000 220.89999
v -236.96001 129.36002 220.68001
v -236.02002 127.76001 219.78000
v -224.42001 138.80002 220.96001
v -227.50002 143.50000 218.48001
v -234.62003 133.02000 228.74001
v -236.70001 129.80000 228.92000
v -233.96002 128.36000 227.40002
v -223.90001 136.60001 226.04002
v -211.34001 157.32001 230.62000
v -214.34003 160.48001 229.18001
v -212.40002 162.74001 227.46001
v -221.16000 140.18001 227.14001
v -232.78001 135.82001 224.76001
v -231.34001 137.96001 222.60001
v -228.80002 133.44000 227.16002
v -231.44000 130.82001 227.56000
v -239.20001 125.74001 222.48001
v -238.92000 126.20001 219.40001
v -237.08000 125.48000 226.74002
v -239.14001 124.04000 224.76001
v -240.46002 123.60001 224.92001
v -240.24002 124.00001 223.02002
v -238.52002 126.86001 226.04002
v -236.94000 129.40001 226.10001
v -234.92001 132.58000 225.56001
v -230.18002 134.66000 228.82002
v -232.86002 135.72000 230.36002
v -239.18001 125.76000 226.98001
v -215.68001 149.08002 228.22000
v -215.84001 146.48001 226.58002
v -215.98001 158.48001 227.32001
v -225.48001 141.48001 230.62000
v -218.92000 144.44000 227.98001
v -220.22002 148.60001 230.36002
v -228.18001 137.62001 228.84001
v -231.92001 137.10001 217.76001
v -211.04001 162.70001 229.18001
v -212.24001 158.58000 231.54001
v -213.62001 152.16000 230.76001
v -214.62003 155.70001 233.16002
v -216.80000 157.48001 233.16002
v -214.40001 160.38000 231.54001
v -222.46001 150.30000 230.36002
v -211.84003 163.39999 229.18001
v -227.82001 143.04001 230.80002
v -232.48001 136.28000 228.74001
v -230.52002 139.18001 229.06000
v -159.90001 210.24001 244.36002
v -156.46001 210.24001 243.10001
v -156.38000 209.02000 246.96001
v -160.72000 209.66002 251.74002
v -172.86002 200.66002 258.58002
v -159.14000 210.78001 240.66002
v -157.10001 212.16002 235.30000
v -153.66000 214.46001 267.74002
v -157.88000 211.64001 252.12003
v -153.90001 214.32001 257.92001
v -157.38000 212.00000 240.30000
v -157.60001 209.46001 250.16000
v -146.32001 212.58002 240.26001
v -148.62001 217.70001 231.64001
v -142.70001 221.32002 244.08002
v -143.78000 214.14001 246.64001
v -149.70000 217.00000 247.12003
v -153.76001 214.40001 239.54001
v -150.60001 216.48001 251.44000
v -145.98001 213.94000 254.12001
v -147.98001 212.66000 255.84001
v -151.84001 215.70001 252.84000
v -154.66000 209.28001 249.46001
v -153.80002 214.36002 243.52002
v -150.90001 210.78001 254.80002
v -153.90001 214.32001 251.06001
v -155.80000 213.04001 246.92001
v -145.52000 219.62003 256.34000
v -147.80000 218.22000 260.74002
v 152.38000 211.72000 246.96001
v 152.40001 212.94000 243.10001
v 153.58000 212.18001 250.16000
v 155.08000 213.52002 240.66002
v 149.66000 217.02002 239.54001
v 149.52000 217.12003 242.88002
v 153.04001 214.86002 235.30000
v 153.32001 214.68001 240.30000
v 229.24002 140.98001 228.88000
v 227.34001 143.68001 228.84001
v 224.56001 147.48001 230.62000
v 146.88000 213.36000 254.80002
v 143.94000 215.18002 255.84001
v 147.04001 212.10001 232.38000
v 142.28000 215.04001 240.26001
v 138.54001 223.74001 244.08002
v 150.64001 211.94000 249.46001
v 141.92000 216.42000 254.12001
v 139.74001 216.56000 246.64001
v -141.90001 221.78001 274.60001
v -146.18001 230.86000 274.92001
v -158.76001 223.06001 267.74002
v 267.20001 92.64001 217.76001
v 257.98001 88.78000 217.76001
v -244.82001 116.04000 247.12003
v -221.60002 151.42001 247.76001
v -231.08002 155.48001 247.44002
v -179.40001 208.22000 258.24002
v -197.24001 179.06000 251.70001
v -271.98001 72.12000 199.64001
v -262.66000 68.46000 192.04001
v -257.00000 78.50000 193.42001
v -279.10001 40.08000 196.96001
v -269.34003 37.88000 189.26001
v -288.02002 0.00000 196.00000
v -229.06000 128.70001 194.04001
v -225.18002 133.16000 194.46001
v -242.60001 104.32000 194.06000
v -278.04001 -0.56000 188.12000
v -270.08002 -60.04000 182.30002
v -279.92001 -61.38000 189.12001
v -276.92001 -75.32001 172.78000
v -271.52002 -53.02000 186.32001
v -267.12003 -72.56001 169.74001
v -271.36002 -86.24001 155.72000
v -262.08002 -81.00000 155.04001
v -283.78003 -37.96000 195.70001
v -273.92001 -36.68000 188.84001
v -281.36002 -54.34000 193.08000
v -148.74001 206.20001 193.64000
v -133.96001 217.26001 195.64001
v -157.18001 199.80002 191.34001
v -174.00002 187.68002 193.12000
v -117.74001 224.50000 194.94002
v -99.98000 232.30002 192.58002
v -217.16002 142.66000 196.38000
v -209.58000 151.86002 200.42001
v -185.14000 180.04001 197.16002
v -195.96001 167.62001 199.60001
v -266.68002 -94.08000 139.24001
v -215.04001 100.22000 17.58000
v -206.88002 94.78001 26.58000
v -215.14001 82.48000 27.36000
v -223.32001 87.84000 18.22000
v -202.74001 116.76001 12.20000
v -195.36002 110.40001 21.46000
v -183.86002 134.64001 12.08000
v -239.14001 24.14000 24.28000
v -248.58002 26.78000 15.20000
v -237.86002 63.62000 13.16000
v -246.48001 -1.78000 24.68000
v -228.92000 59.64000 22.32000
v -177.18001 127.58000 21.46000
v -106.72001 182.96002 22.74000
v -111.48001 191.38000 13.14000
v -100.78000 196.20001 13.00000
v -131.46001 166.02002 23.36000
v -96.80000 187.38000 22.54000
v -70.74001 210.24001 14.42000
v -66.74001 201.40001 23.96000
v -159.26001 158.66000 14.00000
v -153.16000 151.14000 23.56000
v -136.96001 174.00002 13.80000
v -244.26001 -119.28001 72.30000
v -253.92001 -125.28001 71.64001
v -248.82002 -132.58000 40.10000
v -255.88000 -121.22001 86.72001
v -240.18002 -126.64001 40.08000
v -249.04001 -127.84000 24.86000
v -240.04001 -123.68001 29.14000
v -257.32001 -88.58001 138.26001
v -263.56000 -102.36000 126.32001
v -253.92001 -97.30000 125.62000
v -257.56000 -117.68001 99.70000
v -247.98001 -111.78001 98.90000
v -251.38000 -117.30000 16.88000
v -260.42001 -48.18000 16.90000
v -250.52002 -49.00000 25.04000
v -252.20001 -71.16000 23.60000
v -262.14001 -71.88000 15.64000
v -256.16000 0.00000 15.66000
v -241.70001 -115.00001 24.78000
v -255.96001 -98.66000 18.04000
v -246.26001 -96.34001 25.96000
v -67.48000 245.20001 194.16000
v -82.44000 240.22002 192.14001
v -56.06001 206.80000 25.20000
v -258.48001 87.60001 217.76001
v -254.82001 96.10001 228.88000
v -267.22003 92.64001 217.76001
v -205.00002 185.46002 252.36002
v -65.02000 263.06003 252.02002
v -249.62003 -104.96001 94.54001
v -256.58002 -85.86000 121.34001
v -245.86000 -111.82000 67.68000
v -247.10001 -95.52000 33.40000
v -58.28000 216.24001 15.66000
v -242.48001 -117.96001 43.50000
v -242.74002 -114.50001 35.62000
v -123.18001 263.17999 663.26001
v -138.64000 258.06003 633.23999
v -41.74000 280.20001 801.64001
v -0.02000 293.04001 809.29999
v -43.90000 285.80002 807.40002
v -313.96002 24.36000 -128.02000
v -295.84003 0.00000 389.88004
v -306.14001 -56.72001 390.58002
v -283.24002 0.00000 382.88000
v -254.08002 142.58000 402.54001
v -279.44003 0.00000 374.06003
v -307.20001 -66.54000 294.98001
v 162.10001 203.44002 -128.02000
v -260.10004 142.92001 407.40002
v 326.92001 333.36002 -128.02000
v -248.50000 141.26001 366.48004
v -289.60001 74.54001 450.06000
v -260.82001 143.98001 450.06000
v -158.72000 249.40001 564.18005
v -144.70000 258.00000 541.76001
v -148.42001 253.78000 586.10004
v -128.04001 268.82001 706.64001
v -148.90001 259.44003 639.14001
v -299.42001 0.00000 450.06000
v -267.82001 74.54001 569.64001
v -279.74002 -20.86000 597.47998
v -280.36002 -58.18000 450.06000
v -285.72000 5.04000 588.23999
v -0.02000 572.92004 -128.02000
v -239.62003 143.98001 555.84003
v -389.12003 -45.32000 -128.02000
v -298.78003 -34.12000 616.72003
v -299.18002 -38.98000 602.10004
v -283.06003 -33.30000 599.26001
v -308.32001 -34.58000 617.78003
v -309.96002 -39.10000 602.47998
v -203.66000 203.64000 450.06000
v -300.66003 0.00000 427.44003
v 300.72000 443.94000 -128.02000
v 362.86005 397.48001 -128.02000
v -77.16000 305.00003 777.30005
v -62.72000 306.56003 800.04004
v -61.52000 313.96002 793.17999
v -93.22000 303.44000 769.96002
v -97.68001 286.70001 769.28003
v -71.88000 291.22003 777.64001
v -148.14001 288.82001 709.85999
v -123.38000 296.82001 729.76007
v -124.26001 304.02002 725.20007
v -89.44000 278.22000 767.12006
v -278.20001 74.54001 583.94000
v -292.74002 5.74000 602.62000
v -249.42001 143.98001 575.08002
v -288.86002 -13.42000 621.82001
v -292.06000 -27.00000 619.82001
v -65.12000 282.00000 774.52002
v -216.00000 203.64000 564.18005
v 416.86002 -300.08002 -128.02000
v -515.16003 -150.18001 -128.02000
v -204.58000 49.12000 -128.02000
v -92.42001 159.40001 -128.02000
v -398.73999 337.42001 -128.02000
v -49.66000 179.46001 -128.02000
v -217.62001 -285.22000 -128.02000
v -336.42001 -31.16000 -128.02000
v 188.64000 -238.94000 -128.02000
v -376.58002 -310.38000 -128.02000
v -245.58000 -308.40002 -128.02000
v -350.38000 -42.74000 -128.02000
v 30.14000 250.22002 708.10004
v 172.80000 321.58002 -128.02000
v -539.50000 -116.44001 -128.02000
v -400.67999 -41.18000 -128.02000
v -189.98001 -170.48001 -128.02000
v -353.66000 -120.06001 327.04004
v -345.72003 -112.02000 350.50003
v -352.48001 -110.36000 357.40002
v -339.52002 -84.16000 449.22000
v -346.28003 -99.56001 393.34003
v -337.76001 -99.36001 394.44000
v -346.23999 -120.82001 307.68002
v -353.04001 -121.56000 302.56000
v -343.32001 -119.98000 291.02002
v -364.82001 -125.34000 307.86002
v -355.74002 -123.90000 313.16003
v -328.66000 -3.26000 674.88007
v -336.52002 -2.30000 670.86005
v -327.96002 -8.02000 660.72009
v -324.48001 -17.32000 644.82001
v -319.98001 -13.80000 656.52002
v -321.92001 -7.64000 667.14001
v -339.18002 4.22000 686.66003
v -331.84003 -86.38000 444.46002
v -339.32004 63.90000 672.24005
v -350.12000 30.74000 696.12000
v -342.26001 26.56000 697.76001
v -358.17999 -124.24001 316.04001
v -357.46002 -123.72001 317.60004
v -362.26001 -120.52001 327.14001
v -237.30002 -211.58002 13.58000
v -258.80002 -199.64001 30.84000
v -266.48001 -203.52002 28.42000
v -250.78001 -213.36000 16.40000
v -222.68002 -226.84003 1.90000
v -216.24001 -219.74001 -0.02000
v -322.40002 -78.12000 466.28003
v -330.36005 -75.94000 468.04001
v -320.96002 -24.20000 633.34003
v -316.98001 -31.88000 620.54004
v -366.92001 -124.32000 316.74002
v -357.62000 -124.54001 314.00000
v -326.62003 -120.70000 252.22002
v -319.38000 -117.72000 280.20001
v -332.48001 -119.80000 269.48001
v -330.60001 -136.70001 187.88000
v -335.36005 -140.90001 179.82001
v -324.84003 -138.76001 181.24001
v -332.08002 61.76000 675.40002
v -319.70001 80.90000 654.16003
v -274.44003 148.02000 641.32007
v -298.54001 119.24001 645.92004
v -297.04001 109.00001 652.16003
v -315.16000 -69.74001 486.10001
v -321.82004 -65.24001 493.68005
v -332.74002 -168.95999 153.92001
v -324.51999 -166.76001 155.42001
v -324.51999 -156.96001 163.86002
v -326.14001 -145.36000 174.82001
v -288.17999 -180.30000 110.74001
v -294.70001 -183.67999 105.40001
v -282.48001 -192.14001 72.66000
v -318.40002 -55.86000 517.36005
v -311.16000 -58.10001 516.54004
v -277.82001 -187.16002 83.60001
v -265.24002 147.60001 643.16003
v -223.70001 239.02000 593.20001
v -222.48001 231.32002 596.16003
v -195.64001 247.82001 596.16003
v -322.30005 -174.94002 147.04001
v -314.50000 -124.00001 218.12000
v -320.10004 -134.48001 190.40001
v -317.64001 -129.68001 206.92001
v -324.34003 -124.50001 229.76001
v -325.66003 -129.16000 211.42000
v -315.06003 -180.52000 133.74001
v -307.16000 -179.44000 130.20001
v -304.28003 -175.14000 136.52000
v -310.56003 -175.64001 139.70000
v -316.94003 -177.46001 141.80000
v -322.88000 -182.36000 136.68001
v -298.90002 -176.72000 131.88000
v -232.86002 -172.22000 27.12000
v -255.78001 -142.42001 129.38000
v -263.12003 -151.60001 131.94000
v -239.04001 -183.84001 30.84000
v -312.18002 -83.34000 438.44000
v -301.78003 -76.64001 433.34003
v -283.56000 -70.12000 450.80002
v -293.76001 78.70000 655.94000
v -283.16003 76.08000 651.26001
v -293.17999 -75.76000 455.56003
v -320.50003 -100.38000 294.39999
v -316.82001 -96.96000 325.74002
v -325.44003 -108.16001 324.38000
v -332.12003 -97.16000 394.70001
v -223.18001 -208.52002 7.32000
v -212.46001 -205.10001 -0.02000
v -301.00003 -124.36001 194.34000
v -299.44003 -126.48001 181.24001
v -288.88000 -115.78001 176.76001
v -269.94000 -94.48001 181.24001
v -282.36002 -102.10000 181.24001
v -303.98001 -79.98000 413.06003
v -299.92001 -68.92000 409.72000
v -295.64001 -64.50000 432.76001
v -322.20001 -86.48001 395.62000
v -312.20001 -75.70000 393.26001
v -274.30002 -125.64000 168.86002
v -289.56000 -99.34000 210.56001
v -296.08002 -112.64001 204.86000
v -312.34003 -88.80000 295.28003
v -227.40002 215.02000 596.16003
v -159.06001 255.44000 592.66003
v -267.58002 -96.14000 160.74002
v -278.20001 -74.54001 181.24001
v -267.86002 -106.68000 176.16000
v -237.46001 224.10002 593.26001
v -328.66000 82.34000 650.66003
v -231.32002 218.96002 596.16003
v -323.54001 -90.10001 411.34003
v -293.10001 9.70000 686.72003
v -302.68002 2.00000 682.94006
v -311.82001 -85.46001 424.40002
v -309.14001 -81.88000 354.64001
v -291.20001 -133.90001 168.98001
v -272.68002 72.40000 228.54002
v -311.58002 -110.58000 218.16002
v -300.18002 -72.10001 225.88000
v -286.48001 -72.96001 214.80002
v -288.02002 0.00000 229.46001
v -306.44000 -97.66000 221.04002
v -284.28003 -61.88000 203.98001
v -299.98001 -70.34000 279.00000
v -300.82001 0.00000 293.86002
v -303.98001 -93.82000 278.86002
v -310.40002 -105.62000 280.10004
v -288.02002 0.00000 209.04001
v -272.28000 72.24001 212.38000
v -252.28000 -133.80002 113.38000
v -281.80002 -73.86000 195.82001
v -179.80002 209.34003 278.80002
v -162.98001 231.64001 410.70004
v -166.94000 225.54001 339.40002
v -327.28000 -111.78001 296.38000
v -337.22000 -119.42001 281.80002
v -338.48004 -119.48001 298.80002
v -161.92001 237.76001 450.06000
v -101.26000 273.52002 731.74005
v -158.86000 251.88002 575.84003
v -49.16000 295.74002 811.48004
v -135.98001 276.52002 708.44000
v -156.56001 266.36002 640.56000
v -159.90001 270.10004 634.92004
v -158.20001 276.23999 652.54004
v -0.02000 304.12000 814.12000
v -164.36002 262.86002 593.82007
v -198.18001 255.46002 593.18005
v -319.18002 -39.30000 605.58002
v -10.58000 336.23999 808.96002
v -28.32000 334.98001 809.26001
v -29.40000 327.82001 812.10010
v -52.64000 308.70001 811.48004
v -53.28000 317.04004 808.88000
v -10.36000 328.36002 812.06000
v -103.56001 300.86002 769.28003
v -45.20000 325.60001 809.40002
v -45.34000 317.84003 811.98004
v -93.10001 311.94003 769.32007
v -158.74001 284.74002 653.33997
v -161.60001 276.28003 626.94006
v 322.20001 -86.48001 395.62000
v 323.50003 -90.10001 411.34003
v 311.82001 -85.46001 424.40002
v 283.14001 76.08000 651.26001
v 293.08002 9.70000 686.72003
v 303.36002 12.16000 692.40002
v 303.96002 -79.98000 413.06003
v 320.46002 -100.38000 294.39999
v 327.26001 -111.78001 296.38000
v 325.44003 -108.16001 324.38000
v 312.16000 -83.34000 438.44000
v 316.82001 -96.96000 325.74002
v 312.18002 -75.70000 393.26001
v 309.14001 -81.88000 354.64001
v 299.39999 -126.48001 181.24001
v 288.86002 -115.78001 176.76001
v 291.18002 -133.90001 168.98001
v 283.04001 -33.30000 599.26001
v 283.54001 -70.12000 450.80002
v 293.16003 -75.76000 455.56003
v 299.16003 -38.98000 602.10004
v 159.04001 255.44000 592.66003
v 220.38000 206.24001 591.40002
v 227.40002 215.02000 596.16003
v 254.70001 144.74001 637.20001
v 265.20001 147.60001 643.16003
v 282.36002 -102.10000 181.24001
v 269.92001 -94.48001 181.24001
v 274.28003 -125.64000 168.86002
v 267.84000 -106.68000 176.16000
v 255.76003 -142.42001 129.38000
v 212.44002 -205.10001 -0.02000
v 223.16002 -208.52002 7.32000
v 239.04001 -183.84001 30.84000
v 216.22002 -219.74001 -0.02000
v 263.08002 -151.60001 131.94000
v 232.84000 -172.22000 27.12000
v 301.74002 -76.64001 433.34003
v 308.30002 -34.58000 617.78003
v 316.98001 -31.88000 620.54004
v 320.94000 -24.20000 633.34003
v 339.50000 -84.16000 449.22000
v 330.36005 -75.94000 468.04001
v 322.35999 -78.12000 466.28003
v 319.68002 80.90000 654.16003
v 328.62003 82.34000 650.66003
v 298.50003 119.24001 645.92004
v 237.42001 224.10002 593.26001
v 231.30002 218.96002 596.16003
v 297.00000 109.00001 652.16003
v 330.60001 -136.70001 187.88000
v 320.08002 -134.48001 190.40001
v 324.82001 -138.76001 181.24001
v 294.70001 -183.67999 105.40001
v 307.12003 -179.44000 130.20001
v 298.90002 -176.72000 131.88000
v 250.76003 -213.36000 16.40000
v 237.28000 -211.58002 13.58000
v 331.79999 -86.38000 444.46002
v 266.44000 -203.52002 28.42000
v 223.68002 239.02000 593.20001
v 267.56000 -96.14000 160.74002
v 252.26001 -133.80002 113.38000
v 195.62000 247.82001 596.16003
v 216.00000 203.64000 578.88007
v 158.84001 251.88002 575.84003
v 324.50000 -156.96001 163.86002
v 332.98001 -156.42001 164.90002
v 335.34000 -140.90001 179.82001
v 326.12003 -145.36000 174.82001
v 339.16000 4.22000 686.66003
v 348.38000 6.78000 685.38000
v 350.08002 30.74000 696.12000
v 222.44002 231.32002 596.16003
v 342.24002 26.56000 697.76001
v 300.98001 -124.36001 194.34000
v 288.17999 -180.30000 110.74001
v 282.46002 -192.14001 72.66000
v 277.82001 -187.16002 83.60001
v 258.76001 -199.64001 30.84000
v 355.74002 -123.90000 313.16003
v 346.22003 -120.82001 307.68002
v 357.44003 -123.72001 317.60004
v 345.72003 -112.02000 350.50003
v 337.74002 -99.36001 394.44000
v 332.10004 -97.16000 394.70001
v 302.66000 2.00000 682.94006
v 299.14001 -152.46001 153.14001
v 299.96002 -70.34000 279.00000
v 303.94000 -93.82000 278.86002
v 312.32001 -88.80000 295.28003
v 295.62003 -64.50000 432.76001
v 295.64001 -23.92000 424.98001
v 301.54001 -42.40000 405.62000
v 281.78003 -73.86000 195.82001
v 289.54001 -99.34000 210.56001
v 293.76001 78.70000 655.94000
v 278.17999 -74.54001 181.24001
v 278.17999 74.54001 638.64001
v 287.98001 6.46000 666.04004
v 288.82001 -13.42000 621.82001
v 292.04001 -27.00000 619.82001
v 307.18002 -66.54000 294.98001
v 280.34000 -58.18000 450.06000
v 324.51999 -166.76001 155.42001
v 322.26001 -174.94002 147.04001
v 298.76001 -34.12000 616.72003
v 312.52002 -24.94000 637.28003
v 321.88000 -7.64000 667.14001
v 319.98001 -13.80000 656.52002
v 332.06000 61.76000 675.40002
v 316.90002 -177.46001 141.80000
v 310.54001 -175.64001 139.70000
v 315.14001 -69.74001 486.10001
v 311.14001 -58.10001 516.54004
v 304.26001 -175.14000 136.52000
v 159.86002 270.10004 634.92004
v 161.60001 276.28003 626.94006
v 158.70001 284.74002 653.33997
v 148.12000 288.82001 709.85999
v 158.18001 276.23999 652.54004
v 103.54000 300.86002 769.28003
v 104.14001 309.30002 767.92004
v 93.10001 311.94003 769.32007
v 71.84000 291.22003 777.64001
v 77.16000 305.00003 777.30005
v 62.70000 306.56003 800.04004
v 93.20000 303.44000 769.96002
v 29.36000 327.82001 812.10010
v 28.28000 334.98001 809.26001
v 10.56000 336.23999 808.96002
v -0.02000 336.00003 811.18005
v -0.02000 328.00003 814.12000
v 45.30000 317.84003 811.98004
v 45.18000 325.60001 809.40002
v 123.34000 296.82001 729.76007
v 124.24001 304.02002 725.20007
v 49.14000 295.74002 811.48004
v 43.86000 285.80002 807.40002
v 65.08000 282.00000 774.52002
v 148.90001 259.44003 639.14001
v 138.62001 258.06003 633.23999
v 52.60000 308.70001 811.48004
v 89.40001 278.22000 767.12006
v 135.98001 276.52002 708.44000
v 101.26000 273.52002 731.74005
v 148.40001 253.78000 586.10004
v 128.02000 268.82001 706.64001
v 244.16000 -140.98001 -0.02000
v 260.48001 -69.82001 -0.02000
v 247.10001 -138.36000 41.28000
v 232.58002 -162.56000 20.26000
v 56.44000 210.72000 -0.02000
v 108.12000 187.28000 -0.02000
v 248.30002 -137.28000 58.06000
v 253.50000 -127.36001 81.74001
v -0.02000 210.89999 -0.02000
v 10.34000 328.36002 812.06000
v 53.26000 317.04004 808.88000
v 233.58002 62.58000 -0.02000
v 284.24002 -61.88000 203.98001
v 286.46002 -72.96001 214.80002
v 251.54001 0.00000 -0.02000
v 336.50000 -2.30000 670.86005
v 324.44000 -17.32000 644.82001
v 327.94003 -8.02000 660.72009
v 328.64001 -3.26000 674.88007
v 339.32004 63.90000 672.24005
v 314.48001 -124.00001 218.12000
v 324.29999 -124.50001 229.76001
v 326.60001 -120.70000 252.22002
v 325.64001 -129.16000 211.42000
v 317.64001 -129.68001 206.92001
v 319.18002 -39.30000 605.58002
v 346.26004 -99.56001 393.34003
v 364.80005 -125.34000 307.86002
v 366.92001 -124.32000 316.74002
v 358.16003 -124.24001 316.04001
v 357.62000 -124.54001 314.00000
v 353.64001 -120.06001 327.04004
v 362.24002 -120.52001 327.14001
v 352.46002 -110.36000 357.40002
v 343.30002 -119.98000 291.02002
v 353.02002 -121.56000 302.56000
v 319.36002 -117.72000 280.20001
v 332.46002 -119.80000 269.48001
v 337.20001 -119.42001 281.80002
v 309.94000 -39.10000 602.47998
v 318.38000 -55.86000 517.36005
v 198.74001 114.74001 -0.02000
v 155.08000 155.10001 -0.02000
v 198.18001 255.46002 593.18005
v 164.32001 262.86002 593.82007
v 332.72003 -168.95999 153.92001
v 322.86005 -182.36000 136.68001
v 315.02002 -180.52000 133.74001
v 274.42001 148.02000 641.32007
v 321.78003 -65.24001 493.68005
v 390.08002 -119.70000 338.60001
v 402.26001 -113.52000 339.94003
v 405.67999 -99.40001 396.17999
v 392.78003 -105.56001 396.68002
v 395.22003 -93.08000 447.90002
v 401.68002 -81.94000 450.06000
v 389.06003 -24.84000 621.82001
v 200.74002 328.98004 592.20001
v 280.66003 266.54001 590.80005
v 283.88000 271.52002 579.40002
v 332.54001 191.98001 624.68005
v 328.70001 187.42001 636.40002
v 365.42004 98.12000 650.28003
v 380.80002 -160.08002 177.96002
v 368.82001 -160.00000 181.24001
v 349.34003 -208.82002 133.34001
v 356.30002 93.20000 655.10004
v 360.18002 -212.14001 128.10001
v 272.48001 260.12000 596.16003
v 333.58002 -254.94002 52.98000
v 322.70001 -250.78001 57.82000
v 321.86002 -253.64000 52.72000
v 367.72003 -215.16000 113.28000
v 363.42004 -129.92001 300.06000
v 375.62000 -130.48001 311.72000
v 372.32001 -129.84000 310.80002
v 359.82001 -115.02000 357.88000
v 378.34003 -119.22001 357.48001
v 381.16000 -106.42000 397.20001
v 360.20001 -146.10001 225.04001
v 384.44000 -95.10001 443.68005
v 376.74005 -39.40000 624.42004
v 329.06003 -63.30000 526.35999
v 329.22000 -276.86002 -0.02000
v 345.34000 -273.28000 -0.02000
v 348.26001 -247.88002 51.94000
v 390.46002 -161.84000 167.48001
v 412.04004 -99.40001 339.64001
v 429.86005 -99.40001 181.24001
v 442.26001 0.00000 181.24001
v 392.58002 -153.42001 181.24001
v 339.68002 -158.62001 170.00000
v 341.50000 -146.82001 181.24001
v 324.50000 -190.28001 135.08000
v 329.08002 -190.76001 137.30000
v 324.60004 -35.20000 622.16003
v 228.42001 247.62001 596.16003
v 198.24002 263.94000 596.16003
v 331.44000 -134.64001 214.58000
v 317.56003 -188.90001 132.26001
v 329.36002 -178.92000 143.36000
v 301.23999 128.98001 646.92004
v 336.42001 84.94000 653.98004
v 386.23999 -38.68000 618.76001
v 377.98001 9.12000 685.72009
v 368.10001 5.74000 689.12000
v 340.14001 -168.30000 161.80000
v 346.72000 68.84000 676.58008
v 358.73999 23.64000 696.68005
v 366.28003 18.50000 694.76007
v 383.98004 0.00000 450.06000
v 326.70001 -41.72001 609.56000
v 370.89999 99.38000 564.18005
v 370.89999 99.38000 639.20001
v 383.98004 6.46000 668.85999
v 383.98004 6.46000 621.82001
v 344.23999 163.72002 564.18005
v 332.54001 191.98001 564.18005
v 332.54001 191.98001 600.88000
v 407.10004 -246.40001 37.40000
v 441.70001 -217.00000 -0.02000
v 412.94003 -215.42001 56.62000
v 205.22002 331.66000 577.72003
v 269.34003 304.24002 566.80005
v 372.38004 88.20000 528.34003
v 370.89999 99.38000 450.06000
v 370.89999 99.38000 546.28003
v 332.54001 191.98001 450.06000
v 235.70001 332.52002 452.68002
v 236.82001 331.08002 489.70001
v 254.28001 319.14001 484.26001
v 312.82001 266.66000 452.68002
v 318.26001 256.52002 460.80002
v 331.88000 235.52002 452.68002
v 403.16003 -271.16000 -0.02000
v 430.56003 -251.16000 -0.02000
v 351.34003 291.38000 93.22000
v 322.58002 279.82001 183.86002
v 351.60001 242.88002 183.86002
v 420.20001 99.38000 181.24001
v 446.62003 99.38000 90.60001
v 395.18002 203.74001 90.60001
v 382.24002 249.02000 93.22000
v 286.84003 342.20001 183.86002
v 314.08002 353.78003 93.22000
v 268.80002 377.44003 93.22000
v 251.60002 361.40002 183.86002
v 489.12003 -108.08000 33.92000
v 477.66003 -127.50001 28.06000
v 487.86005 -133.44000 -0.02000
v 510.12000 -103.68000 -0.02000
v 424.00000 82.16000 181.24001
v 367.48001 203.14001 181.24001
v 453.54004 74.80000 90.60001
v 333.32001 -187.50000 142.54001
v 331.56003 -127.42001 247.82001
v 335.96002 -126.34001 262.62000
v 299.72003 -244.34003 45.52000
v 353.42004 -103.26000 394.74002
v 357.40002 5.20000 688.30005
v 341.20001 -8.96000 666.74005
v 287.58002 -198.98001 74.60001
v 281.00000 -217.42001 45.52000
v 288.54001 -234.34003 45.52000
v 242.72002 230.36002 596.16003
v 272.20001 306.92001 453.56003
v 456.16000 -115.02000 87.18001
v 280.28003 153.70001 643.82007
v 319.30002 182.22000 642.28003
v 383.28003 83.92000 393.80002
v 373.42004 80.28001 450.06000
v 56.84000 324.50000 811.48004
v 65.66000 357.38004 811.48004
v 46.22000 334.68002 812.68005
v 25.00000 345.50003 812.96008
v -0.02000 367.86005 814.12000
v 10.20000 344.42001 812.10010
v 97.46001 318.78003 772.26007
v 121.84001 345.08002 769.28003
v 92.20000 351.22003 777.64001
v 170.16000 269.28003 596.16003
v 198.70001 318.68002 596.16003
v 168.64000 280.58002 623.58002
v 165.66000 290.72000 653.58002
v 173.39999 331.88000 702.73999
v 61.50000 313.96002 793.17999
v 65.52000 320.86002 800.04004
v 109.76001 315.88000 769.28003
v 109.66000 315.70001 769.28003
v 130.10001 311.66003 727.52008
v -0.02000 343.98004 814.12000
v 150.46001 439.88004 181.24001
v 114.84000 466.02002 182.26001
v 108.90000 399.64001 450.06000
v 91.72001 371.04001 761.46002
v 118.38000 367.20001 760.18005
v 99.38000 397.06000 564.18005
v -0.02000 378.80002 808.28003
v 196.02002 338.64001 586.24005
v 169.52002 352.91998 690.88007
v 174.02000 343.02002 699.32007
v 91.84000 362.74002 773.59998
v 69.84000 374.88004 788.14001
v 121.06001 357.08002 766.38000
v 219.22000 -183.42001 -0.02000
v 292.72000 5.74000 602.62000
v 235.74002 -157.92001 35.26000
v 306.12003 -56.72001 390.58002
v 299.88000 -68.92000 409.72000
v 299.39999 0.00000 450.06000
v 287.98001 0.00000 229.46001
v 272.66000 72.40000 228.54002
v 272.26001 72.24001 212.38000
v 249.42001 143.98001 575.08002
v 249.42001 143.98001 623.90002
v 155.22000 303.46002 709.26001
v 158.70001 249.40001 564.18005
v 216.00000 203.64000 564.18005
v 104.34001 396.14001 545.56006
v 129.56000 385.80002 514.88000
v 143.54001 386.23999 450.06000
v 331.48004 -22.28000 643.66003
v 333.67999 -14.04000 657.76001
v 328.54001 -28.40000 633.52002
v 366.45999 -122.10001 336.70001
v 375.08002 -130.30000 312.02002
v 331.58002 -72.42001 486.40002
v 339.56000 -125.68001 273.80002
v 344.50000 -125.76000 282.82001
v 330.28000 -130.86000 229.30000
v 352.82001 -126.72001 294.34003
v 295.96002 -192.24001 99.22001
v -0.02000 508.52002 92.66000
v 80.60001 500.92004 91.64001
v 79.62000 531.34003 -0.02000
v -0.02000 540.90002 -0.02000
v 225.78001 -234.08002 2.34000
v 264.14001 -215.72000 24.50000
v 222.64001 -226.84003 1.90000
v 153.98001 459.04004 90.60001
v 170.34000 439.80005 90.60001
v 175.30000 470.06000 -0.02000
v 153.08000 490.80002 -0.02000
v 338.52002 -143.72000 188.64000
v 338.46002 -119.48001 298.80002
v 279.72003 -20.86000 597.47998
v 296.04001 -112.64001 204.86000
v 80.68001 319.82001 778.44000
v 65.76000 368.42004 806.26007
v 237.42001 -242.56000 6.38000
v 255.24002 -247.24001 16.08000
v 493.62003 -68.32000 44.98000
v 499.40002 -68.02000 31.76000
v 511.68002 -54.54000 16.08000
v 140.16000 338.48004 730.90002
v 140.06000 350.04001 727.72003
v 76.48000 312.96002 775.92004
v 427.14001 -136.64000 78.68001
v 468.32001 -134.48001 25.32000
v 512.44006 1.78000 17.48000
v 474.56000 0.00000 90.60001
v 403.54001 80.60001 290.96002
v 497.82001 68.36000 8.72000
v 414.04004 -167.58002 70.18000
v 452.94003 -167.10001 22.56000
v 489.22000 -73.90000 49.84000
v 477.22003 -62.40000 88.90000
v 287.98001 0.00000 209.04001
v 203.64000 203.64000 450.06000
v 202.26001 203.64000 551.92004
v 278.17999 74.54001 583.94000
v 97.66000 286.70001 769.28003
v 109.36001 281.62000 733.72003
v 156.54001 266.36002 640.56000
v 148.82001 296.66003 707.96008
v 347.70001 -88.54000 448.84003
v 334.94003 -140.58000 195.12001
v 271.84003 -210.08002 30.84000
v 307.34003 -188.24002 122.02000
v 239.14001 328.10001 566.80005
v 349.94003 -245.02000 57.28000
v 340.52002 -81.94000 464.10004
v 206.70000 332.54001 564.18005
v 295.60001 -258.70001 31.30000
v 377.06000 -247.80000 51.66000
v 323.80002 231.14000 566.80005
v 218.70001 338.48004 492.92004
v 207.92001 343.36002 476.20001
v 205.10001 345.46002 462.40002
v 211.22002 344.00000 450.92004
v 199.36002 349.56000 450.06000
v 327.04004 207.26001 607.00006
v 326.94000 217.08000 587.58002
v 304.74002 262.28000 566.80005
v 300.10004 268.80002 451.52002
v 283.88000 271.52002 450.06000
v 154.54001 386.79999 386.54004
v 283.88000 271.52002 564.18005
v 21.82000 402.94003 603.82007
v -0.02000 385.56003 804.20007
v 12.10000 406.82004 579.92004
v -0.02000 410.12000 564.18005
v 51.78001 403.17999 565.36005
v -367.72003 -215.16000 113.28000
v -377.08002 -247.80000 51.66000
v -349.98001 -245.02000 57.28000
v -414.06003 -167.58002 70.18000
v -390.50003 -161.84000 167.48001
v -329.06003 -63.30000 526.35999
v -384.48001 -95.10001 443.68005
v -331.60001 -72.42001 486.40002
v -287.60004 -198.98001 74.60001
v -271.88000 -210.08002 30.84000
v -295.98001 -192.24001 99.22001
v -299.72003 -244.34003 45.52000
v -288.54001 -234.34003 45.52000
v -307.38000 -188.24002 122.02000
v -407.10004 -246.40001 37.40000
v -412.96002 -215.42001 56.62000
v -25.02000 345.50003 812.96008
v -10.20000 344.42001 812.10010
v -165.68001 290.72000 653.58002
v -168.67999 280.58002 623.58002
v -56.88000 324.50000 811.48004
v -109.70000 315.70001 769.28003
v -130.12001 311.66003 727.52008
v -65.54000 320.86002 800.04004
v -80.70000 319.82001 778.44000
v -76.52000 312.96002 775.92004
v -46.24000 334.68002 812.68005
v -155.26001 303.46002 709.26001
v -170.20001 269.28003 596.16003
v -199.40001 349.56000 450.06000
v -154.58002 386.79999 386.54004
v -176.86002 371.00003 383.32001
v -205.12001 345.46002 462.40002
v -207.94000 343.36002 476.20001
v -12.12000 406.82004 579.92004
v -104.38000 396.14001 545.56006
v -206.72000 332.54001 564.18005
v -99.40001 397.06000 564.18005
v -21.82000 402.94003 603.82007
v -254.30000 319.14001 484.26001
v -272.22003 306.92001 453.56003
v -269.36002 304.24002 566.80005
v -283.88000 271.52002 450.06000
v -218.72002 338.48004 492.92004
v -239.14001 328.10001 566.80005
v -129.56000 385.80002 514.88000
v -280.67999 266.54001 590.80005
v -283.88000 271.52002 579.40002
v -332.56000 191.98001 624.68005
v -272.50003 260.12000 596.16003
v -328.72003 187.42001 636.40002
v -283.88000 271.52002 564.18005
v -349.36002 -208.82002 133.34001
v -322.72003 -250.78001 57.82000
v -317.56003 -188.90001 132.26001
v -78.94000 400.40002 544.50000
v -143.54001 386.23999 450.06000
v -51.82000 403.17999 565.36005
v -319.30002 182.22000 642.28003
v -205.24001 331.66000 577.72003
v -353.44000 -103.26000 394.74002
v -359.82001 -115.02000 357.88000
v -363.44000 -129.92001 300.06000
v -352.82001 -126.72001 294.34003
v -372.34003 -129.84000 310.80002
v -366.48004 -122.10001 336.70001
v -375.12000 -130.30000 312.02002
v -336.44000 84.94000 653.98004
v -346.73999 68.84000 676.58008
v -334.96002 -140.58000 195.12001
v -338.54001 -143.72000 188.64000
v -347.70001 -88.54000 448.84003
v -280.30002 153.70001 643.82007
v -301.23999 128.98001 646.92004
v -242.74002 230.36002 596.16003
v -344.52002 -125.76000 282.82001
v -326.72000 -41.72001 609.56000
v -357.42001 5.20000 688.30005
v -341.23999 -8.96000 666.74005
v -331.50000 -22.28000 643.66003
v -328.58002 -28.40000 633.52002
v -333.70001 -14.04000 657.76001
v -196.06001 338.64001 586.24005
v -169.52002 352.91998 690.88007
v -65.68000 357.38004 811.48004
v -91.86001 362.74002 773.59998
v -121.06001 357.08002 766.38000
v -121.86001 345.08002 769.28003
v -174.04001 343.02002 699.32007
v -200.76001 328.98004 592.20001
v -198.72002 318.68002 596.16003
v -92.22000 351.22003 777.64001
v -97.48000 318.78003 772.26007
v -173.42001 331.88000 702.73999
v -69.84000 374.88004 788.14001
v -91.74001 371.04001 761.46002
v -340.16003 -168.30000 161.80000
v -333.34003 -187.50000 142.54001
v -329.38000 -178.92000 143.36000
v -341.52002 -146.82001 181.24001
v -198.26001 263.94000 596.16003
v -65.76000 368.42004 806.26007
v -109.76001 315.88000 769.28003
v -303.40002 12.16000 692.40002
v -299.16003 -152.46001 153.14001
v -202.26001 203.64000 551.92004
v -301.56003 -42.40000 405.62000
v -295.64001 -23.92000 424.98001
v -288.02002 6.46000 666.04004
v -278.20001 74.54001 638.64001
v -235.78001 -157.92001 35.26000
v -254.74001 144.74001 637.20001
v -249.42001 143.98001 623.90002
v -216.00000 203.64000 578.88007
v -220.40001 206.24001 591.40002
v -312.52002 -24.94000 637.28003
v -427.18002 -136.64000 78.68001
v -468.34003 -134.48001 25.32000
v -452.96002 -167.10001 22.56000
v -441.70001 -217.00000 -0.02000
v -456.18005 -115.02000 87.18001
v -489.24005 -73.90000 49.84000
v -489.14001 -108.08000 33.92000
v -497.82001 68.36000 8.72000
v -512.46002 1.78000 17.48000
v -474.58005 0.00000 90.60001
v -511.68002 -54.54000 16.08000
v -453.56003 74.80000 90.60001
v -488.56003 80.78000 19.64000
v -493.62003 -68.32000 44.98000
v -477.24002 -62.40000 88.90000
v -403.56003 80.60001 290.96002
v -424.04004 82.16000 181.24001
v -442.26001 0.00000 181.24001
v -304.76001 262.28000 566.80005
v -327.06000 207.26001 607.00006
v -300.12000 268.80002 451.52002
v -318.30002 256.52002 460.80002
v -323.82001 231.14000 566.80005
v -332.56000 191.98001 600.88000
v -372.38004 88.20000 528.34003
v -373.44000 80.28001 450.06000
v -384.02002 0.00000 450.06000
v -326.96002 217.08000 587.58002
v -140.18001 338.48004 730.90002
v -118.38000 367.20001 760.18005
v -140.10001 350.04001 727.72003
v -344.28003 163.72002 564.18005
v -237.44002 -242.56000 6.38000
v -264.16000 -215.72000 24.50000
v -281.02002 -217.42001 45.52000
v -370.92004 99.38000 639.20001
v -383.32001 83.92000 393.80002
v -370.92004 99.38000 546.28003
v -384.02002 6.46000 621.82001
v -370.92004 99.38000 564.18005
v 123.16001 263.17999 663.26001
v 279.39999 0.00000 374.06003
v 300.78000 0.00000 293.86002
v 283.22000 0.00000 382.88000
v 267.60004 102.70000 405.14005
v 273.30002 101.70000 415.38000
v 254.08002 142.58000 402.54001
v 248.76001 142.10001 392.10004
v 239.60001 143.98001 555.84003
v 267.80002 74.54001 569.64001
v 285.70001 5.04000 588.23999
v 41.72001 280.20001 801.64001
v 238.92000 127.68001 356.58002
v 246.62001 113.86001 358.56003
v 249.24002 115.40001 364.29999
v 235.10001 140.68001 360.10004
v 183.00002 196.96001 349.68002
v 203.76001 187.70001 271.38000
v 236.08002 137.10001 321.64001
v 242.36002 139.26001 267.17999
v 255.78001 119.72000 270.80002
v 251.06001 124.48001 280.26001
v 231.16000 138.04001 351.62003
v 293.72003 16.88000 261.88000
v 280.92001 77.00000 232.98001
v 298.60001 0.00000 235.26001
v 296.56003 0.00000 286.10001
v 274.04001 89.74000 246.78001
v 280.67999 76.78001 251.22002
v 279.06003 99.96001 419.42001
v 290.24002 74.64000 426.48004
v 289.60001 74.54001 450.06000
v 144.68001 258.00000 541.76001
v 260.08002 142.92001 407.40002
v 296.94003 0.00000 425.54001
v 292.30002 0.00000 416.84003
v 248.48001 141.26001 366.48004
v 259.28003 116.00000 263.22000
v 300.16000 -72.10001 225.88000
v 306.40002 -97.66000 221.04002
v 311.58002 -110.58000 218.16002
v 310.38000 -105.62000 280.10004
v 260.82001 143.98001 450.06000
v 166.94000 225.54001 339.40002
v 179.78000 209.34003 278.80002
v 162.96002 231.64001 410.70004
v 300.64001 0.00000 427.44003
v 257.62000 124.16000 369.24005
v 259.29999 120.44000 381.06003
v -380.84003 -160.08002 177.96002
v -368.86002 -160.00000 181.24001
v -375.64001 -130.48001 311.72000
v -378.38000 -119.22001 357.48001
v -381.17999 -106.42000 397.20001
v -392.82001 -105.56001 396.68002
v -376.76001 -39.40000 624.42004
v -386.23999 -38.68000 618.76001
v -368.10001 5.74000 689.12000
v -377.98001 9.12000 685.72009
v -395.22003 -93.08000 447.90002
v -365.42004 98.12000 650.28003
v -366.30002 18.50000 694.76007
v -412.06000 -99.40001 339.64001
v -405.70004 -99.40001 396.17999
v -390.08002 -119.70000 338.60001
v -402.28000 -113.52000 339.94003
v -392.60004 -153.42001 181.24001
v -356.32001 93.20000 655.10004
v -384.02002 6.46000 668.85999
v -389.08002 -24.84000 621.82001
v -333.60001 -254.94002 52.98000
v -321.86002 -253.64000 52.72000
v -329.10001 -190.76001 137.30000
v -324.51999 -190.28001 135.08000
v -333.02002 -156.42001 164.90002
v -339.68002 -158.62001 170.00000
v -335.98004 -126.34001 262.62000
v -331.58002 -127.42001 247.82001
v -339.58002 -125.68001 273.80002
v -330.30002 -130.86000 229.30000
v -331.48004 -134.64001 214.58000
v -358.76004 23.64000 696.68005
v -228.44002 247.62001 596.16003
v -225.80002 -234.08002 2.34000
v -360.24002 -146.10001 225.04001
v -429.88004 -99.40001 181.24001
v -360.18002 -212.14001 128.10001
v -324.64001 -35.20000 622.16003
v -340.56000 -81.94000 464.10004
v -135.94000 238.24002 390.42004
v -153.92001 237.20001 335.22003
v -137.00000 234.40001 330.78003
v -19.84000 278.80002 795.26001
v -0.02000 278.80002 797.50000
v -142.62001 244.62003 450.06000
v -150.40001 247.16002 450.06000
v -151.16000 239.78000 399.26001
v -157.44000 226.90001 286.02002
v -137.00000 235.40001 292.98001
v -251.58002 0.00000 -0.02000
v -198.76001 114.74001 -0.02000
v -155.12001 155.10001 -0.02000
v -108.14000 187.28000 -0.02000
v -233.62001 62.58000 -0.02000
v -260.50000 -69.82001 -0.02000
v -268.84000 99.40001 257.22003
v -280.42001 76.52000 272.52002
v -271.46002 99.26001 260.38000
v -521.52002 2.18000 -0.02000
v -519.30005 -52.82000 -0.02000
v -295.62003 -258.70001 31.30000
v -276.38000 -255.50002 24.78000
v -345.36005 -273.28000 -0.02000
v -348.28003 -247.88002 51.94000
v -378.67999 -253.34001 41.20000
v -430.60001 -251.16000 -0.02000
v -375.26001 -278.42001 -0.02000
v -487.88000 -133.44000 -0.02000
v -471.38000 -166.86002 -0.02000
v -150.48001 439.88004 181.24001
v -154.00000 459.04004 90.60001
v -170.36002 439.80005 90.60001
v -171.40001 406.17999 181.24001
v -80.62000 500.92004 91.64001
v -77.12000 481.38000 183.28001
v -0.02000 492.80002 185.32001
v -403.17999 -271.16000 -0.02000
v -331.90002 235.52002 452.68002
v -332.56000 191.98001 450.06000
v -332.56000 191.98001 564.18005
v -251.62001 361.40002 183.86002
v -212.60001 346.02002 413.66000
v -200.88000 352.88000 393.78003
v -312.86002 266.66000 452.68002
v -322.62000 279.82001 183.86002
v -284.32001 272.70001 437.82001
v -293.40002 297.46002 181.24001
v -286.88000 342.20001 183.86002
v -206.52000 365.34000 181.24001
v -316.26001 311.92001 90.60001
v -314.10001 353.78003 93.22000
v -477.68002 -127.50001 28.06000
v -255.24002 -247.24001 16.08000
v -382.28000 249.02000 93.22000
v -395.20001 203.74001 90.60001
v -367.50000 203.14001 181.24001
v -351.36002 291.38000 93.22000
v -351.62003 242.88002 183.86002
v -212.36000 386.58002 90.60001
v -268.84000 377.44003 93.22000
v -446.64001 99.38000 90.60001
v -296.96002 0.00000 425.54001
v -292.34003 0.00000 416.84003
v -291.02002 413.46002 -0.02000
v -334.46002 382.74002 -0.02000
v -425.78003 210.32001 -0.02000
v -489.20001 113.68001 -0.02000
v -377.62000 313.40002 -0.02000
v -413.36002 263.90002 -0.02000
v 88.64000 562.04004 -128.02000
v -348.39999 6.78000 685.38000
v -232.60001 -162.56000 20.26000
v -219.24002 -183.42001 -0.02000
v -244.18001 -140.98001 -0.02000
v -148.86000 296.66003 707.96008
v -104.16000 309.30002 767.92004
v -109.38000 281.62000 733.72003
v -253.52002 -127.36001 81.74001
v -56.48000 210.72000 -0.02000
v -248.34001 -137.28000 58.06000
v -247.14001 -138.36000 41.28000
v -286.54001 -290.32001 -0.02000
v -261.79999 -280.82001 -0.02000
v -313.06003 -283.14001 -0.02000
v -218.38000 413.58002 -0.02000
v -510.14005 -103.68000 -0.02000
v -32.08000 259.39999 503.56003
v -0.02000 262.22003 504.40002
v -498.26004 82.46001 -0.02000
v -120.02000 511.72000 -0.02000
v -79.64000 531.34003 -0.02000
v -175.32001 470.06000 -0.02000
v -201.34001 443.88000 -0.02000
v -334.52002 336.73999 -0.02000
v -153.08000 490.80002 -0.02000
v -218.96002 -228.62001 -0.02000
v -221.74002 -236.04002 -0.02000
v -329.23999 -276.86002 -0.02000
v -241.16000 -263.54001 -0.02000
v -47.38000 255.80002 499.50000
v -75.92001 250.60001 471.20001
v -123.82001 245.76001 455.74002
v -134.86002 242.06001 450.06000
v -101.44000 250.82001 449.78000
v -84.52000 255.18002 458.46002
v -33.76000 265.78000 499.42001
v -0.02000 269.30002 500.70004
v -88.48000 253.84001 438.42004
v -62.42000 262.08002 281.02002
v -236.82001 331.08002 489.70001
v -211.24001 344.00000 450.92004
v -235.72000 332.52002 452.68002
v -216.66000 342.38004 438.26001
v -145.98001 393.96002 374.36002
v -60.94000 427.38004 450.06000
v -108.94000 399.64001 450.06000
v -420.22003 99.38000 181.24001
v -357.02002 132.92001 550.04004
v -370.92004 99.38000 450.06000
v -185.82001 415.84003 90.60001
v -0.02000 435.44003 450.06000
v -120.12001 478.80002 91.12000
v -114.88000 466.02002 182.26001
v -499.42001 -68.02000 31.76000
v 357.02002 132.92001 550.04004
v 284.30002 272.70001 437.82001
v 176.84000 371.00003 383.32001
v 200.86000 352.88000 393.78003
v 206.48001 365.34000 181.24001
v 145.94000 393.96002 374.36002
v 212.58002 346.02002 413.66000
v 216.64001 342.38004 438.26001
v 521.50000 2.18000 -0.02000
v 498.24002 82.46001 -0.02000
v 519.26001 -52.82000 -0.02000
v 488.54004 80.78000 19.64000
v 171.38000 406.17999 181.24001
v 77.10001 481.38000 183.28001
v 60.92001 427.38004 450.06000
v 120.10001 478.80002 91.12000
v 78.92000 400.40002 544.50000
v 120.02000 511.72000 -0.02000
v 185.82001 415.84003 90.60001
v 201.32002 443.88000 -0.02000
v 334.44000 382.74002 -0.02000
v 413.34003 263.90002 -0.02000
v 425.76001 210.32001 -0.02000
v 334.50000 336.73999 -0.02000
v 241.16000 -263.54001 -0.02000
v 221.72000 -236.04002 -0.02000
v 261.78003 -280.82001 -0.02000
v 218.94000 -228.62001 -0.02000
v 313.02002 -283.14001 -0.02000
v 375.22003 -278.42001 -0.02000
v 489.20001 113.68001 -0.02000
v 471.36002 -166.86002 -0.02000
v 286.54001 -290.32001 -0.02000
v 378.66000 -253.34001 41.20000
v 276.34000 -255.50002 24.78000
v 136.98001 235.40001 292.98001
v 150.38000 247.16002 450.06000
v 161.88002 237.76001 450.06000
v 151.12001 239.78000 399.26001
v 153.90001 237.20001 335.22003
v 135.90001 238.24002 390.42004
v 136.98001 234.40001 330.78003
v 267.14001 75.40000 362.14001
v 285.60001 76.24001 278.84000
v 142.62001 244.62003 450.06000
v 285.98001 74.70000 423.84003
v 280.94000 74.82001 414.36002
v 283.82001 75.14001 377.14001
v 295.82001 0.00000 389.88004
v 157.42001 226.90001 286.02002
v 19.82000 278.80002 795.26001
v 271.66000 75.28001 370.98004
v 280.40002 76.52000 272.52002
v 268.84000 99.40001 257.22003
v 271.44000 99.26001 260.38000
v 293.38000 297.46002 181.24001
v 316.26001 311.92001 90.60001
v 212.36000 386.58002 90.60001
v 218.34001 413.58002 -0.02000
v 291.00003 413.46002 -0.02000
v 377.60004 313.40002 -0.02000
v -401.70001 -81.94000 450.06000
v 264.80002 108.76000 392.78003
v 32.06000 259.39999 503.56003
v 47.36000 255.80002 499.50000
v 75.90000 250.60001 471.20001
v 62.40000 262.08002 281.02002
v 101.40000 250.82001 449.78000
v 123.78000 245.76001 455.74002
v 249.72002 117.14001 315.36002
v 88.46001 253.84001 438.42004
v 134.84000 242.06001 450.06000
v 84.50001 255.18002 458.46002
v 249.88000 121.68000 297.78003
v 33.74000 265.78000 499.42001
v 266.60001 83.72001 201.22002
v 266.54001 83.88000 201.58002
v -267.02002 82.84000 201.10001
v -266.82001 83.34000 202.08000
v 266.62000 84.86000 203.46001
v -0.02000 260.44000 224.32001
v 1.28000 260.44000 223.39999
v 68.62000 251.64001 253.38000
v 65.98000 252.44002 249.88000
v 69.52000 251.46002 248.70001
v 78.16000 249.00002 250.60001
v 64.22000 252.94000 247.76001
v 65.08000 252.72002 247.92001
v 6.76000 260.36002 230.96001
v 7.86000 260.30002 232.46001
v 5.34000 260.40002 229.00002
v 5.22000 260.38000 228.84001
v 15.34000 259.54001 247.34001
v 15.64000 264.14001 247.34001
v 9.66000 260.20001 234.80002
v 10.64000 260.12000 236.94000
v 8.86000 260.26001 233.76001
v -1.30000 260.42001 223.39999
v -68.78000 251.58002 253.56001
v -69.02000 253.78000 253.44002
v -66.04000 252.38000 249.86002
v -66.86000 252.16002 248.22000
v -64.24001 252.90001 247.76001
v -69.50000 251.40001 248.68002
v -78.18000 248.94000 250.60001
v -84.12001 247.26001 254.14001
v -7.52000 260.30002 231.96001
v -7.86000 260.28003 232.42001
v -7.28000 260.30002 231.64001
v -8.72000 260.26001 233.54002
v -9.68000 260.18002 234.76001
v -15.38000 259.60001 247.36002
v -15.70000 264.50000 247.36002
v -10.18000 260.14001 235.90002
v 64.78000 252.80000 248.44002
v 84.12001 247.26001 254.16000
v 88.68000 246.76001 258.00000
v 88.24001 246.06001 257.94000
v -65.54000 252.52000 249.28001
v -88.38000 246.04002 258.04001
v -123.96001 231.46002 201.28000
v -123.70001 231.60002 201.28000
v -132.70001 226.98001 201.28000
v 119.88000 233.46001 201.06001
v 120.10001 233.34001 201.10001
v 119.32000 233.70001 201.00000
v 121.42000 232.68002 201.22002
v 131.16000 227.76001 201.28000
v 132.26001 227.20001 201.28000
v 110.52001 237.68002 199.92001
v 109.98000 237.92001 199.84001
v 90.88000 245.28001 197.98001
v 91.16000 245.18002 198.02000
v 91.70000 244.96001 198.04001
v 90.32001 245.46002 197.94000
v 63.74000 253.08000 199.44000
v 68.32000 251.92001 199.02000
v 57.24001 254.48001 199.84001
v 47.16000 256.28003 200.24001
v 53.02000 255.22002 200.00000
v -27.32000 259.04001 200.48001
v -1.80000 260.40002 199.18001
v -29.08000 258.92001 200.56001
v -66.88000 252.32001 199.18001
v -59.82000 253.96002 199.72000
v -69.48000 251.56003 198.86002
v -80.60001 248.34001 197.86002
v -87.84000 246.24001 197.66000
v -85.48000 246.92001 197.36000
v -81.22001 248.16002 197.80000
v -111.04000 237.46001 199.98001
v -108.76000 238.34001 199.62003
v -122.08000 232.38000 201.24001
v -121.44001 232.68002 201.22002
v -119.78001 233.44002 201.02002
v -111.78001 237.14001 200.08002
v 29.60000 258.82001 200.54001
v 33.00000 258.50000 200.60001
v -90.38000 245.44000 197.94000
v -101.28000 241.24001 198.64000
v -90.60001 245.36002 197.96002
v -103.62000 240.32001 198.80002
v -30.34000 258.80002 200.58000
v -32.64000 258.52002 200.58000
v -52.30000 255.26001 199.96001
v -48.82000 255.84001 200.08002
v 87.30000 246.38000 197.58002
v 101.36001 241.24001 198.66000
v 103.62000 240.36002 198.82002
v 92.02000 244.82001 198.06001
v 85.46001 246.90001 197.34001
v 69.48000 251.58002 198.88000
v 81.20001 248.16002 197.80000
v 36.48000 257.98001 200.54001
v -0.02000 260.44000 199.06000
v 0.76000 260.44000 199.12001
v 1.16000 260.44000 199.14001
v 2.74000 260.36002 199.24002
v -1.54000 260.42001 199.16000
v -1.32000 260.42001 199.16000
v -122.92001 232.00000 201.26001
v 226.44000 144.64001 201.74002
v 224.96001 146.90001 202.38000
v 234.34003 132.42001 198.76001
v 233.30002 134.02000 199.10002
v 230.74002 137.96001 199.82001
v 229.20001 140.34000 200.52000
v 242.68002 119.70000 199.68001
v 220.28001 153.00002 204.84001
v 216.34001 157.70001 206.90001
v 214.98001 159.30000 206.82001
v 212.28000 162.48001 206.66000
v 203.86002 172.20001 206.10001
v 179.42001 195.14001 199.68001
v 187.58002 188.12000 201.84000
v 178.04001 196.34001 199.64001
v 178.44002 196.00000 199.66002
v 153.50000 214.54001 200.48001
v 153.74001 214.38002 200.46002
v 154.36002 213.96002 200.40001
v 155.18001 213.36000 200.20001
v 141.94000 221.76001 201.06001
v 142.72000 221.28000 201.02002
v 202.20001 172.98001 205.50002
v 199.46001 174.42001 204.26001
v 191.66000 182.36000 202.20001
v 193.32001 180.74002 202.66000
v 198.06001 175.88000 203.88000
v 188.14001 187.34001 201.86002
v 189.84001 184.98001 202.02002
v 172.88000 200.62000 199.36002
v 162.98001 207.74001 198.28001
v 172.52000 200.89999 199.34000
v 162.86002 207.82001 198.30002
v 155.90001 212.84000 200.02000
v 243.02002 119.14001 199.70001
v 223.84001 148.42001 202.76001
v 223.64000 148.70001 202.90001
v 223.04001 149.48001 203.24002
v 152.72000 215.06000 200.54001
v 141.20001 222.20001 201.08002
v 245.06000 115.38000 199.70001
v 243.94000 117.60001 199.74001
v 132.88000 226.86002 201.26001
v 137.86000 224.06000 201.12001
v 132.94000 226.82001 201.26001
v 135.04001 225.64001 201.20001
v 261.66000 79.54001 196.60002
v -145.44000 219.66002 200.94002
v -144.70000 220.12001 200.98001
v -135.04001 225.64001 201.20001
v -133.78000 226.36002 201.24001
v -137.86000 224.02000 201.10001
v -153.78000 214.38002 200.46002
v -153.84001 214.34003 200.46002
v -154.40001 213.98001 200.42001
v -154.44002 213.96002 200.42001
v -172.26001 201.12001 199.32001
v -171.84000 201.42000 199.28001
v -171.06001 201.98001 199.18001
v -180.26001 194.42001 199.88000
v -179.42001 195.12001 199.66002
v -178.34001 196.02002 199.60001
v -188.50000 187.34001 202.08000
v -188.48001 187.36000 202.08000
v -189.60001 186.30002 202.38000
v -215.22002 159.22000 206.90001
v -214.12001 160.56001 206.86002
v -216.42000 157.76001 206.94000
v -221.00000 152.20000 204.50000
v -207.70001 168.04001 206.46002
v -202.68002 170.54001 204.68001
v -201.12001 172.06001 204.46001
v -197.32001 176.12001 203.50000
v -197.18001 176.26001 203.46001
v -195.04001 178.42001 202.90001
v -190.24001 185.40001 202.42001
v -243.96002 117.54001 199.72000
v -243.66000 118.04001 199.72000
v -170.64001 202.26001 199.12001
v -163.00002 207.78001 198.30002
v -162.94000 207.82001 198.32001
v -248.70001 107.72000 199.28001
v -246.78001 111.88000 199.54001
v -255.06000 93.78000 197.84000
v -260.96002 80.90000 196.72000
v -262.17999 78.24001 196.36002
v -224.78000 147.02000 202.36000
v -223.80002 148.38000 202.70001
v -222.98001 149.48001 203.22000
v -230.66002 137.86000 199.70001
v -229.02000 140.38000 200.44000
v -233.16002 134.00000 199.00002
v -226.02002 145.00002 201.76001
v -234.24002 132.34000 198.66000
v -244.02000 117.42001 199.72000
v -244.56001 116.48001 199.74001
v -245.78001 114.04000 199.68001
v -245.68001 114.26001 199.68001
v -262.34003 78.42001 196.52000
v 248.64000 107.70000 199.24002
v 246.18002 112.98000 199.56001
v 255.08002 93.76000 197.86002
v 261.00000 80.94001 196.78001
v 245.64001 114.16000 199.64001
####################################
vn 0.880 -0.362 0.306
vn 0.319 0.403 0.858
vn 0.987 0.160 0.000
vn 0.977 0.211 0.004
vn 0.819 -0.566 0.092
vn 0.804 -0.555 0.216
vn 0.000 0.000 1.000
vn 0.000 0.000 1.000
vn 0.000 0.000 1.000
vn 0.000 0.000 1.000
vn 0.000 0.000 1.000
vn 0.000 0.000 1.000
vn 0.000 0.000 1.000
vn 0.000 0.000 1.000
vn 0.000 0.000 1.000
vn 0.000 0.000 1.000
vn 0.000 0.000 1.000
vn 0.000 0.000 1.000
vn -0.359 0.359 0.861
vn -0.459 -0.703 0.544
vn -0.137 -0.959 0.247
vn -0.305 -0.632 0.713
vn -0.729 0.310 0.610
vn -0.869 -0.305 0.390
vn -0.400 -0.601 0.691
vn -0.423 -0.885 0.194
vn -0.423 -0.885 0.194
vn -0.423 -0.885 0.194
vn -0.427 -0.884 0.190
vn -0.394 -0.895 0.208
vn -0.392 -0.896 0.209
vn -0.032 0.098 0.995
vn -0.091 -0.840 0.534
vn -0.091 -0.841 0.534
vn -0.104 -0.852 0.514
vn -0.077 -0.839 0.539
vn 0.000 -0.836 0.549
vn -0.116 -0.929 0.350
vn -0.117 -0.930 0.347
vn -0.209 -0.945 0.250
vn -0.231 -0.960 0.160
vn -0.199 -0.949 0.245
vn -0.176 -0.951 0.255
vn -0.133 -0.951 0.280
vn -0.385 -0.899 0.210
vn -0.424 -0.885 0.195
vn 0.820 -0.566 0.092
vn -0.325 0.694 0.642
vn 0.579 -0.689 0.435
vn 0.430 -0.846 0.315
vn 0.572 0.757 0.317
vn 0.802 0.402 0.442
vn 0.929 0.225 0.295
vn 0.842 0.298 0.450
vn 0.860 -0.359 0.363
vn 0.931 -0.249 0.266
vn 0.967 -0.224 0.122
vn 0.340 -0.825 0.452
vn 0.243 0.306 0.921
vn -0.023 -0.865 0.501
vn -0.100 -0.854 0.510
vn 0.389 0.288 0.875
vn 0.404 -0.321 0.856
vn 0.392 -0.725 0.566
vn 0.290 -0.932 0.217
vn 0.301 -0.930 0.211
vn 0.303 -0.929 0.212
vn 0.084 -0.950 0.300
vn 0.426 -0.883 0.197
vn 0.193 0.480 0.856
vn 0.976 0.040 0.212
vn 0.493 0.459 0.740
vn 0.822 -0.521 0.230
vn 0.091 -0.969 0.232
vn 0.082 -0.970 0.230
vn -0.428 -0.882 0.197
vn -0.426 -0.883 0.196
vn -0.328 -0.592 0.736
vn -0.371 -0.589 0.718
vn -0.431 -0.169 0.886
vn -0.075 0.112 0.991
vn -0.558 0.224 0.799
vn -0.625 0.177 0.761
vn -0.610 -0.548 0.573
vn -0.450 -0.822 0.350
vn -0.479 -0.858 0.183
vn -0.456 -0.870 0.185
vn -0.617 -0.495 0.612
vn -0.387 -0.221 0.895
vn -0.610 -0.350 0.711
vn -0.544 -0.143 0.827
vn -0.533 -0.197 0.823
vn -0.731 -0.678 0.075
vn -0.735 -0.656 0.173
vn -0.712 -0.653 0.259
vn -0.688 -0.667 0.285
vn -0.616 -0.698 0.365
vn -0.593 -0.696 0.404
vn -0.781 -0.468 0.413
vn -0.237 -0.197 0.951
vn -0.344 -0.368 0.864
vn -0.428 -0.710 0.559
vn -0.416 -0.720 0.555
vn -0.431 -0.734 0.524
vn -0.348 -0.660 0.666
vn -0.350 -0.659 0.666
vn -0.332 -0.654 0.679
vn -0.384 -0.907 0.174
vn -0.664 -0.723 0.191
vn -0.441 -0.876 0.197
vn -0.459 -0.874 0.159
vn -0.453 -0.876 0.166
vn -0.479 -0.738 0.475
vn -0.663 -0.749 -0.004
vn -0.476 0.538 0.696
vn 0.319 0.455 0.832
vn -0.048 -0.303 0.952
vn -0.695 -0.718 0.021
vn -0.688 -0.377 0.620
vn -0.629 -0.456 0.630
vn -0.621 -0.509 0.596
vn -0.591 -0.538 0.601
vn -0.766 -0.448 0.461
vn -0.351 -0.132 0.927
vn -0.206 -0.042 0.978
vn 0.830 -0.343 0.439
vn 0.223 0.901 0.372
vn 0.107 0.514 0.851
vn 0.627 0.678 0.383
vn 0.318 0.323 0.891
vn 0.963 -0.094 0.252
vn 0.095 0.425 0.900
vn 0.515 0.857 0.012
vn 0.747 0.573 0.337
vn 0.839 -0.475 0.266
vn 0.338 -0.100 0.936
vn 0.208 -0.116 0.971
vn 0.670 -0.632 0.389
vn 0.655 -0.648 0.388
vn 0.196 -0.344 0.918
vn 0.633 -0.698 0.335
vn 0.386 -0.510 0.768
vn 0.484 -0.742 0.463
vn 0.654 -0.579 0.487
vn -0.195 -0.313 0.929
vn -0.041 -0.360 0.932
vn -0.221 -0.384 0.897
vn 0.146 -0.325 0.934
vn 0.019 -0.405 0.914
vn 0.669 0.734 0.121
vn -0.774 -0.489 0.402
vn 0.870 -0.433 0.236
vn 0.792 -0.567 0.225
vn 0.942 0.031 0.336
vn 0.268 -0.834 0.482
vn 0.688 -0.472 0.551
vn -0.484 -0.541 0.687
vn -0.552 -0.617 0.560
vn -0.725 -0.519 0.453
vn 0.914 0.406 0.000
vn 0.914 0.406 0.000
vn 0.621 0.639 0.454
vn 0.178 0.578 0.796
vn 0.114 0.547 0.829
vn 0.129 0.985 0.115
vn 0.525 0.846 0.092
vn 0.545 0.829 0.123
vn 0.174 0.979 0.104
vn 0.137 0.985 0.101
vn 0.546 0.831 0.102
vn 0.247 0.961 0.122
vn 0.416 0.903 0.107
vn 0.850 0.520 0.080
vn 0.568 0.823 0.015
vn 0.620 0.784 0.029
vn 0.850 0.520 0.080
vn 0.161 0.986 0.049
vn 0.832 0.509 0.219
vn 0.941 0.339 0.000
vn 0.924 0.383 0.000
vn 0.960 0.213 0.182
vn 0.935 0.208 0.288
vn 0.888 -0.023 0.459
vn 0.493 -0.798 0.348
vn 0.493 -0.797 0.348
vn 0.694 -0.449 0.563
vn 0.859 -0.356 0.369
vn 0.861 0.242 0.447
vn 0.975 0.128 0.179
vn 0.990 0.139 0.000
vn 0.990 0.139 0.000
vn 0.990 0.139 0.000
vn 0.924 0.383 0.000
vn 0.924 0.383 0.000
vn 0.924 0.383 0.000
vn -0.517 -0.332 0.789
vn 0.859 -0.355 0.368
vn 0.782 0.261 0.566
vn 0.781 -0.272 0.562
vn 0.267 -0.519 0.812
vn 0.297 -0.484 0.823
vn 0.330 0.934 0.136
vn 0.656 0.205 0.726
vn 0.392 0.914 0.101
vn 0.902 0.156 0.403
vn 0.899 0.123 0.420
vn 0.840 0.428 0.335
vn 0.776 -0.169 0.608
vn -0.641 -0.749 0.167
vn -0.872 -0.489 0.000
vn -0.872 -0.489 0.000
vn -0.924 -0.383 0.000
vn -0.924 -0.383 0.000
vn -0.972 -0.224 -0.070
vn -0.990 -0.142 0.000
vn -0.920 0.385 0.071
vn -0.726 -0.688 -0.010
vn -0.977 -0.213 0.000
vn -0.688 0.225 -0.690
vn -0.953 0.013 -0.303
vn -0.982 0.032 -0.188
vn -0.958 -0.151 0.243
vn 0.043 -0.449 0.892
vn -0.400 -0.599 0.694
vn -0.442 -0.454 0.774
vn -0.439 -0.285 0.852
vn -0.243 -0.948 0.204
vn -0.390 -0.902 0.186
vn -0.575 -0.815 0.068
vn -0.397 -0.898 0.189
vn -0.386 -0.900 0.202
vn -0.397 -0.901 0.175
vn -0.205 -0.966 0.160
vn -0.363 -0.911 0.193
vn -0.347 -0.914 0.209
vn -0.004 -0.843 0.538
vn -0.018 -0.863 0.504
vn -0.480 -0.829 0.285
vn -0.428 -0.883 0.193
vn -0.399 -0.599 0.694
vn -0.400 -0.599 0.694
vn -0.334 -0.691 0.642
vn -0.950 -0.286 0.121
vn -0.902 -0.231 0.364
vn -0.901 -0.227 0.371
vn -0.884 -0.288 0.368
vn -0.931 0.013 0.364
vn -0.970 -0.016 0.242
vn -0.827 -0.488 0.280
vn -0.979 0.098 0.177
vn -0.965 -0.255 0.060
vn -0.967 -0.250 0.059
vn -0.801 -0.423 -0.424
vn -0.889 -0.452 -0.078
vn -0.933 -0.357 -0.043
vn -0.834 -0.484 0.267
vn -0.824 -0.509 0.250
vn -0.241 -0.652 0.719
vn -0.206 -0.408 0.889
vn -0.179 -0.352 0.919
vn -0.680 0.155 0.717
vn -0.404 0.002 0.915
vn -0.458 -0.881 -0.118
vn -0.874 -0.363 0.323
vn -0.697 -0.147 0.702
vn -0.738 -0.646 0.194
vn -0.771 -0.614 0.169
vn -0.718 -0.679 0.157
vn -0.565 -0.822 0.074
vn -0.734 -0.672 -0.094
vn -0.450 0.378 0.809
vn -0.561 -0.713 0.422
vn -0.454 -0.778 0.434
vn -0.782 -0.566 0.263
vn -0.886 -0.464 0.007
vn -0.208 -0.959 0.194
vn -0.193 -0.927 0.322
vn -0.016 0.738 0.675
vn -0.978 0.162 0.129
vn -0.921 0.382 0.075
vn -0.987 0.125 0.103
vn -0.115 0.135 0.984
vn -0.529 -0.752 0.392
vn 0.386 0.276 0.880
vn 0.135 0.575 0.807
vn -0.148 -0.718 0.681
vn -0.407 -0.124 0.905
vn -0.131 -0.909 0.396
vn -0.050 -0.959 0.280
vn -0.090 -0.993 0.082
vn 0.002 -0.948 0.317
vn -0.035 -0.944 0.329
vn -0.054 -0.938 0.342
vn -0.222 -0.963 -0.156
vn -0.142 -0.990 -0.025
vn 0.114 -0.958 0.262
vn 0.263 -0.918 0.296
vn 0.256 -0.920 0.297
vn 0.257 -0.887 0.383
vn 0.235 -0.897 0.374
vn 0.176 -0.906 0.384
vn -0.072 -0.968 0.241
vn -0.016 -0.995 0.102
vn -0.180 -0.849 0.497
vn -0.310 -0.845 0.435
vn -0.353 -0.836 0.419
vn -0.166 -0.802 0.574
vn -0.165 -0.812 0.560
vn -0.044 -0.720 0.693
vn -0.060 -0.706 0.706
vn 0.114 0.782 0.612
vn 0.168 0.353 0.921
vn 0.199 0.324 0.925
vn -0.231 -0.919 0.320
vn 0.314 -0.869 0.381
vn 0.277 -0.859 0.430
vn -0.111 -0.076 0.991
vn 0.026 -0.978 0.208
vn 0.059 -0.025 0.998
vn -0.050 -0.946 0.319
vn -0.035 -0.979 0.200
vn 0.613 -0.617 0.494
vn 0.025 -0.978 0.207
vn 0.846 -0.509 0.160
vn 0.874 -0.426 0.232
vn 0.611 -0.735 0.295
vn 0.602 -0.369 0.708
vn 0.825 -0.343 0.449
vn 0.051 -0.014 0.999
vn 0.000 0.085 0.996
vn 0.195 0.000 0.981
vn 0.752 -0.359 0.553
vn 0.424 0.292 0.857
vn 0.331 0.257 0.908
vn 0.755 -0.584 0.299
vn 0.977 -0.207 0.053
vn 0.990 -0.072 0.119
vn 0.981 -0.042 0.187
vn 0.905 0.004 0.425
vn 0.008 0.366 0.931
vn 0.823 0.452 0.343
vn 0.372 0.189 0.909
vn 0.421 0.073 0.904
vn 0.718 -0.192 0.669
vn 0.636 -0.744 0.203
vn -0.566 -0.737 0.370
vn -0.951 0.300 0.069
vn -0.941 0.336 0.032
vn -0.944 0.329 0.022
vn -0.975 -0.220 0.027
vn -0.934 0.101 0.343
vn -0.959 -0.145 0.244
vn -0.959 0.036 0.280
vn -0.976 -0.217 0.000
vn -0.909 -0.416 0.033
vn -0.907 -0.421 0.027
vn -0.633 -0.139 0.761
vn -0.670 -0.632 0.390
vn -0.506 -0.537 0.675
vn -0.591 -0.287 0.754
vn -0.504 -0.194 0.842
vn -0.998 0.060 0.000
vn -0.998 0.060 0.000
vn -0.983 -0.017 0.185
vn -0.617 -0.143 0.774
vn -0.440 -0.074 0.895
vn -0.477 -0.090 0.874
vn -0.803 -0.595 0.032
vn -0.973 -0.210 0.098
vn -0.986 -0.167 0.002
vn -0.972 -0.232 -0.026
vn -0.998 -0.044 -0.040
vn -1.000 -0.021 -0.003
vn -0.876 -0.076 0.476
vn -0.900 -0.087 0.427
vn -0.993 -0.121 0.001
vn -0.974 -0.225 -0.026
vn -0.687 -0.506 0.521
vn -0.716 -0.319 0.621
vn -0.097 -0.995 0.004
vn -0.673 -0.716 0.186
vn -0.863 -0.503 -0.049
vn -0.814 -0.558 0.160
vn -0.759 -0.645 -0.094
vn -0.894 -0.447 0.024
vn -0.880 -0.474 -0.024
vn -0.652 -0.757 0.032
vn -0.976 0.210 -0.054
vn -0.991 -0.130 -0.027
vn -0.653 -0.735 0.183
vn -0.722 -0.692 -0.010
vn -0.908 -0.376 -0.182
vn -0.902 -0.399 -0.164
vn -0.976 -0.128 -0.178
vn -0.959 -0.270 -0.085
vn -0.111 -0.956 0.271
vn -0.077 -0.958 0.275
vn -0.541 -0.708 0.454
vn -0.893 0.395 0.213
vn -0.852 0.339 0.399
vn -0.895 -0.070 0.440
vn -0.808 -0.051 0.587
vn -0.783 -0.252 0.568
vn -0.860 -0.262 0.439
vn -0.822 -0.384 0.420
vn -0.511 -0.640 0.573
vn 0.312 -0.927 0.207
vn 0.198 -0.441 0.875
vn 0.315 0.045 0.948
vn 0.736 0.520 0.433
vn 0.749 0.175 0.640
vn 0.473 -0.625 0.621
vn 0.661 -0.687 0.303
vn -0.064 -0.989 0.136
vn 0.633 -0.709 0.310
vn 0.736 -0.592 0.327
vn -0.855 -0.261 0.448
vn -0.854 -0.260 0.450
vn -0.962 -0.097 -0.256
vn -0.875 -0.302 0.379
vn -0.412 -0.218 0.885
vn -0.684 -0.543 0.487
vn -0.725 -0.564 0.395
vn -0.626 -0.063 0.777
vn -0.882 0.037 0.470
vn -0.813 -0.575 -0.093
vn -0.104 -0.988 0.115
vn -0.104 -0.988 0.115
vn -0.103 -0.995 -0.001
vn -0.356 -0.925 0.133
vn 0.042 -0.924 -0.381
vn -0.809 -0.577 -0.114
vn -0.768 -0.631 -0.106
vn -0.771 -0.623 -0.131
vn -0.799 -0.379 0.466
vn -0.796 -0.365 0.484
vn -0.912 -0.410 -0.026
vn -0.816 -0.567 0.116
vn -0.887 -0.461 -0.017
vn -0.974 -0.225 -0.036
vn -0.975 -0.220 -0.039
vn -0.976 -0.215 -0.015
vn -0.338 0.465 0.818
vn -0.990 0.140 0.000
vn -0.990 0.140 0.000
vn -0.990 0.140 0.000
vn -0.987 0.160 0.000
vn -0.819 -0.566 0.092
vn -0.773 -0.555 0.308
vn -0.803 -0.554 0.217
vn 0.131 -0.961 0.243
vn 0.305 -0.632 0.713
vn 0.399 -0.600 0.694
vn 0.398 -0.599 0.695
vn 0.729 0.312 0.610
vn 0.869 -0.304 0.389
vn 0.400 -0.600 0.693
vn 0.423 -0.885 0.193
vn 0.423 -0.885 0.194
vn 0.425 -0.885 0.191
vn 0.427 -0.884 0.190
vn 0.394 -0.895 0.208
vn 0.393 -0.896 0.208
vn 0.829 -0.368 0.421
vn 0.049 -0.410 0.911
vn 0.091 -0.840 0.535
vn 0.091 -0.841 0.534
vn 0.104 -0.852 0.514
vn 0.077 -0.839 0.539
vn 0.029 -0.968 0.250
vn 0.116 -0.929 0.350
vn 0.117 -0.930 0.348
vn 0.233 -0.957 0.170
vn 0.242 -0.948 0.207
vn 0.248 -0.945 0.214
vn 0.133 -0.951 0.280
vn 0.203 -0.928 0.313
vn 0.384 -0.899 0.210
vn 0.424 -0.885 0.195
vn -0.986 -0.123 0.111
vn -0.461 -0.702 0.543
vn -0.579 -0.690 0.435
vn -0.364 -0.859 0.360
vn -0.430 -0.846 0.315
vn -0.552 0.696 0.459
vn -0.572 0.757 0.317
vn -0.814 0.400 0.422
vn -0.928 0.226 0.297
vn -0.931 -0.250 0.266
vn -0.858 -0.362 0.364
vn -0.967 -0.225 0.123
vn -0.426 -0.883 0.196
vn -0.243 0.306 0.921
vn 0.100 -0.854 0.510
vn 0.106 -0.860 0.500
vn -0.388 0.287 0.876
vn -0.434 -0.711 0.554
vn -0.059 -0.950 0.306
vn -0.246 -0.923 0.295
vn -0.053 -0.975 0.218
vn -0.084 -0.950 0.300
vn -0.304 -0.929 0.212
vn -0.442 -0.876 0.193
vn -0.426 -0.883 0.197
vn -0.731 0.339 0.592
vn -0.982 0.154 0.110
vn -0.500 0.459 0.734
vn -0.082 -0.970 0.230
vn -0.091 -0.969 0.232
vn 0.371 -0.589 0.718
vn 0.431 -0.169 0.886
vn 0.092 0.086 0.992
vn 0.075 0.112 0.991
vn 0.137 -0.254 0.957
vn 0.626 0.176 0.760
vn 0.611 -0.547 0.572
vn 0.457 -0.870 0.184
vn 0.627 -0.484 0.610
vn 0.617 -0.495 0.612
vn 0.566 -0.365 0.739
vn 0.407 -0.275 0.871
vn 0.731 -0.678 0.076
vn 0.720 -0.684 0.118
vn 0.710 -0.679 0.187
vn 0.712 -0.653 0.259
vn 0.732 -0.624 0.273
vn 0.651 -0.635 0.416
vn 0.782 -0.468 0.413
vn 0.249 -0.226 0.942
vn 0.199 -0.045 0.979
vn 0.304 -0.103 0.947
vn 0.417 -0.720 0.555
vn 0.348 -0.660 0.666
vn 0.332 -0.655 0.679
vn 0.657 -0.734 0.172
vn 0.481 -0.854 0.196
vn 0.460 -0.874 0.157
vn 0.538 -0.836 0.110
vn 0.414 -0.100 0.905
vn 0.581 -0.653 0.486
vn 0.536 -0.827 0.171
vn 0.479 -0.738 0.476
vn 0.662 -0.749 -0.003
vn 0.662 -0.749 -0.001
vn 0.654 0.443 0.614
vn 0.477 0.538 0.695
vn 0.626 0.311 0.715
vn 0.063 -0.330 0.942
vn 0.048 -0.303 0.952
vn 0.695 -0.718 0.021
vn 0.688 -0.377 0.620
vn 0.766 -0.448 0.461
vn 0.351 -0.132 0.927
vn -0.848 0.510 0.145
vn -0.850 -0.283 0.443
vn -0.107 0.514 0.851
vn -0.223 0.901 0.372
vn -0.637 0.639 0.431
vn -0.277 0.243 0.930
vn -0.963 -0.094 0.252
vn -0.110 0.468 0.877
vn -0.515 0.857 0.012
vn -0.515 0.857 0.014
vn -0.748 0.572 0.337
vn -0.845 -0.468 0.259
vn -0.338 -0.100 0.936
vn -0.246 -0.120 0.962
vn -0.039 -0.008 0.999
vn -0.386 -0.754 0.532
vn -0.716 -0.511 0.476
vn -0.670 -0.632 0.389
vn -0.201 -0.339 0.919
vn -0.197 -0.343 0.918
vn -0.597 -0.740 0.310
vn -0.600 -0.727 0.333
vn -0.633 -0.698 0.336
vn -0.382 -0.524 0.761
vn -0.655 -0.578 0.487
vn 0.195 -0.313 0.929
vn 0.221 -0.385 0.896
vn 0.774 -0.489 0.402
vn 0.783 -0.472 0.405
vn 0.245 -0.949 0.201
vn -0.007 -0.883 0.469
vn -0.792 -0.567 0.225
vn -0.268 -0.834 0.482
vn -0.688 -0.472 0.551
vn 0.858 -0.339 0.385
vn 0.552 -0.617 0.560
vn 0.724 -0.519 0.453
vn 0.484 -0.681 0.549
vn 0.567 -0.636 0.523
vn -0.914 0.406 0.000
vn -0.914 0.406 0.000
vn -0.622 0.639 0.453
vn -0.114 0.547 0.829
vn -0.178 0.578 0.796
vn -0.129 0.989 0.078
vn -0.130 0.986 0.107
vn -0.165 0.986 -0.005
vn -0.545 0.830 0.123
vn -0.525 0.846 0.093
vn -0.513 0.853 0.095
vn -0.145 0.984 0.101
vn -0.138 0.985 0.101
vn -0.583 0.810 0.063
vn -0.571 0.821 0.008
vn -0.316 0.941 0.120
vn -0.247 0.961 0.122
vn -0.127 0.987 0.104
vn -0.602 0.798 0.034
vn -0.950 0.310 0.031
vn -0.619 0.785 0.029
vn -0.850 0.520 0.080
vn -0.161 0.986 0.049
vn -0.405 0.914 0.000
vn -0.405 0.914 0.000
vn -0.722 0.618 0.310
vn -0.723 0.618 0.309
vn -0.596 0.558 0.578
vn -0.832 0.509 0.219
vn -0.941 0.339 0.000
vn -0.991 0.131 0.000
vn -0.960 0.213 0.182
vn -0.858 0.248 0.450
vn -0.888 -0.024 0.459
vn -0.841 -0.231 0.490
vn -0.736 -0.393 0.551
vn -0.706 -0.418 0.572
vn -0.880 -0.148 0.451
vn -0.860 -0.354 0.368
vn -0.860 -0.354 0.368
vn -0.861 0.242 0.447
vn -0.860 0.250 0.445
vn -0.975 0.129 0.180
vn -0.924 0.383 0.000
vn -0.924 0.383 0.000
vn -0.924 0.383 0.000
vn -0.924 0.383 0.000
vn 0.728 0.314 0.609
vn -0.859 -0.356 0.369
vn -0.118 0.541 0.833
vn -0.753 -0.199 0.627
vn -0.267 -0.520 0.812
vn -0.552 0.672 0.493
vn -0.653 0.189 0.734
vn -0.656 0.204 0.727
vn -0.577 -0.312 0.755
vn -0.899 0.122 0.421
vn -0.815 -0.363 0.452
vn -0.777 -0.166 0.607
vn -0.839 0.428 0.335
vn -0.028 0.029 0.999
vn 0.641 -0.749 0.167
vn 0.872 -0.489 0.000
vn 0.872 -0.489 0.000
vn 0.990 -0.143 0.000
vn 0.972 -0.224 -0.070
vn 0.946 0.302 0.115
vn 0.920 0.386 0.069
vn 0.726 -0.688 -0.010
vn 0.978 -0.207 0.026
vn 0.817 -0.328 -0.474
vn 0.953 0.012 -0.302
vn 0.992 0.024 0.126
vn 0.982 0.032 -0.188
vn 0.967 -0.048 -0.250
vn 0.958 -0.151 0.243
vn 0.862 -0.150 0.485
vn 0.033 -0.680 0.733
vn 0.400 -0.599 0.694
vn 0.000 0.000 1.000
vn 0.000 0.000 1.000
vn -0.058 0.117 0.991
vn 0.179 -0.943 0.280
vn 0.255 -0.916 0.309
vn 0.442 -0.454 0.774
vn 0.428 -0.883 0.194
vn 0.391 -0.901 0.188
vn 0.398 -0.898 0.185
vn 0.396 -0.898 0.190
vn 0.397 -0.901 0.175
vn 0.204 -0.966 0.160
vn 0.347 -0.914 0.209
vn 0.364 -0.911 0.193
vn 0.285 0.454 0.844
vn 0.018 -0.863 0.504
vn 0.141 -0.866 0.480
vn 0.000 0.000 -1.000
vn 0.000 0.000 -1.000
vn 0.000 0.000 -1.000
vn 0.000 0.000 -1.000
vn 0.000 0.000 -1.000
vn 0.000 0.000 -1.000
vn 0.000 0.000 -1.000
vn 0.000 0.000 -1.000
vn 0.000 0.000 -1.000
vn 0.000 0.000 -1.000
vn 0.000 0.000 -1.000
vn 0.000 0.000 -1.000
vn 0.000 0.000 -1.000
vn 0.000 0.000 -1.000
vn 0.000 0.000 -1.000
vn 0.000 0.000 -1.000
vn 0.000 0.000 -1.000
vn 0.000 0.000 -1.000
vn 0.000 0.000 -1.000
vn 0.000 0.000 -1.000
vn 0.000 0.000 -1.000
vn 0.000 0.000 -1.000
vn 0.000 0.000 -1.000
vn 0.000 0.000 -1.000
vn 0.000 0.000 -1.000
vn 0.000 0.000 -1.000
vn 0.000 0.000 -1.000
vn 0.000 0.000 -1.000
vn 0.000 0.000 -1.000
vn 0.000 0.000 -1.000
vn 0.000 0.000 -1.000
vn 0.000 0.000 -1.000
vn 0.000 0.000 -1.000
vn 0.000 0.000 -1.000
vn 0.000 0.000 -1.000
vn 0.000 0.000 -1.000
vn 0.000 0.000 -1.000
vn 0.000 0.000 -1.000
vn 0.000 0.000 -1.000
vn 0.000 0.000 -1.000
vn 0.000 0.000 -1.000
vn 0.000 0.000 -1.000
vn 0.000 0.000 -1.000
vn 0.000 0.000 -1.000
vn 0.000 0.000 -1.000
vn 0.000 0.000 -1.000
vn 0.000 0.000 -1.000
vn 0.000 0.000 -1.000
vn 0.000 0.000 -1.000
vn 0.000 0.000 -1.000
vn 0.000 0.000 -1.000
vn 0.000 0.000 -1.000
vn 0.000 0.000 -1.000
vn 0.000 0.000 -1.000
vn 0.000 0.000 -1.000
vn 0.000 0.000 -1.000
vn 0.000 0.000 -1.000
vn 0.000 0.000 -1.000
vn 0.000 0.000 -1.000
vn 0.000 0.000 -1.000
vn 0.000 0.000 -1.000
vn 0.000 0.000 -1.000
vn 0.000 0.000 -1.000
vn 0.000 0.000 -1.000
vn 0.000 0.000 -1.000
vn 0.000 0.000 -1.000
vn 0.000 0.000 -1.000
vn 0.000 0.000 -1.000
vn 0.000 0.000 -1.000
vn 0.000 0.000 -1.000
vn 0.000 0.000 -1.000
vn 0.000 0.000 -1.000
vn 0.000 0.000 -1.000
vn 0.000 0.000 -1.000
vn 0.000 0.000 -1.000
vn 0.000 0.000 -1.000
vn 0.000 0.000 -1.000
vn 0.000 0.000 -1.000
vn 0.000 0.000 -1.000
vn 0.000 0.000 -1.000
vn 0.000 0.000 -1.000
vn 0.000 0.000 -1.000
vn 0.000 0.000 -1.000
vn 0.000 0.000 -1.000
vn 0.000 0.000 -1.000
vn 0.000 0.000 -1.000
vn 0.000 0.000 -1.000
vn 0.000 0.000 -1.000
vn 0.000 0.000 -1.000
vn 0.000 0.000 -1.000
vn 0.000 0.000 -1.000
vn 0.000 0.000 -1.000
vn 0.000 0.000 -1.000
vn 0.000 0.000 -1.000
vn 0.000 0.000 -1.000
vn 0.000 0.000 -1.000
vn 0.000 0.000 -1.000
vn 0.000 0.000 -1.000
vn 0.000 0.000 -1.000
vn 0.000 0.000 -1.000
vn 0.000 0.000 -1.000
vn 0.000 0.000 -1.000
vn 0.000 0.000 -1.000
vn 0.000 0.000 -1.000
vn 0.000 0.000 -1.000
vn 0.000 0.000 -1.000
vn 0.000 0.000 -1.000
vn 0.000 0.000 -1.000
vn 0.000 0.000 -1.000
vn 0.000 0.000 -1.000
vn 0.000 0.000 -1.000
vn 0.000 0.000 -1.000
vn 0.000 0.000 -1.000
vn 0.000 0.000 -1.000
vn 0.000 0.000 -1.000
vn 0.000 0.000 -1.000
vn 0.000 0.000 -1.000
vn 0.000 0.000 -1.000
vn 0.000 0.000 -1.000
vn 0.000 0.000 -1.000
vn 0.000 0.000 -1.000
vn 0.000 0.000 -1.000
vn 0.000 0.000 -1.000
vn 0.000 0.000 -1.000
vn 0.481 -0.829 0.286
vn 0.428 -0.883 0.193
vn 0.416 -0.597 0.686
vn 0.399 -0.599 0.694
vn 0.400 -0.598 0.695
vn 0.333 -0.691 0.642
vn 0.334 -0.690 0.642
vn 0.902 -0.230 0.365
vn 0.879 -0.286 0.381
vn 0.931 0.012 0.364
vn 0.979 0.100 0.176
vn 0.965 -0.255 0.060
vn 0.715 -0.232 -0.659
vn 0.753 -0.406 -0.517
vn 0.625 -0.668 -0.404
vn 0.934 -0.356 -0.043
vn 0.888 -0.453 -0.078
vn 0.823 -0.510 0.250
vn 0.818 -0.574 -0.033
vn 0.729 -0.436 0.527
vn 0.250 -0.407 0.879
vn 0.404 0.002 0.915
vn 0.458 -0.881 -0.118
vn 0.473 -0.864 -0.171
vn 0.780 -0.532 0.330
vn 0.874 -0.361 0.324
vn 0.603 -0.313 0.734
vn 0.738 -0.647 0.193
vn 0.771 -0.614 0.169
vn 0.794 -0.608 -0.027
vn 0.565 -0.821 0.074
vn 0.506 -0.849 -0.152
vn 0.439 -0.890 -0.127
vn 0.734 -0.673 -0.093
vn 0.454 -0.778 0.434
vn 0.561 -0.713 0.422
vn 0.566 -0.800 0.197
vn 0.653 -0.368 0.662
vn 0.714 -0.681 0.165
vn 0.352 -0.712 0.607
vn 0.978 0.162 0.129
vn 0.921 0.382 0.075
vn 0.987 0.125 0.103
vn 0.114 0.135 0.984
vn 0.118 -0.114 0.986
vn 0.530 -0.752 0.392
vn 0.067 -0.680 0.730
vn -0.249 0.233 0.940
vn -0.387 0.277 0.880
vn -0.135 0.575 0.807
vn -0.291 0.352 0.890
vn -0.447 0.417 0.791
vn -0.116 -0.867 0.484
vn -0.040 -0.929 0.369
vn -0.141 -0.880 0.453
vn 0.148 -0.717 0.681
vn 0.407 -0.125 0.905
vn 0.131 -0.909 0.396
vn -0.013 -0.960 0.279
vn 0.090 -0.993 0.082
vn 0.019 -0.993 0.118
vn -0.011 -0.990 0.142
vn -0.002 -0.948 0.317
vn 0.240 -0.959 -0.151
vn 0.222 -0.962 -0.156
vn 0.129 -0.991 -0.027
vn 0.074 -0.951 0.301
vn -0.012 -0.964 0.267
vn -0.114 -0.958 0.262
vn 0.122 0.553 0.824
vn -0.277 -0.904 0.326
vn -0.263 -0.918 0.296
vn -0.404 -0.821 0.403
vn -0.175 -0.906 0.384
vn 0.417 -0.853 0.316
vn 0.072 -0.968 0.241
vn 0.016 -0.995 0.102
vn 0.141 -0.956 0.257
vn 0.098 -0.954 0.285
vn 0.179 -0.849 0.496
vn 0.299 -0.837 0.459
vn 0.310 -0.846 0.434
vn 0.368 -0.847 0.384
vn 0.060 -0.706 0.705
vn 0.036 -0.652 0.757
vn 0.047 -0.701 0.711
vn -0.123 -0.897 0.424
vn -0.059 0.758 0.649
vn -0.373 0.442 0.816
vn -0.168 0.353 0.920
vn -0.199 0.324 0.925
vn 0.230 -0.919 0.320
vn 0.217 -0.923 0.319
vn -0.267 -0.940 0.212
vn 0.083 -0.979 0.185
vn -0.091 0.335 0.938
vn 0.111 -0.076 0.991
vn -0.026 -0.978 0.208
vn 0.035 -0.979 0.201
vn 0.050 -0.946 0.319
vn 0.026 -0.399 0.917
vn 0.014 -0.373 0.928
vn -0.667 -0.556 0.495
vn -0.025 -0.978 0.207
vn -0.844 -0.512 0.161
vn -0.873 -0.428 0.233
vn -0.610 -0.736 0.295
vn -0.630 -0.719 0.295
vn -0.057 -0.989 0.135
vn 0.035 -0.992 0.120
vn -0.825 -0.343 0.449
vn -0.051 -0.014 0.999
vn -0.798 -0.293 0.527
vn -0.978 -0.203 0.051
vn -0.753 -0.585 0.300
vn -0.990 -0.074 0.121
vn -0.986 -0.094 0.137
vn -0.888 0.163 0.429
vn -0.167 0.314 0.935
vn -0.008 0.366 0.931
vn -0.011 0.370 0.929
vn -0.756 0.141 0.639
vn -0.823 0.452 0.343
vn -0.420 0.074 0.904
vn 0.578 -0.723 0.379
vn 0.951 0.300 0.069
vn 0.942 0.335 0.031
vn 0.944 0.329 0.023
vn 0.975 -0.219 0.025
vn 0.998 0.060 0.000
vn 0.998 0.060 0.000
vn 0.971 0.039 0.238
vn 0.959 0.037 0.282
vn 0.945 0.089 0.315
vn 0.906 -0.423 0.025
vn 0.907 -0.420 0.029
vn 0.670 -0.631 0.390
vn 0.465 -0.365 0.807
vn 0.983 -0.016 0.183
vn 0.617 -0.142 0.774
vn 0.566 0.264 0.781
vn 0.972 -0.212 0.098
vn 0.803 -0.595 0.032
vn 0.878 -0.478 -0.006
vn 1.000 -0.021 -0.003
vn 0.874 -0.076 0.480
vn 0.993 -0.120 0.001
vn 0.436 -0.088 0.896
vn 0.687 -0.506 0.521
vn 0.095 -0.995 0.004
vn 0.630 -0.770 0.103
vn 0.057 -0.991 0.124
vn 0.632 -0.773 0.061
vn 0.871 -0.492 -0.006
vn 0.673 -0.716 0.186
vn 0.683 -0.724 -0.096
vn 0.814 -0.558 0.161
vn 0.566 -0.823 0.056
vn 0.661 -0.749 0.047
vn 0.781 -0.624 0.024
vn 0.880 -0.474 -0.026
vn 0.652 -0.757 0.032
vn 0.989 -0.138 -0.054
vn 0.917 -0.398 0.025
vn 0.653 -0.735 0.183
vn 0.722 -0.692 0.029
vn 0.908 -0.376 -0.182
vn 0.959 -0.270 -0.085
vn 0.976 -0.129 -0.178
vn 0.947 0.310 -0.083
vn 0.077 -0.958 0.275
vn 0.363 -0.887 0.285
vn 0.873 -0.266 0.408
vn 0.852 0.339 0.399
vn 0.893 0.395 0.214
vn 0.895 -0.070 0.440
vn 0.860 -0.262 0.438
vn 0.783 -0.252 0.568
vn 0.823 -0.384 0.419
vn -0.311 -0.928 0.207
vn -0.198 -0.441 0.875
vn -0.210 -0.428 0.879
vn -0.315 0.045 0.948
vn -0.737 0.520 0.432
vn -0.653 0.347 0.673
vn 0.854 -0.261 0.450
vn 0.856 -0.261 0.446
vn 0.908 -0.418 0.033
vn 0.412 -0.217 0.885
vn 0.685 -0.544 0.486
vn 0.725 -0.565 0.394
vn 0.625 -0.060 0.778
vn 0.484 -0.077 0.872
vn 0.084 -0.698 0.711
vn 0.104 -0.988 0.115
vn 0.021 -0.991 0.131
vn 0.377 -0.926 0.008
vn -0.042 -0.924 -0.381
vn 0.771 -0.623 -0.131
vn 0.768 -0.631 -0.106
vn 0.808 -0.578 -0.116
vn 0.838 -0.527 -0.143
vn 0.799 -0.381 0.464
vn 0.912 -0.410 -0.028
vn 0.924 -0.383 -0.001
vn 0.888 -0.460 -0.018
vn 0.974 -0.224 -0.035
vn -0.107 -0.992 0.072
vn -0.089 -0.996 -0.030
vn 0.990 -0.111 -0.090
vn 0.997 -0.081 -0.011
vn 0.997 -0.071 -0.011
vn 0.107 0.002 0.994
vn 0.024 0.030 0.999
vn -0.085 -0.996 -0.035
vn 0.030 0.067 -0.997
vn 0.031 0.070 -0.997
vn 0.995 -0.099 -0.029
vn 0.995 -0.099 -0.029
vn 0.693 -0.124 0.710
vn 0.693 -0.117 0.711
vn -0.038 -0.999 0.038
vn -0.039 -0.999 0.039
vn -0.039 -0.999 0.039
vn 0.637 -0.766 -0.085
vn 0.421 -0.813 0.402
vn 0.590 -0.686 0.426
vn 0.047 -0.700 0.712
vn 0.050 -0.689 0.723
vn 0.018 -0.070 0.997
vn 0.089 -0.996 -0.030
vn -0.997 -0.081 -0.011
vn -0.997 -0.071 -0.011
vn -0.771 -0.042 0.635
vn -0.107 0.013 0.994
vn -0.030 0.007 1.000
vn -0.024 0.030 0.999
vn 0.045 -0.753 0.656
vn 0.049 -0.732 0.680
vn 0.040 -0.999 0.019
vn 0.005 -0.667 -0.745
vn 0.003 -0.678 -0.735
vn -0.030 0.067 -0.997
vn -0.995 -0.099 -0.029
vn -0.693 -0.117 0.711
vn 0.038 -0.999 0.038
vn 0.039 -0.999 0.038
vn -0.624 -0.777 -0.084
vn -0.804 -0.595 0.020
vn -0.423 -0.812 0.402
vn -0.047 -0.700 0.713
vn -0.026 -0.067 0.997
vn -0.018 -0.070 0.997
vn 0.449 0.859 0.245
vn 0.465 0.853 0.239
vn 0.771 0.562 0.299
vn 0.747 0.587 0.312
vn 0.868 0.428 0.253
vn 0.860 0.437 0.266
vn 0.924 0.260 0.280
vn 0.939 0.207 0.274
vn 0.739 -0.552 0.385
vn 0.739 -0.553 0.386
vn 0.533 -0.730 0.427
vn 0.807 -0.414 0.421
vn 0.338 0.465 0.818
vn 0.568 0.823 0.015
vn 0.850 0.520 0.080
vn 0.991 0.131 0.000
vn 0.987 0.160 -0.006
vn 0.977 0.211 0.002
vn 0.568 0.814 0.121
vn 0.474 0.870 0.139
vn 0.852 0.521 0.056
vn 0.784 0.616 0.074
vn 0.911 0.377 0.167
vn 0.884 0.449 0.133
vn 0.975 0.129 0.179
vn 0.772 -0.555 0.308
vn -0.244 0.381 0.892
vn -0.091 -0.891 0.446
vn -0.468 -0.736 0.490
vn -0.131 -0.961 0.243
vn -0.399 -0.600 0.694
vn -0.398 -0.599 0.695
vn -0.425 -0.885 0.191
vn -0.828 -0.369 0.421
vn -0.049 -0.410 0.911
vn -0.048 -0.410 0.911
vn -0.025 -0.821 0.570
vn -0.029 -0.968 0.250
vn -0.116 -0.951 0.288
vn -0.335 -0.915 0.224
vn -0.248 -0.945 0.214
vn -0.242 -0.948 0.207
vn -0.204 -0.928 0.313
vn 0.986 -0.123 0.111
vn 0.819 -0.566 0.092
vn 0.461 -0.702 0.543
vn 0.202 -0.911 0.360
vn 0.423 -0.823 0.379
vn 0.364 -0.859 0.360
vn 0.552 0.696 0.460
vn 0.813 0.400 0.422
vn 0.821 -0.521 0.234
vn 0.427 -0.883 0.196
vn 0.429 -0.882 0.195
vn 0.297 0.360 0.884
vn -0.106 -0.860 0.500
vn 0.118 -0.711 0.694
vn 0.178 -0.724 0.666
vn 0.329 0.276 0.903
vn 0.434 -0.711 0.554
vn 0.246 -0.923 0.295
vn 0.058 -0.950 0.306
vn 0.053 -0.975 0.218
vn 0.442 -0.876 0.193
vn 0.730 0.339 0.593
vn 0.982 0.154 0.110
vn 0.500 0.459 0.734
vn 0.429 -0.882 0.195
vn -0.307 -0.624 0.719
vn -0.092 0.086 0.992
vn -0.137 -0.254 0.957
vn -0.209 -0.323 0.923
vn -0.436 -0.830 0.348
vn -0.625 -0.486 0.611
vn -0.441 -0.312 0.842
vn -0.566 -0.365 0.739
vn -0.409 -0.277 0.870
vn -0.424 -0.281 0.861
vn -0.706 -0.704 0.077
vn -0.716 -0.687 0.122
vn -0.719 -0.685 0.119
vn -0.709 -0.680 0.188
vn -0.683 -0.679 0.267
vn -0.732 -0.624 0.273
vn -0.669 -0.650 0.360
vn -0.649 -0.637 0.416
vn -0.826 -0.405 0.392
vn -0.249 -0.226 0.942
vn -0.304 -0.103 0.947
vn -0.198 -0.045 0.979
vn -0.352 -0.362 0.863
vn -0.408 -0.714 0.569
vn -0.412 -0.721 0.558
vn -0.494 -0.715 0.495
vn -0.335 -0.651 0.681
vn -0.657 -0.734 0.172
vn -0.502 -0.850 0.162
vn -0.481 -0.855 0.196
vn -0.545 -0.832 0.103
vn -0.537 -0.836 0.111
vn -0.494 -0.843 0.215
vn -0.417 -0.107 0.903
vn -0.581 -0.653 0.486
vn -0.559 -0.825 0.079
vn -0.510 -0.856 0.083
vn -0.535 -0.827 0.171
vn -0.479 -0.860 0.176
vn -0.462 -0.727 0.508
vn -0.663 -0.748 0.000
vn -0.655 0.442 0.613
vn -0.627 0.311 0.714
vn -0.063 -0.330 0.942
vn -0.768 -0.446 0.461
vn -0.408 -0.122 0.905
vn -0.513 0.036 0.858
vn 0.093 0.945 0.313
vn 0.113 0.938 0.328
vn 0.738 0.627 0.250
vn 0.662 0.709 0.242
vn 0.848 0.509 0.145
vn 0.850 0.506 0.146
vn 0.360 0.931 0.051
vn 0.490 0.864 0.112
vn 0.583 0.786 0.208
vn 0.148 0.980 0.135
vn 0.749 -0.201 0.632
vn 0.790 -0.439 0.429
vn 0.194 0.000 0.981
vn 0.637 0.639 0.431
vn 0.277 0.243 0.930
vn 0.973 0.016 0.229
vn 0.110 0.468 0.877
vn 0.515 0.857 0.013
vn 0.839 -0.484 0.247
vn 0.839 -0.485 0.246
vn 0.845 -0.468 0.259
vn 0.246 -0.120 0.962
vn 0.089 -0.024 0.996
vn -0.050 -0.107 0.993
vn 0.039 -0.008 0.999
vn 0.028 0.029 0.999
vn 0.215 -0.089 0.973
vn 0.717 -0.510 0.476
vn 0.385 -0.754 0.532
vn 0.201 -0.339 0.919
vn 0.615 -0.728 0.301
vn 0.599 -0.739 0.309
vn 0.602 -0.726 0.333
vn 0.382 -0.524 0.761
vn -0.192 -0.239 0.952
vn -0.030 -0.340 0.940
vn -0.151 -0.320 0.935
vn -0.783 -0.472 0.405
vn -0.624 -0.781 0.000
vn -0.989 0.126 -0.075
vn -0.869 0.494 0.031
vn -0.861 0.506 0.047
vn -0.988 0.044 0.146
vn -0.946 0.303 0.115
vn -0.969 -0.247 0.026
vn -0.939 -0.286 0.189
vn -0.939 -0.284 0.192
vn -0.978 -0.207 0.026
vn -0.817 -0.328 -0.475
vn -0.992 0.025 0.125
vn -0.967 -0.047 -0.250
vn -0.957 -0.148 0.248
vn -0.862 -0.149 0.485
vn -0.033 -0.680 0.733
vn -0.379 -0.689 0.617
vn -0.380 0.376 0.845
vn 0.058 0.117 0.991
vn -0.179 -0.943 0.280
vn -0.334 -0.877 0.346
vn -0.255 -0.916 0.309
vn -0.378 -0.472 0.797
vn -0.427 -0.884 0.192
vn -0.428 -0.883 0.194
vn -0.527 -0.753 0.395
vn -0.348 -0.916 0.201
vn -0.401 -0.899 0.179
vn -0.397 -0.898 0.188
vn -0.398 -0.898 0.186
vn -0.196 -0.969 0.151
vn -0.245 0.438 0.865
vn -0.285 0.454 0.844
vn -0.019 -0.863 0.504
vn -0.093 -0.884 0.457
vn -0.140 -0.866 0.480
vn -0.201 -0.923 0.327
vn -0.418 -0.597 0.685
vn -0.417 -0.597 0.686
vn -0.400 -0.599 0.693
vn -0.398 -0.598 0.695
vn -0.400 -0.600 0.693
vn -0.334 -0.690 0.642
vn -0.334 -0.691 0.642
vn -0.875 -0.196 0.442
vn -0.879 -0.286 0.381
vn -0.966 -0.242 0.091
vn -0.976 0.006 0.217
vn -0.754 -0.405 -0.518
vn -0.715 -0.233 -0.659
vn -0.624 -0.669 -0.404
vn -0.819 -0.573 -0.033
vn -0.730 -0.435 0.527
vn -0.721 -0.448 0.529
vn -0.203 -0.411 0.889
vn -0.249 -0.406 0.879
vn -0.232 -0.313 0.921
vn -0.530 0.265 0.806
vn -0.489 -0.024 0.872
vn -0.473 -0.865 -0.170
vn -0.781 -0.531 0.330
vn -0.603 -0.312 0.734
vn -0.591 -0.153 0.792
vn -0.794 -0.608 -0.026
vn -0.860 -0.511 0.010
vn -0.683 -0.720 0.125
vn -0.438 -0.890 -0.126
vn -0.508 -0.848 -0.153
vn -0.516 0.342 0.785
vn -0.566 -0.800 0.197
vn -0.360 -0.901 0.241
vn -0.654 -0.368 0.661
vn -0.740 -0.654 0.155
vn -0.714 -0.680 0.165
vn -0.352 -0.712 0.607
vn -0.641 -0.749 0.166
vn -0.580 -0.733 0.355
vn -0.965 0.075 0.252
vn -0.118 -0.115 0.986
vn 0.407 -0.451 0.795
vn 0.236 -0.411 0.880
vn -0.045 -0.689 0.724
vn -0.067 -0.680 0.730
vn 0.249 0.233 0.940
vn -0.048 0.533 0.844
vn 0.447 0.417 0.792
vn 0.291 0.352 0.889
vn 0.116 -0.867 0.484
vn 0.140 -0.881 0.453
vn 0.040 -0.929 0.369
vn -0.240 -0.574 0.783
vn -0.238 -0.625 0.744
vn -0.104 -0.921 0.376
vn -0.249 -0.926 0.283
vn -0.249 -0.926 0.283
vn 0.013 -0.960 0.279
vn 0.012 -0.990 0.142
vn -0.019 -0.993 0.118
vn -0.250 -0.954 -0.168
vn -0.240 -0.959 -0.150
vn -0.101 -0.992 0.069
vn -0.129 -0.991 -0.027
vn -0.054 -0.952 0.302
vn -0.074 -0.951 0.301
vn 0.012 -0.964 0.267
vn 0.184 0.564 0.805
vn -0.123 0.553 0.824
vn 0.277 -0.904 0.326
vn 0.295 -0.900 0.322
vn 0.376 -0.833 0.405
vn 0.408 -0.819 0.402
vn 0.129 -0.881 0.456
vn -0.417 -0.853 0.315
vn -0.270 -0.944 0.187
vn -0.098 -0.954 0.285
vn -0.140 -0.956 0.257
vn -0.299 -0.836 0.460
vn -0.369 -0.847 0.382
vn -0.050 -0.657 0.752
vn -0.036 -0.652 0.757
vn -0.047 -0.701 0.711
vn 0.150 -0.893 0.423
vn 0.124 -0.897 0.424
vn 0.059 0.758 0.649
vn 0.373 0.442 0.816
vn 0.193 0.300 0.934
vn -0.217 -0.923 0.319
vn -0.016 -0.863 0.506
vn -0.083 -0.979 0.185
vn 0.267 -0.940 0.212
vn -0.018 -0.976 0.216
vn 0.146 -0.961 0.235
vn 0.091 0.335 0.938
vn -0.532 -0.769 0.353
vn -0.652 -0.685 0.325
vn -0.993 -0.077 0.094
vn -0.928 -0.257 0.271
vn 0.051 -0.014 0.999
vn -0.014 -0.373 0.928
vn -0.026 -0.399 0.917
vn 0.667 -0.557 0.495
vn 0.075 -0.992 0.102
vn 0.088 -0.990 0.108
vn 0.629 -0.719 0.295
vn -0.035 -0.992 0.120
vn 0.057 -0.989 0.135
vn 0.431 -0.512 0.743
vn 0.034 0.043 0.999
vn 0.797 -0.295 0.527
vn 0.084 0.076 0.994
vn 0.159 0.146 0.976
vn 0.985 -0.097 0.139
vn 0.979 -0.078 0.189
vn 0.889 0.161 0.429
vn 0.250 0.389 0.886
vn 0.166 0.313 0.935
vn 0.011 0.370 0.929
vn 0.186 0.339 0.922
vn 0.170 0.357 0.919
vn 0.755 0.140 0.640
vn -0.003 -0.907 0.421
vn -0.031 -0.942 0.335
vn -0.578 -0.722 0.380
vn -0.971 0.038 0.238
vn -0.943 0.332 0.015
vn -0.790 -0.536 0.298
vn -0.387 -0.848 0.362
vn -0.968 0.242 0.061
vn -0.955 0.291 0.050
vn -0.869 0.495 0.030
vn -0.965 0.256 0.053
vn -0.969 0.222 0.111
vn -0.969 0.231 0.090
vn -0.963 0.234 0.132
vn -0.941 0.336 0.032
vn -0.923 0.384 0.042
vn -0.919 0.387 0.076
vn -0.379 -0.858 0.347
vn -0.386 -0.852 0.354
vn -0.379 -0.849 0.368
vn -0.530 -0.762 0.372
vn -0.527 -0.770 0.360
vn -0.636 -0.681 0.362
vn -0.636 -0.688 0.349
vn -0.803 -0.487 0.342
vn -0.794 -0.530 0.298
vn -0.806 -0.525 0.274
vn -0.916 -0.249 0.316
vn -0.921 -0.264 0.285
vn -0.957 -0.078 0.280
vn -0.980 -0.125 0.156
vn -0.971 0.037 0.238
vn -0.960 -0.039 0.278
vn -0.945 0.091 0.314
vn -0.977 -0.213 0.012
vn -0.465 -0.366 0.806
vn -0.476 -0.124 0.871
vn -0.566 0.263 0.781
vn -0.878 -0.479 -0.005
vn -0.927 -0.374 0.012
vn -0.977 -0.212 -0.033
vn -0.976 -0.215 -0.015
vn -0.888 -0.460 -0.017
vn -0.887 -0.461 -0.017
vn -0.876 -0.081 0.476
vn -0.772 -0.051 0.633
vn -0.771 0.036 0.636
vn -0.771 0.036 0.636
vn -0.976 -0.179 -0.127
vn -0.484 0.070 0.872
vn -0.450 0.072 0.890
vn -0.426 -0.088 0.901
vn -0.436 -0.088 0.896
vn -0.713 -0.324 0.622
vn -0.686 -0.521 0.509
vn -0.095 -0.995 0.004
vn -0.559 -0.652 0.512
vn -0.629 -0.770 0.103
vn -0.057 -0.991 0.124
vn -0.043 -0.991 0.127
vn 0.087 -0.636 0.767
vn 0.028 -0.983 0.182
vn -0.632 -0.773 0.061
vn -0.353 -0.934 -0.057
vn 0.076 -0.996 0.043
vn 0.146 -0.987 0.066
vn 0.308 -0.941 0.141
vn 0.042 -0.994 0.102
vn -0.949 -0.231 -0.213
vn -0.948 -0.194 -0.253
vn -0.871 -0.492 -0.007
vn -0.782 -0.613 -0.114
vn -0.683 -0.724 -0.095
vn -0.495 -0.868 -0.033
vn -0.482 -0.765 0.426
vn -0.556 -0.828 -0.074
vn -0.449 -0.893 -0.034
vn -0.546 -0.753 0.367
vn -0.558 -0.829 0.042
vn -0.632 -0.773 0.061
vn -0.589 -0.806 0.059
vn -0.630 -0.770 0.103
vn -0.629 -0.771 0.103
vn -0.667 -0.745 0.001
vn -0.590 -0.807 0.036
vn -0.566 -0.822 0.056
vn -0.681 -0.725 0.103
vn -0.598 -0.797 0.086
vn 0.170 -0.985 -0.026
vn -0.328 -0.929 0.171
vn -0.656 -0.752 0.054
vn -0.661 -0.749 0.046
vn -0.781 -0.624 0.024
vn -0.836 -0.547 0.030
vn -0.864 -0.476 0.163
vn -0.244 -0.949 0.201
vn -0.382 -0.924 -0.005
vn -0.719 -0.695 -0.018
vn -0.669 -0.741 -0.058
vn -0.980 -0.153 -0.128
vn -0.982 -0.170 -0.077
vn -0.526 -0.062 0.848
vn -0.456 -0.047 0.889
vn -0.627 -0.051 0.777
vn -0.580 -0.028 0.814
vn -0.989 -0.138 -0.054
vn -0.917 -0.398 0.026
vn -0.722 -0.692 0.030
vn -0.457 0.004 0.890
vn -0.831 -0.531 -0.167
vn -0.947 0.310 -0.083
vn -0.977 0.188 -0.104
vn -0.022 -0.949 0.315
vn -0.363 -0.887 0.285
vn -0.873 -0.267 0.408
vn -0.882 -0.173 0.439
vn -0.625 -0.345 0.700
vn 0.422 0.807 0.412
vn 0.540 0.763 0.355
vn 0.759 0.553 0.344
vn 0.762 0.550 0.342
vn 0.754 0.495 0.432
vn 0.851 0.419 0.317
vn 0.862 0.243 0.446
vn 0.767 -0.191 0.613
vn 0.149 0.966 0.212
vn 0.095 0.981 0.167
vn 0.835 0.519 0.183
vn 0.751 0.639 0.164
vn 0.007 -0.883 0.469
vn 0.268 -0.833 0.484
vn 0.214 -0.825 0.523
vn 0.706 -0.418 0.572
vn 0.744 -0.367 0.558
vn 0.717 -0.387 0.580
vn 0.594 -0.804 0.017
vn 0.888 -0.036 0.459
vn 0.905 -0.023 0.424
vn 0.902 -0.112 0.417
vn 0.802 -0.262 0.536
vn -0.006 -0.898 0.439
vn -0.144 -0.840 0.523
vn -0.349 -0.546 0.762
vn -0.475 -0.375 0.796
vn -0.661 -0.295 0.690
vn -0.858 -0.340 0.385
vn -0.485 -0.681 0.549
vn -0.566 -0.637 0.524
vn 0.494 -0.797 0.348
vn 0.968 0.035 0.250
vn 0.946 0.121 0.300
vn 0.071 0.970 0.232
vn 0.148 0.969 0.199
vn 0.926 0.248 0.285
vn 0.886 0.333 0.322
vn 0.483 0.837 0.256
vn 0.474 0.842 0.258
vn 0.976 0.218 0.000
vn 0.161 0.986 0.049
vn 1.000 0.015 0.000
vn 0.974 0.212 0.077
vn 0.083 0.995 0.061
vn 0.341 0.932 0.120
vn 0.989 0.142 0.049
vn 0.951 0.295 0.090
vn 0.508 0.856 0.101
vn 0.193 0.980 0.057
vn 0.923 0.360 0.135
vn 0.997 0.011 0.073
vn 0.622 0.639 0.452
vn 0.140 0.946 0.291
vn 0.002 0.933 0.361
vn 0.978 0.038 0.207
vn 0.977 0.001 0.214
vn 0.451 0.832 0.323
vn 0.461 0.828 0.320
vn 0.914 0.242 0.326
vn 0.916 0.212 0.340
vn 0.405 0.914 0.000
vn 0.405 0.914 0.000
vn 0.129 0.989 0.078
vn 0.719 0.652 0.242
vn 0.835 0.469 0.288
vn 0.743 0.639 0.198
vn 0.728 0.660 0.186
vn 0.416 0.856 0.309
vn 0.473 0.838 0.273
vn 0.130 0.986 0.107
vn 0.125 0.969 0.215
vn 0.128 0.969 0.213
vn 0.128 0.969 0.210
vn 0.149 0.967 0.205
vn 0.485 0.862 0.149
vn 0.374 0.904 0.207
vn 0.130 0.986 0.107
vn 0.802 0.518 0.297
vn 0.684 0.680 0.264
vn 0.825 0.533 0.188
vn 0.486 0.826 0.285
vn 0.511 0.808 0.292
vn 0.496 0.845 0.198
vn 0.588 0.796 0.146
vn 0.488 0.844 0.220
vn 0.831 0.516 0.206
vn 0.374 0.904 0.206
vn 0.359 0.927 0.106
vn 0.138 0.984 0.114
vn 0.165 0.986 -0.005
vn 0.128 0.991 0.035
vn 0.751 0.645 0.140
vn 0.359 0.927 0.106
vn 0.506 0.853 0.129
vn 0.513 0.853 0.094
vn 0.163 0.986 0.044
vn 0.495 0.856 0.150
vn 0.264 0.940 0.218
vn 0.144 0.984 0.101
vn 0.583 0.810 0.064
vn 0.583 0.810 0.063
vn 0.583 0.810 0.063
vn 0.583 0.810 0.063
vn 0.420 0.905 0.065
vn 0.420 0.905 0.065
vn 0.420 0.905 0.064
vn 0.382 0.924 0.024
vn 0.315 0.941 0.120
vn 0.568 0.823 0.009
vn 0.127 0.987 0.104
vn 0.382 0.924 0.024
vn 0.423 0.906 0.022
vn 0.362 0.930 0.071
vn 0.353 0.933 0.070
vn 0.602 0.798 0.034
vn 0.950 0.310 0.031
vn 0.950 0.307 0.062
vn 0.156 0.983 0.100
vn 0.420 0.905 0.064
vn 0.419 0.905 0.065
vn 0.341 0.932 0.120
vn 0.583 0.810 0.063
vn 0.547 0.831 0.102
vn 0.574 0.819 0.009
vn 0.850 0.520 0.080
vn 0.161 0.985 0.054
vn 0.722 0.618 0.310
vn 0.948 0.285 0.139
vn 0.976 0.218 0.000
vn 0.723 0.618 0.309
vn 0.596 0.558 0.577
vn 0.924 0.382 0.000
vn 0.924 0.382 0.000
vn 0.991 0.131 0.000
vn 0.991 0.135 -0.005
vn 0.991 0.130 0.000
vn 0.960 0.212 0.182
vn 0.973 0.134 0.187
vn 0.962 0.178 0.208
vn 0.911 0.256 0.325
vn 0.860 0.251 0.445
vn 0.858 0.248 0.450
vn 0.902 0.027 0.430
vn 0.899 -0.162 0.406
vn 0.846 -0.190 0.499
vn 0.841 -0.231 0.490
vn 0.739 -0.552 0.385
vn 0.735 -0.393 0.552
vn 0.880 -0.148 0.451
vn 0.706 -0.418 0.572
vn 0.860 -0.354 0.369
vn 0.898 -0.209 0.388
vn 0.846 -0.190 0.499
vn 0.861 0.249 0.444
vn 0.858 0.248 0.450
vn 0.860 0.251 0.445
vn 0.860 0.249 0.446
vn 0.861 0.248 0.444
vn 0.960 0.213 0.182
vn 0.975 0.130 0.179
vn 0.991 0.137 -0.003
vn 0.924 0.383 0.000
vn 0.924 0.383 0.000
vn 0.924 0.383 0.000
vn 0.924 0.383 0.001
vn -0.941 0.336 0.032
vn -0.951 0.297 0.085
vn -0.923 0.382 0.042
vn -0.922 0.385 0.041
vn -0.868 0.495 0.030
vn -0.868 0.496 0.030
vn -0.979 0.099 0.176
vn -0.905 0.230 0.359
vn -0.899 0.281 0.335
vn -0.409 -0.125 0.904
vn -0.436 -0.163 0.885
vn -0.410 -0.123 0.904
vn -0.517 -0.333 0.789
vn -0.385 -0.459 0.801
vn -0.486 -0.453 0.748
vn -0.233 -0.609 0.758
vn -0.343 -0.610 0.715
vn -0.459 -0.555 0.694
vn 0.341 -0.878 0.335
vn -0.106 -0.860 0.499
vn 0.429 -0.845 0.318
vn 0.007 -0.883 0.469
vn 0.008 -0.882 0.470
vn 0.268 -0.834 0.483
vn 0.195 -0.718 0.668
vn -0.252 -0.826 0.504
vn -0.383 -0.271 0.883
vn -0.516 -0.333 0.789
vn -0.728 0.314 0.609
vn 0.839 -0.232 0.493
vn 0.859 -0.356 0.369
vn 0.118 0.541 0.833
vn 0.287 0.792 0.539
vn 0.780 0.229 0.583
vn 0.753 -0.199 0.627
vn 0.575 -0.683 0.450
vn 0.210 -0.428 0.879
vn 0.402 -0.133 0.906
vn 0.552 0.672 0.494
vn 0.653 0.189 0.734
vn 0.577 -0.312 0.755
vn 0.546 -0.160 0.823
vn 0.619 -0.732 0.284
vn 0.674 -0.687 0.272
vn 0.468 -0.629 0.620
vn 0.861 -0.444 0.249
vn 0.653 0.345 0.674
vn 0.596 0.138 0.791
vn 0.641 -0.703 0.308
vn 0.815 -0.363 0.452
vn 0.978 0.001 0.210
vn 0.977 -0.019 0.215
vn 0.946 0.219 0.239
vn 0.945 0.222 0.238
vn 0.812 0.533 0.240
vn 0.811 0.534 0.239
vn 0.933 0.270 0.240
vn 0.933 0.266 0.243
vn 0.956 -0.172 0.236
vn 0.953 -0.184 0.242
vn 0.835 -0.494 0.241
vn 0.834 -0.497 0.242
vn -0.165 -0.957 0.238
vn -0.161 -0.958 0.237
vn -0.623 -0.744 0.241
vn -0.620 -0.747 0.239
vn -0.793 -0.560 0.241
vn -0.793 -0.560 0.241
vn 0.210 -0.947 0.242
vn 0.273 -0.933 0.235
vn 0.351 -0.905 0.242
vn 0.353 -0.904 0.242
vn -0.908 -0.340 0.242
vn -0.902 -0.359 0.241
vn 0.519 0.820 0.242
vn 0.521 0.819 0.242
vn 0.852 0.479 0.211
vn 0.919 0.320 0.232
vn -0.549 -0.800 0.242
vn -0.549 -0.800 0.242
vn -0.659 -0.713 0.242
vn -0.657 -0.714 0.241
vn -0.807 -0.539 0.241
vn -0.806 -0.542 0.240
vn -0.933 -0.268 0.240
vn -0.934 -0.262 0.242
vn -0.962 -0.123 0.242
vn -0.962 -0.130 0.239
vn -0.837 0.492 0.240
vn -0.835 0.494 0.241
vn -0.946 0.217 0.239
vn -0.946 0.219 0.240
vn -0.926 0.290 0.241
vn -0.936 0.263 0.235
vn -0.941 -0.243 0.234
vn -0.950 -0.196 0.242
vn -0.928 -0.284 0.242
vn -0.928 -0.282 0.242
vn -0.003 -0.970 0.243
vn 0.011 -0.972 0.237
vn -0.401 -0.885 0.237
vn -0.412 -0.879 0.242
vn 0.573 -0.784 0.239
vn 0.589 -0.774 0.233
vn 0.870 -0.430 0.242
vn 0.871 -0.427 0.242
vn 0.777 -0.581 0.242
vn 0.788 -0.568 0.237
vn 0.969 -0.039 0.242
vn 0.970 -0.034 0.240
vn 0.925 -0.302 0.232
vn 0.913 -0.330 0.242
vn 0.244 -0.940 0.237
vn 0.241 -0.941 0.238
vn 0.255 -0.939 0.231
vn 0.217 -0.946 0.242
vn -0.348 -0.907 0.239
vn -0.324 -0.917 0.233
vn 0.564 0.797 0.217
vn 0.583 0.779 0.230
vn 0.002 0.973 0.232
vn -0.041 0.978 0.206
vn 0.787 0.569 0.238
vn 0.786 0.571 0.237
vn 0.463 0.854 0.237
vn 0.386 0.901 0.198
vn 0.688 0.684 0.241
vn 0.692 0.679 0.242
vn 0.116 0.964 0.239
vn 0.118 0.963 0.241
vn 0.662 0.709 0.242
vn 0.659 0.712 0.242
vn 0.424 0.873 0.242
vn 0.418 0.876 0.240
vn 0.932 0.270 0.243
vn 0.930 0.279 0.240
vn -0.008 -0.999 0.041
vn -0.088 -0.996 -0.030
vn -0.888 -0.073 0.453
vn -0.915 -0.078 0.396
vn -0.876 -0.118 0.467
vn -0.877 -0.118 0.465
vn -0.975 -0.180 -0.127
vn -0.976 -0.179 -0.127
vn -0.908 -0.418 0.033
vn -0.484 -0.077 0.872
vn -0.128 -0.781 0.611
vn -0.084 -0.699 0.711
vn -0.743 0.246 0.622
vn -0.805 -0.578 0.134
vn 0.200 -0.961 -0.190
vn -0.137 -0.988 0.066
vn -0.126 -0.991 0.055
vn -0.344 -0.939 -0.028
vn -0.667 -0.744 0.036
vn -0.600 -0.789 0.128
vn -0.203 -0.977 0.071
vn -0.232 -0.972 0.032
vn -0.186 -0.973 -0.134
vn -0.057 -0.995 -0.084
vn -0.207 -0.977 -0.052
vn -0.117 -0.987 -0.114
vn -0.183 -0.973 -0.138
vn -0.137 -0.988 -0.072
vn -0.119 -0.989 -0.088
vn -0.192 -0.981 -0.037
vn -0.265 -0.963 -0.056
vn -0.217 -0.974 0.059
vn -0.351 -0.936 -0.002
vn -0.341 -0.940 0.020
vn -0.087 -0.526 -0.846
vn -0.064 -0.462 -0.884
vn 0.044 -0.997 0.068
vn 0.004 -0.999 0.039
vn 0.016 -0.999 0.030
vn -0.275 -0.960 -0.060
vn 0.310 -0.941 0.139
vn -0.079 -0.997 -0.007
vn -0.341 -0.940 0.015
vn -0.345 -0.938 0.016
vn 0.908 -0.369 -0.200
vn 0.794 -0.594 -0.125
vn -0.095 -0.985 0.142
vn -0.097 -0.984 0.152
vn -0.170 -0.982 0.076
vn -0.060 -0.998 0.025
vn -0.491 -0.789 -0.369
vn 0.923 -0.352 -0.155
vn 0.795 -0.599 -0.091
vn -0.520 -0.813 -0.261
vn -0.513 -0.772 -0.375
vn -0.866 -0.452 0.216
vn -0.893 -0.386 0.233
vn -0.252 -0.959 0.131
vn -0.296 -0.955 0.017
vn -0.207 -0.974 0.086
vn -0.253 -0.958 0.131
vn -0.134 -0.984 0.121
vn -0.253 -0.958 0.132
vn -0.209 -0.974 0.084
vn -0.212 -0.977 0.020
vn -0.131 -0.989 0.076
vn -0.206 -0.975 0.081
vn -0.237 -0.971 -0.037
vn -0.241 -0.970 -0.041
vn -0.236 -0.971 -0.042
vn 0.312 -0.948 0.066
vn 0.308 -0.942 0.131
vn 0.246 -0.960 0.135
vn -0.021 -0.991 0.131
vn -0.328 -0.929 0.171
vn -0.587 -0.800 0.126
vn -0.131 -0.984 0.121
vn -0.241 -0.967 0.083
vn -0.377 -0.926 0.008
vn -0.781 -0.598 0.180
vn -0.813 -0.575 -0.093
vn -0.813 -0.575 -0.093
vn -0.837 -0.534 -0.121
vn -0.796 -0.365 0.483
vn -0.822 -0.390 0.415
vn -0.798 -0.382 0.467
vn -0.808 -0.390 0.441
vn -0.802 -0.381 0.459
vn -0.451 -0.098 0.887
vn -0.432 -0.092 0.897
vn -0.890 -0.450 -0.073
vn -0.854 -0.260 0.451
vn -0.854 -0.260 0.450
vn -0.527 0.004 0.850
vn -0.577 -0.015 0.816
vn -0.836 -0.530 -0.141
vn -0.808 -0.578 -0.116
vn -0.838 -0.527 -0.144
vn -0.809 -0.576 -0.114
vn -0.806 -0.573 -0.146
vn -0.807 -0.570 -0.155
vn -0.815 -0.549 -0.186
vn -0.848 -0.511 -0.140
vn -0.901 -0.434 -0.009
vn -0.901 -0.434 -0.009
vn -0.880 -0.471 -0.057
vn -0.880 -0.474 -0.024
vn -0.877 -0.479 -0.036
vn -0.924 -0.383 0.000
vn -0.798 -0.596 0.092
vn -0.802 -0.590 0.092
vn -0.464 0.853 0.239
vn -0.449 0.859 0.245
vn -0.747 0.587 0.312
vn -0.771 0.563 0.299
vn -0.860 0.437 0.266
vn -0.868 0.428 0.253
vn -0.939 0.208 0.274
vn -0.924 0.260 0.280
vn -0.880 -0.362 0.306
vn -0.739 -0.553 0.386
vn -0.739 -0.552 0.385
vn -0.533 -0.730 0.427
vn -0.807 -0.414 0.421
vn -0.319 0.404 0.858
vn -0.567 0.823 0.015
vn -0.850 0.520 0.080
vn -0.992 0.129 0.000
vn -0.978 0.211 0.002
vn -0.987 0.160 -0.006
vn -0.474 0.870 0.140
vn -0.568 0.814 0.121
vn -0.784 0.616 0.074
vn -0.852 0.521 0.056
vn -0.884 0.449 0.133
vn -0.911 0.377 0.167
vn -0.975 0.129 0.180
vn -0.977 0.211 0.004
vn 0.359 0.359 0.861
vn 0.244 0.381 0.892
vn 0.459 -0.703 0.544
vn 0.091 -0.891 0.446
vn 0.468 -0.735 0.491
vn 0.137 -0.959 0.247
vn 0.423 -0.885 0.194
vn 0.032 0.098 0.995
vn 0.048 -0.410 0.911
vn 0.000 -0.836 0.549
vn 0.025 -0.821 0.570
vn 0.116 -0.951 0.288
vn 0.209 -0.945 0.250
vn 0.335 -0.915 0.224
vn 0.184 -0.950 0.251
vn 0.199 -0.949 0.245
vn -0.819 -0.566 0.092
vn -0.820 -0.566 0.092
vn 0.325 0.694 0.642
vn -0.423 -0.823 0.379
vn -0.202 -0.911 0.360
vn -0.801 0.401 0.443
vn -0.841 0.298 0.451
vn -0.820 -0.522 0.234
vn -0.429 -0.882 0.194
vn -0.341 -0.824 0.452
vn -0.297 0.360 0.884
vn 0.023 -0.865 0.501
vn -0.178 -0.724 0.666
vn -0.118 -0.711 0.693
vn -0.329 0.276 0.903
vn -0.405 -0.321 0.856
vn -0.393 -0.725 0.566
vn -0.291 -0.932 0.217
vn -0.302 -0.930 0.211
vn -0.194 0.480 0.856
vn -0.977 0.040 0.212
vn -0.493 0.459 0.740
vn -0.821 -0.522 0.230
vn -0.429 -0.882 0.195
vn 0.426 -0.883 0.196
vn 0.428 -0.882 0.197
vn 0.328 -0.592 0.737
vn 0.306 -0.624 0.719
vn 0.208 -0.323 0.923
vn 0.558 0.224 0.799
vn 0.449 -0.822 0.351
vn 0.434 -0.831 0.348
vn 0.479 -0.858 0.183
vn 0.441 -0.312 0.842
vn 0.388 -0.222 0.894
vn 0.610 -0.350 0.711
vn 0.533 -0.196 0.823
vn 0.544 -0.143 0.827
vn 0.424 -0.279 0.862
vn 0.705 -0.704 0.078
vn 0.715 -0.688 0.123
vn 0.735 -0.656 0.173
vn 0.683 -0.679 0.267
vn 0.688 -0.667 0.285
vn 0.669 -0.650 0.360
vn 0.616 -0.698 0.365
vn 0.593 -0.696 0.404
vn 0.825 -0.407 0.392
vn 0.237 -0.197 0.951
vn 0.353 -0.361 0.863
vn 0.344 -0.368 0.864
vn 0.407 -0.714 0.569
vn 0.426 -0.711 0.559
vn 0.411 -0.721 0.558
vn 0.494 -0.715 0.495
vn 0.432 -0.734 0.524
vn 0.349 -0.659 0.666
vn 0.335 -0.651 0.681
vn 0.383 -0.907 0.174
vn 0.665 -0.722 0.190
vn 0.503 -0.849 0.162
vn 0.439 -0.876 0.198
vn 0.451 -0.877 0.168
vn 0.545 -0.832 0.103
vn 0.492 -0.844 0.213
vn 0.511 -0.856 0.084
vn 0.557 -0.827 0.080
vn 0.479 -0.860 0.176
vn 0.462 -0.727 0.508
vn -0.320 0.455 0.831
vn 0.629 -0.456 0.630
vn 0.590 -0.538 0.601
vn 0.623 -0.507 0.595
vn 0.766 -0.448 0.461
vn 0.513 0.036 0.858
vn 0.409 -0.121 0.905
vn 0.207 -0.043 0.977
vn -0.113 0.938 0.328
vn -0.093 0.945 0.313
vn -0.662 0.710 0.242
vn -0.738 0.627 0.250
vn -0.851 0.505 0.147
vn -0.491 0.864 0.112
vn -0.361 0.931 0.051
vn -0.583 0.786 0.208
vn -0.148 0.980 0.135
vn -0.330 0.934 0.136
vn -0.749 -0.201 0.631
vn -0.830 -0.344 0.439
vn -0.195 0.000 0.981
vn -0.627 0.678 0.383
vn -0.318 0.323 0.891
vn -0.973 0.016 0.229
vn -0.095 0.425 0.900
vn -0.839 -0.484 0.247
vn -0.839 -0.485 0.246
vn -0.839 -0.475 0.266
vn -0.089 -0.024 0.996
vn 0.050 -0.107 0.993
vn -0.215 -0.089 0.973
vn -0.219 -0.073 0.973
vn -0.654 -0.649 0.388
vn -0.617 -0.728 0.300
vn -0.386 -0.510 0.769
vn -0.484 -0.743 0.463
vn 0.192 -0.239 0.952
vn 0.030 -0.340 0.940
vn 0.041 -0.360 0.932
vn 0.151 -0.320 0.935
vn -0.019 -0.405 0.914
vn -0.146 -0.325 0.934
vn -0.669 0.733 0.121
vn 0.624 -0.781 0.000
vn 0.924 -0.383 0.000
vn 0.924 -0.383 0.000
vn 0.989 0.125 -0.075
vn 0.869 0.495 0.031
vn 0.861 0.506 0.047
vn 0.988 0.042 0.146
vn 0.939 -0.284 0.192
vn 0.969 -0.247 0.026
vn 0.977 -0.213 0.000
vn 0.688 0.225 -0.690
vn 0.957 -0.148 0.249
vn -0.043 -0.449 0.892
vn 0.379 -0.689 0.617
vn 0.379 0.377 0.845
vn 0.334 -0.877 0.346
vn 0.377 -0.472 0.797
vn 0.439 -0.285 0.852
vn 0.427 -0.884 0.192
vn 0.527 -0.752 0.395
vn 0.401 -0.898 0.179
vn 0.348 -0.916 0.201
vn 0.240 -0.949 0.205
vn 0.575 -0.815 0.068
vn 0.397 -0.898 0.189
vn 0.386 -0.900 0.202
vn 0.196 -0.969 0.151
vn 0.245 0.438 0.865
vn 0.004 -0.843 0.538
vn 0.019 -0.863 0.504
vn 0.093 -0.884 0.457
vn 0.201 -0.923 0.327
vn 0.418 -0.596 0.686
vn 0.399 -0.599 0.694
vn 0.398 -0.599 0.695
vn 0.401 -0.600 0.692
vn 0.334 -0.690 0.642
vn 0.950 -0.286 0.121
vn 0.875 -0.196 0.442
vn 0.900 -0.225 0.373
vn 0.883 -0.288 0.370
vn 0.970 -0.017 0.241
vn 0.828 -0.486 0.280
vn 0.966 -0.241 0.090
vn 0.976 0.006 0.217
vn 0.967 -0.250 0.059
vn 0.801 -0.422 -0.424
vn 0.833 -0.485 0.268
vn 0.241 -0.652 0.719
vn 0.721 -0.448 0.529
vn 0.203 -0.411 0.889
vn 0.206 -0.408 0.889
vn 0.179 -0.352 0.919
vn 0.233 -0.314 0.921
vn 0.680 0.154 0.717
vn 0.530 0.265 0.806
vn 0.489 -0.024 0.872
vn 0.697 -0.146 0.702
vn 0.591 -0.153 0.792
vn 0.717 -0.679 0.157
vn 0.860 -0.510 0.009
vn 0.684 -0.718 0.126
vn 0.451 0.378 0.809
vn 0.515 0.343 0.786
vn 0.360 -0.901 0.241
vn 0.782 -0.565 0.263
vn 0.741 -0.653 0.155
vn 0.886 -0.463 0.006
vn 0.208 -0.959 0.194
vn 0.193 -0.927 0.322
vn 0.016 0.738 0.675
vn 0.580 -0.733 0.356
vn 0.641 -0.749 0.166
vn 0.965 0.075 0.252
vn -0.236 -0.412 0.880
vn -0.406 -0.451 0.795
vn 0.045 -0.689 0.724
vn 0.048 0.533 0.844
vn 0.240 -0.574 0.783
vn 0.238 -0.625 0.744
vn 0.104 -0.921 0.376
vn 0.249 -0.926 0.283
vn 0.248 -0.927 0.283
vn 0.050 -0.959 0.280
vn 0.035 -0.944 0.329
vn 0.249 -0.954 -0.168
vn 0.101 -0.992 0.069
vn 0.054 -0.938 0.342
vn 0.142 -0.990 -0.025
vn 0.054 -0.952 0.302
vn -0.184 0.564 0.805
vn -0.295 -0.900 0.322
vn -0.257 -0.920 0.296
vn -0.378 -0.833 0.405
vn -0.257 -0.887 0.383
vn -0.235 -0.897 0.374
vn -0.129 -0.881 0.456
vn 0.269 -0.945 0.187
vn 0.354 -0.837 0.418
vn 0.165 -0.812 0.560
vn 0.166 -0.802 0.574
vn 0.044 -0.720 0.693
vn 0.050 -0.657 0.752
vn -0.151 -0.893 0.423
vn -0.113 0.782 0.612
vn -0.193 0.300 0.934
vn -0.276 -0.859 0.430
vn -0.313 -0.869 0.382
vn 0.016 -0.863 0.506
vn -0.146 -0.961 0.235
vn 0.018 -0.976 0.216
vn 0.532 -0.769 0.353
vn 0.651 -0.686 0.325
vn 0.993 -0.077 0.094
vn 0.927 -0.258 0.271
vn -0.051 -0.014 0.999
vn -0.059 -0.025 0.998
vn -0.613 -0.617 0.494
vn -0.088 -0.990 0.108
vn -0.075 -0.992 0.102
vn -0.431 -0.512 0.743
vn -0.602 -0.370 0.708
vn -0.034 0.043 0.999
vn 0.000 0.085 0.996
vn -0.195 0.000 0.981
vn -0.752 -0.358 0.553
vn -0.331 0.258 0.908
vn -0.425 0.292 0.857
vn -0.158 0.146 0.976
vn -0.084 0.076 0.994
vn -0.979 -0.080 0.189
vn -0.981 -0.045 0.187
vn -0.905 0.004 0.425
vn -0.250 0.389 0.886
vn -0.171 0.357 0.919
vn -0.186 0.339 0.922
vn -0.373 0.188 0.909
vn -0.718 -0.193 0.669
vn -0.635 -0.745 0.203
vn 0.031 -0.942 0.335
vn 0.003 -0.907 0.421
vn 0.566 -0.737 0.370
vn 0.971 0.039 0.237
vn 0.943 0.332 0.015
vn 0.790 -0.536 0.297
vn 0.387 -0.848 0.362
vn 0.956 0.288 0.050
vn 0.968 0.242 0.061
vn 0.868 0.495 0.031
vn 0.965 0.255 0.054
vn 0.969 0.233 0.087
vn 0.969 0.222 0.111
vn 0.963 0.234 0.132
vn 0.941 0.336 0.032
vn 0.923 0.382 0.042
vn 0.918 0.389 0.076
vn 0.379 -0.858 0.346
vn 0.380 -0.849 0.367
vn 0.387 -0.852 0.353
vn 0.530 -0.762 0.372
vn 0.527 -0.770 0.360
vn 0.637 -0.681 0.361
vn 0.637 -0.688 0.348
vn 0.804 -0.486 0.342
vn 0.806 -0.525 0.272
vn 0.794 -0.531 0.297
vn 0.916 -0.249 0.314
vn 0.922 -0.265 0.284
vn 0.980 -0.125 0.155
vn 0.957 -0.077 0.280
vn 0.932 0.101 0.349
vn 0.959 -0.145 0.244
vn 0.959 -0.042 0.280
vn 0.976 -0.217 0.000
vn 0.977 -0.213 0.013
vn 0.634 -0.140 0.761
vn 0.507 -0.537 0.674
vn 0.503 -0.194 0.842
vn 0.591 -0.287 0.753
vn 0.476 -0.124 0.871
vn 0.478 -0.090 0.874
vn 0.439 -0.074 0.895
vn 0.928 -0.372 0.012
vn 0.972 -0.233 -0.026
vn 0.986 -0.168 0.002
vn 0.998 -0.044 -0.040
vn 0.976 -0.216 -0.015
vn 0.977 -0.212 -0.035
vn 0.888 -0.460 -0.017
vn 0.887 -0.461 -0.018
vn 0.900 -0.087 0.427
vn 0.772 -0.051 0.633
vn 0.874 -0.080 0.480
vn 0.771 0.035 0.636
vn 0.768 0.040 0.639
vn 0.974 -0.225 -0.026
vn 0.976 -0.179 -0.127
vn 0.450 0.072 0.890
vn 0.484 0.070 0.872
vn 0.425 -0.088 0.901
vn 0.685 -0.522 0.508
vn 0.713 -0.323 0.622
vn 0.716 -0.318 0.622
vn 0.097 -0.995 0.004
vn 0.559 -0.652 0.512
vn 0.043 -0.991 0.127
vn -0.087 -0.636 0.767
vn -0.028 -0.983 0.182
vn 0.356 -0.925 0.133
vn 0.353 -0.934 -0.058
vn -0.146 -0.987 0.066
vn -0.076 -0.996 0.043
vn -0.042 -0.994 0.102
vn -0.307 -0.941 0.141
vn 0.948 -0.194 -0.253
vn 0.949 -0.231 -0.213
vn 0.863 -0.503 -0.049
vn 0.782 -0.613 -0.115
vn 0.495 -0.868 -0.033
vn 0.483 -0.764 0.427
vn 0.556 -0.828 -0.074
vn 0.449 -0.893 -0.034
vn 0.546 -0.753 0.369
vn 0.558 -0.829 0.042
vn 0.589 -0.806 0.059
vn 0.631 -0.773 0.061
vn 0.630 -0.770 0.103
vn 0.629 -0.771 0.103
vn 0.590 -0.806 0.036
vn 0.667 -0.745 0.001
vn 0.598 -0.797 0.086
vn 0.682 -0.724 0.103
vn 0.328 -0.929 0.171
vn -0.170 -0.985 -0.026
vn 0.657 -0.752 0.054
vn 0.759 -0.645 -0.094
vn 0.837 -0.547 0.031
vn 0.863 -0.478 0.163
vn 0.382 -0.924 -0.004
vn 0.669 -0.741 -0.058
vn 0.718 -0.696 -0.018
vn 0.982 -0.170 -0.077
vn 0.980 -0.153 -0.127
vn 0.894 -0.447 0.024
vn 0.976 0.210 -0.054
vn 0.456 -0.047 0.889
vn 0.525 -0.062 0.849
vn 0.578 -0.028 0.815
vn 0.626 -0.050 0.778
vn 0.991 -0.131 -0.029
vn 0.457 0.004 0.890
vn 0.831 -0.531 -0.166
vn 0.722 -0.692 -0.010
vn 0.902 -0.399 -0.164
vn 0.977 0.188 -0.104
vn 0.112 -0.956 0.271
vn 0.022 -0.949 0.315
vn 0.541 -0.708 0.454
vn 0.882 -0.173 0.439
vn 0.808 -0.051 0.587
vn 0.625 -0.345 0.700
vn 0.511 -0.640 0.573
vn -0.540 0.763 0.355
vn -0.422 0.807 0.412
vn -0.762 0.550 0.342
vn -0.758 0.554 0.344
vn -0.851 0.419 0.317
vn -0.754 0.495 0.432
vn -0.862 0.243 0.446
vn -0.767 -0.191 0.613
vn -0.095 0.981 0.167
vn -0.149 0.966 0.212
vn -0.751 0.639 0.164
vn -0.835 0.519 0.183
vn -0.214 -0.825 0.523
vn -0.268 -0.833 0.484
vn -0.706 -0.418 0.572
vn -0.870 -0.434 0.236
vn -0.717 -0.387 0.580
vn -0.744 -0.367 0.558
vn -0.594 -0.804 0.017
vn -0.905 -0.023 0.426
vn -0.888 -0.036 0.459
vn -0.902 -0.112 0.417
vn -0.941 0.031 0.336
vn -0.802 -0.261 0.537
vn 0.144 -0.840 0.523
vn 0.006 -0.898 0.439
vn 0.485 -0.542 0.687
vn 0.349 -0.546 0.762
vn 0.662 -0.294 0.689
vn 0.474 -0.376 0.796
vn -0.494 -0.797 0.348
vn -0.946 0.120 0.300
vn -0.968 0.034 0.250
vn -0.148 0.969 0.199
vn -0.071 0.970 0.232
vn -0.886 0.333 0.322
vn -0.926 0.248 0.285
vn -0.474 0.842 0.258
vn -0.483 0.838 0.255
vn -0.976 0.218 0.000
vn -0.161 0.986 0.049
vn -0.974 0.212 0.077
vn -1.000 0.015 0.000
vn -0.341 0.932 0.120
vn -0.083 0.995 0.061
vn -0.951 0.295 0.090
vn -0.989 0.141 0.049
vn -0.193 0.980 0.057
vn -0.508 0.856 0.101
vn -0.997 0.011 0.073
vn -0.923 0.360 0.135
vn -0.622 0.639 0.452
vn -0.002 0.933 0.361
vn -0.140 0.946 0.291
vn -0.977 0.001 0.214
vn -0.978 0.037 0.207
vn -0.461 0.828 0.320
vn -0.451 0.832 0.323
vn -0.916 0.212 0.339
vn -0.914 0.242 0.326
vn -0.835 0.469 0.288
vn -0.719 0.652 0.242
vn -0.728 0.660 0.186
vn -0.743 0.639 0.198
vn -0.473 0.838 0.273
vn -0.416 0.856 0.309
vn -0.130 0.986 0.107
vn -0.125 0.969 0.215
vn -0.128 0.969 0.213
vn -0.149 0.967 0.205
vn -0.128 0.969 0.210
vn -0.373 0.904 0.207
vn -0.485 0.862 0.149
vn -0.684 0.680 0.264
vn -0.802 0.518 0.298
vn -0.825 0.533 0.188
vn -0.512 0.808 0.291
vn -0.486 0.826 0.285
vn -0.588 0.795 0.145
vn -0.496 0.845 0.198
vn -0.488 0.845 0.220
vn -0.831 0.516 0.206
vn -0.374 0.905 0.206
vn -0.359 0.927 0.106
vn -0.138 0.984 0.114
vn -0.130 0.985 0.115
vn -0.128 0.991 0.035
vn -0.751 0.646 0.140
vn -0.359 0.927 0.106
vn -0.507 0.853 0.128
vn -0.163 0.986 0.044
vn -0.495 0.856 0.150
vn -0.264 0.940 0.218
vn -0.174 0.979 0.104
vn -0.546 0.832 0.102
vn -0.584 0.810 0.063
vn -0.583 0.810 0.064
vn -0.583 0.810 0.063
vn -0.420 0.905 0.064
vn -0.420 0.905 0.064
vn -0.421 0.905 0.064
vn -0.382 0.924 0.024
vn -0.353 0.933 0.070
vn -0.423 0.906 0.023
vn -0.362 0.929 0.071
vn -0.382 0.924 0.023
vn -0.416 0.903 0.107
vn -0.950 0.307 0.064
vn -0.156 0.983 0.100
vn -0.851 0.520 0.080
vn -0.420 0.905 0.064
vn -0.341 0.932 0.120
vn -0.419 0.905 0.065
vn -0.583 0.810 0.063
vn -0.547 0.831 0.102
vn -0.567 0.824 0.015
vn -0.574 0.819 0.009
vn -0.850 0.520 0.080
vn -0.161 0.986 0.054
vn -0.976 0.218 0.000
vn -0.948 0.285 0.139
vn -0.924 0.383 0.000
vn -0.924 0.383 0.000
vn -0.924 0.383 0.000
vn -0.991 0.131 0.000
vn -0.991 0.135 -0.005
vn -0.960 0.213 0.182
vn -0.962 0.178 0.208
vn -0.973 0.134 0.187
vn -0.935 0.207 0.288
vn -0.911 0.256 0.325
vn -0.860 0.249 0.446
vn -0.903 0.027 0.430
vn -0.846 -0.190 0.498
vn -0.899 -0.162 0.408
vn -0.739 -0.552 0.385
vn -0.493 -0.797 0.348
vn -0.493 -0.798 0.348
vn -0.694 -0.449 0.563
vn -0.846 -0.190 0.499
vn -0.897 -0.209 0.389
vn -0.858 0.248 0.450
vn -0.860 0.249 0.445
vn -0.860 0.250 0.446
vn -0.861 0.248 0.444
vn -0.975 0.131 0.179
vn -0.960 0.212 0.182
vn -0.991 0.136 -0.004
vn -0.924 0.383 0.000
vn -0.924 0.382 0.000
vn -0.924 0.383 -0.001
vn 0.941 0.336 0.032
vn 0.923 0.383 0.041
vn 0.952 0.294 0.086
vn 0.923 0.381 0.042
vn 0.869 0.494 0.031
vn 0.868 0.495 0.030
vn 0.979 0.099 0.177
vn 0.899 0.281 0.335
vn 0.905 0.230 0.359
vn 0.407 -0.125 0.905
vn 0.409 -0.121 0.905
vn 0.436 -0.163 0.885
vn 0.517 -0.332 0.789
vn 0.485 -0.453 0.748
vn 0.384 -0.459 0.801
vn 0.344 -0.609 0.715
vn 0.234 -0.608 0.758
vn 0.459 -0.556 0.693
vn 0.106 -0.860 0.499
vn -0.341 -0.878 0.335
vn -0.429 -0.846 0.316
vn -0.008 -0.883 0.470
vn -0.007 -0.883 0.469
vn -0.268 -0.834 0.483
vn 0.252 -0.826 0.504
vn -0.194 -0.718 0.668
vn 0.516 -0.332 0.789
vn 0.383 -0.270 0.883
vn 0.517 -0.332 0.789
vn -0.840 -0.231 0.491
vn -0.860 -0.353 0.369
vn -0.287 0.792 0.539
vn -0.779 0.229 0.583
vn -0.782 0.262 0.566
vn -0.781 -0.272 0.562
vn -0.298 -0.484 0.823
vn -0.574 -0.684 0.450
vn -0.401 -0.131 0.906
vn -0.749 0.171 0.641
vn -0.545 -0.160 0.823
vn -0.674 -0.687 0.272
vn -0.620 -0.731 0.283
vn -0.469 -0.629 0.620
vn -0.472 -0.625 0.621
vn -0.660 -0.687 0.303
vn -0.861 -0.444 0.249
vn -0.596 0.137 0.791
vn 0.064 -0.989 0.136
vn -0.392 0.914 0.101
vn -0.901 0.158 0.403
vn -0.633 -0.710 0.310
vn -0.642 -0.702 0.308
vn -0.736 -0.593 0.327
vn -0.977 -0.019 0.214
vn -0.978 0.001 0.210
vn -0.946 0.221 0.238
vn -0.946 0.219 0.239
vn -0.811 0.534 0.239
vn -0.812 0.533 0.240
vn -0.933 0.266 0.243
vn -0.933 0.270 0.240
vn -0.953 -0.184 0.242
vn -0.956 -0.172 0.237
vn -0.833 -0.497 0.242
vn -0.835 -0.494 0.241
vn 0.161 -0.958 0.238
vn 0.165 -0.957 0.238
vn 0.620 -0.747 0.240
vn 0.623 -0.744 0.241
vn 0.793 -0.560 0.241
vn 0.793 -0.560 0.241
vn -0.272 -0.933 0.235
vn -0.210 -0.947 0.242
vn -0.354 -0.904 0.242
vn -0.351 -0.904 0.242
vn 0.902 -0.359 0.241
vn 0.908 -0.340 0.242
vn -0.521 0.819 0.242
vn -0.519 0.820 0.242
vn -0.918 0.321 0.232
vn -0.852 0.479 0.211
vn 0.549 -0.800 0.242
vn 0.548 -0.801 0.242
vn 0.657 -0.714 0.241
vn 0.659 -0.712 0.242
vn 0.806 -0.542 0.240
vn 0.807 -0.539 0.241
vn 0.934 -0.263 0.242
vn 0.933 -0.268 0.240
vn 0.962 -0.129 0.239
vn 0.962 -0.123 0.242
vn 0.835 0.495 0.241
vn 0.837 0.492 0.240
vn 0.946 0.219 0.240
vn 0.946 0.217 0.239
vn 0.936 0.263 0.235
vn 0.926 0.290 0.241
vn 0.950 -0.197 0.242
vn 0.941 -0.243 0.234
vn 0.928 -0.282 0.242
vn 0.928 -0.284 0.242
vn -0.011 -0.972 0.237
vn 0.003 -0.970 0.243
vn 0.412 -0.878 0.242
vn 0.401 -0.885 0.237
vn -0.589 -0.774 0.233
vn -0.572 -0.785 0.239
vn -0.871 -0.427 0.242
vn -0.870 -0.429 0.242
vn -0.788 -0.568 0.237
vn -0.777 -0.581 0.242
vn -0.970 -0.034 0.240
vn -0.970 -0.039 0.242
vn -0.913 -0.330 0.242
vn -0.925 -0.301 0.231
vn -0.240 -0.941 0.238
vn -0.244 -0.940 0.237
vn -0.217 -0.946 0.242
vn -0.254 -0.939 0.231
vn 0.324 -0.917 0.233
vn 0.348 -0.906 0.239
vn -0.583 0.779 0.230
vn -0.564 0.797 0.217
vn 0.041 0.978 0.206
vn -0.002 0.973 0.232
vn -0.786 0.571 0.237
vn -0.787 0.569 0.238
vn -0.386 0.901 0.198
vn -0.463 0.854 0.237
vn -0.692 0.679 0.242
vn -0.688 0.684 0.241
vn -0.118 0.963 0.241
vn -0.116 0.964 0.239
vn -0.659 0.712 0.242
vn -0.662 0.710 0.242
vn -0.417 0.877 0.240
vn -0.424 0.873 0.242
vn -0.930 0.279 0.240
vn -0.932 0.270 0.243
vn 0.104 -0.988 0.115
vn 0.088 -0.996 -0.030
vn 0.008 -0.999 0.041
vn 0.103 -0.995 -0.001
vn 0.916 -0.078 0.394
vn 0.888 -0.073 0.453
vn 0.877 -0.118 0.465
vn 0.877 -0.118 0.466
vn 0.976 -0.179 -0.128
vn 0.976 -0.178 -0.127
vn 0.883 0.038 0.469
vn 0.962 -0.097 -0.256
vn 0.875 -0.302 0.377
vn 0.128 -0.781 0.611
vn 0.739 0.254 0.624
vn 0.813 -0.575 -0.093
vn 0.805 -0.579 0.132
vn -0.200 -0.961 -0.190
vn 0.126 -0.991 0.055
vn 0.137 -0.988 0.066
vn 0.344 -0.939 -0.028
vn 0.666 -0.745 0.036
vn 0.600 -0.790 0.127
vn 0.202 -0.977 0.070
vn 0.232 -0.972 0.032
vn 0.186 -0.973 -0.134
vn 0.057 -0.995 -0.084
vn 0.207 -0.977 -0.052
vn 0.183 -0.973 -0.138
vn 0.117 -0.987 -0.114
vn 0.137 -0.988 -0.072
vn 0.119 -0.989 -0.088
vn 0.192 -0.981 -0.037
vn 0.262 -0.963 -0.056
vn 0.218 -0.974 0.058
vn 0.351 -0.937 -0.002
vn 0.341 -0.940 0.020
vn 0.064 -0.462 -0.884
vn 0.087 -0.526 -0.846
vn -0.044 -0.997 0.068
vn -0.016 -0.999 0.030
vn -0.004 -0.999 0.039
vn 0.274 -0.960 -0.060
vn -0.310 -0.940 0.139
vn 0.079 -0.997 -0.007
vn 0.341 -0.940 0.015
vn 0.345 -0.939 0.016
vn -0.792 -0.598 -0.124
vn -0.908 -0.369 -0.200
vn 0.097 -0.984 0.152
vn 0.095 -0.985 0.142
vn 0.170 -0.982 0.076
vn 0.060 -0.998 0.025
vn 0.491 -0.789 -0.369
vn -0.796 -0.598 -0.092
vn -0.923 -0.352 -0.155
vn 0.520 -0.814 -0.260
vn 0.513 -0.772 -0.375
vn 0.893 -0.386 0.233
vn 0.866 -0.452 0.216
vn 0.295 -0.955 0.018
vn 0.252 -0.959 0.131
vn 0.207 -0.975 0.086
vn 0.134 -0.984 0.121
vn 0.254 -0.958 0.131
vn 0.253 -0.958 0.132
vn 0.212 -0.977 0.020
vn 0.208 -0.975 0.084
vn 0.206 -0.975 0.081
vn 0.131 -0.988 0.076
vn 0.236 -0.971 -0.037
vn 0.240 -0.970 -0.041
vn 0.236 -0.971 -0.042
vn -0.313 -0.948 0.066
vn -0.246 -0.960 0.134
vn -0.308 -0.942 0.131
vn 0.328 -0.929 0.171
vn 0.587 -0.800 0.126
vn 0.241 -0.967 0.083
vn 0.131 -0.984 0.121
vn 0.781 -0.598 0.180
vn 0.813 -0.575 -0.093
vn 0.813 -0.575 -0.093
vn 0.809 -0.576 -0.114
vn 0.837 -0.534 -0.121
vn 0.797 -0.365 0.482
vn 0.822 -0.390 0.415
vn 0.799 -0.383 0.464
vn 0.807 -0.388 0.446
vn 0.805 -0.387 0.449
vn 0.432 -0.092 0.897
vn 0.451 -0.098 0.887
vn 0.890 -0.450 -0.073
vn 0.854 -0.260 0.450
vn 0.854 -0.260 0.451
vn 0.576 -0.014 0.818
vn 0.525 0.006 0.851
vn 0.837 -0.529 -0.142
vn 0.809 -0.576 -0.114
vn 0.806 -0.573 -0.147
vn 0.807 -0.570 -0.154
vn 0.815 -0.549 -0.186
vn 0.848 -0.511 -0.140
vn 0.795 -0.365 0.485
vn 0.901 -0.434 -0.008
vn 0.901 -0.434 -0.009
vn 0.880 -0.472 -0.056
vn 0.880 -0.474 -0.026
vn 0.877 -0.479 -0.036
vn 0.815 -0.567 0.117
vn 0.975 -0.218 -0.040
vn 0.976 -0.216 -0.017
vn 0.798 -0.596 0.093
vn 0.801 -0.591 0.093
vn -0.083 -0.980 0.182
vn -0.140 -0.987 0.078
vn -0.106 -0.994 -0.020
vn 0.205 0.038 0.978
vn 0.206 0.036 0.978
vn 0.081 0.052 0.995
vn 0.082 0.048 0.995
vn 0.989 -0.068 0.134
vn 0.989 -0.066 0.134
vn 0.987 -0.066 0.147
vn 0.987 -0.067 0.147
vn 0.942 -0.053 0.330
vn 0.942 -0.055 0.330
vn 0.930 -0.050 0.363
vn 0.930 -0.052 0.363
vn 0.101 -0.076 -0.992
vn 0.995 -0.103 -0.010
vn 0.995 -0.103 -0.010
vn 0.566 -0.610 -0.554
vn 0.485 -0.645 0.591
vn -0.078 -0.703 -0.707
vn -0.078 -0.693 -0.717
vn 0.674 -0.734 0.084
vn 0.580 -0.804 0.131
vn 0.706 -0.104 -0.701
vn 0.707 -0.103 -0.699
vn 0.718 -0.043 0.695
vn 0.721 -0.045 0.692
vn -0.102 -0.994 -0.026
vn -0.081 -0.996 -0.037
vn -0.021 -0.999 0.044
vn -0.033 -0.996 0.079
vn -0.103 -0.994 -0.035
vn -0.081 -0.996 -0.048
vn -0.104 -0.989 0.103
vn -0.194 -0.981 -0.017
vn -0.104 -0.993 -0.049
vn -0.021 -0.999 0.039
vn 0.997 -0.069 0.030
vn 0.997 -0.069 0.030
vn 0.995 -0.079 0.056
vn 0.996 -0.068 0.055
vn 0.752 -0.047 0.657
vn 0.752 -0.041 0.658
vn 0.142 0.019 0.990
vn 0.142 0.008 0.990
vn 0.991 -0.075 -0.114
vn 0.991 -0.073 -0.114
vn 0.995 -0.076 -0.057
vn 0.996 -0.073 -0.057
vn 0.996 -0.075 -0.057
vn 0.995 -0.082 -0.058
vn 0.996 -0.072 -0.057
vn 0.860 -0.043 0.509
vn 0.860 -0.048 0.507
vn 0.156 0.021 0.987
vn 0.156 0.022 0.987
vn 0.033 0.034 0.999
vn 0.034 0.031 0.999
vn 0.993 -0.082 -0.088
vn 0.772 -0.050 0.633
vn 0.771 -0.042 0.635
vn 0.107 0.011 0.994
vn 0.030 0.008 1.000
vn -0.005 -0.710 0.704
vn -0.008 -0.721 0.693
vn -0.043 -0.702 0.711
vn -0.045 -0.708 0.705
vn 0.035 0.038 0.999
vn 0.030 0.028 0.999
vn 0.026 -0.067 -0.997
vn 0.020 -0.080 -0.997
vn -0.038 -0.999 -0.036
vn 0.005 -1.000 -0.003
vn -0.015 -0.687 -0.727
vn 0.023 -0.082 -0.996
vn 0.029 -0.076 -0.997
vn -0.033 -0.997 0.071
vn -0.016 -0.998 0.057
vn -0.103 -0.992 0.072
vn -0.045 -0.995 0.092
vn -0.022 -0.999 0.039
vn -0.039 -0.998 0.051
vn -0.090 -0.991 0.096
vn -0.091 -0.991 0.096
vn -0.044 -0.995 0.094
vn -0.048 -0.997 0.064
vn -0.042 -0.994 0.098
vn -0.055 -0.993 0.108
vn -0.068 -0.991 0.117
vn -0.068 -0.991 0.117
vn -0.087 -0.988 0.124
vn -0.105 -0.989 0.103
vn -0.069 -0.990 0.120
vn -0.085 -0.996 0.002
vn -0.036 -0.996 0.077
vn -0.040 -0.687 -0.725
vn -0.039 -0.694 -0.718
vn 0.022 -0.073 -0.997
vn 0.012 -0.097 -0.995
vn 0.030 -0.001 -1.000
vn 0.021 -0.046 -0.999
vn 0.022 -0.047 -0.999
vn 0.024 -0.045 -0.999
vn 0.050 0.032 -0.998
vn 0.026 0.006 -1.000
vn -0.049 -0.732 0.680
vn -0.045 -0.753 0.656
vn -0.040 -0.999 0.019
vn -0.003 -0.678 -0.735
vn -0.005 -0.667 -0.745
vn 0.844 -0.050 -0.534
vn 0.847 -0.048 -0.530
vn 0.627 -0.774 -0.084
vn 0.028 -0.024 0.999
vn 0.639 -0.768 0.044
vn 0.800 -0.600 0.020
vn -0.007 -0.685 0.729
vn -0.007 -0.686 0.728
vn 0.085 -0.023 0.996
vn 0.641 -0.760 -0.107
vn 0.635 -0.765 -0.106
vn 0.640 -0.768 0.029
vn 0.667 -0.745 0.024
vn 0.667 -0.745 0.026
vn 0.689 -0.724 0.019
vn 0.553 -0.736 0.391
vn 0.521 -0.762 0.385
vn 0.107 -0.614 0.782
vn 0.087 -0.693 0.716
vn 0.008 -0.676 0.737
vn 0.007 -0.679 0.735
vn 0.033 0.025 0.999
vn 0.028 0.004 1.000
vn 0.996 -0.072 -0.052
vn 0.648 -0.761 -0.014
vn 0.636 -0.772 -0.014
vn 0.633 -0.766 0.114
vn 0.779 -0.620 0.094
vn 0.379 -0.799 0.468
vn 0.540 -0.676 0.502
vn 0.030 -0.689 0.725
vn 0.042 -0.664 0.747
vn 0.071 -0.652 0.755
vn 0.068 -0.676 0.733
vn 0.033 0.052 0.998
vn 0.101 -0.666 0.739
vn 0.107 -0.652 0.751
vn 0.600 -0.795 0.091
vn 0.643 -0.760 0.094
vn 0.636 -0.748 0.187
vn 0.649 -0.737 0.187
vn 0.603 -0.735 0.311
vn 0.625 -0.715 0.313
vn 0.620 -0.716 0.320
vn 0.620 -0.716 0.320
vn -0.056 -0.994 0.095
vn -0.010 -0.994 0.107
vn 0.016 -0.998 0.062
vn 0.027 -0.067 0.997
vn 0.027 -0.003 1.000
vn 0.022 -0.716 0.698
vn 0.018 -0.065 0.998
vn 0.031 -0.024 0.999
vn 0.027 -0.081 0.996
vn 0.028 -0.004 1.000
vn 0.029 -0.019 0.999
vn 0.044 0.002 0.999
vn 0.039 0.035 0.999
vn 0.043 0.040 0.998
vn 0.020 -0.723 0.690
vn -0.005 -0.663 -0.748
vn 0.140 -0.987 0.078
vn 0.083 -0.980 0.182
vn 0.107 -0.992 0.072
vn 0.106 -0.994 -0.020
vn -0.206 0.036 0.978
vn -0.205 0.038 0.978
vn -0.082 0.048 0.995
vn -0.081 0.052 0.995
vn -0.989 -0.066 0.134
vn -0.989 -0.066 0.134
vn -0.987 -0.065 0.146
vn -0.987 -0.066 0.146
vn -0.943 -0.053 0.330
vn -0.943 -0.051 0.330
vn -0.931 -0.050 0.363
vn -0.931 -0.048 0.363
vn -0.101 -0.076 -0.992
vn -0.995 -0.103 -0.010
vn -0.995 -0.103 -0.010
vn -0.566 -0.610 -0.554
vn -0.485 -0.642 0.593
vn 0.078 -0.693 -0.717
vn 0.078 -0.703 -0.707
vn -0.582 -0.803 0.130
vn -0.674 -0.734 0.084
vn -0.707 -0.103 -0.699
vn -0.706 -0.104 -0.701
vn -0.719 -0.045 0.693
vn -0.716 -0.043 0.697
vn 0.081 -0.996 -0.037
vn 0.102 -0.994 -0.026
vn 0.033 -0.996 0.079
vn 0.021 -0.999 0.044
vn 0.081 -0.996 -0.048
vn 0.103 -0.994 -0.035
vn 0.104 -0.989 0.103
vn 0.104 -0.993 -0.049
vn 0.194 -0.981 -0.017
vn 0.021 -0.999 0.039
vn -0.996 -0.079 0.029
vn -0.996 -0.079 0.029
vn -0.995 -0.078 0.056
vn -0.995 -0.079 0.056
vn -0.752 -0.041 0.658
vn -0.752 -0.047 0.657
vn -0.142 0.008 0.990
vn -0.142 0.020 0.990
vn -0.991 -0.065 -0.114
vn -0.992 -0.064 -0.114
vn -0.996 -0.063 -0.057
vn -0.996 -0.066 -0.057
vn -0.996 -0.075 -0.057
vn -0.996 -0.072 -0.056
vn -0.995 -0.077 -0.057
vn -0.860 -0.048 0.507
vn -0.860 -0.046 0.508
vn -0.156 0.022 0.987
vn -0.156 0.022 0.987
vn -0.034 0.031 0.999
vn -0.033 0.034 0.999
vn -0.990 -0.111 -0.090
vn -0.994 -0.072 -0.087
vn -0.772 -0.050 0.633
vn -0.107 0.000 0.994
vn 0.008 -0.721 0.693
vn 0.005 -0.710 0.704
vn 0.045 -0.708 0.705
vn 0.043 -0.702 0.711
vn -0.035 0.038 0.999
vn -0.030 0.028 0.999
vn -0.020 -0.080 -0.997
vn -0.026 -0.067 -0.997
vn -0.005 -1.000 -0.003
vn 0.038 -0.999 -0.036
vn 0.015 -0.687 -0.727
vn -0.029 -0.076 -0.997
vn -0.023 -0.082 -0.996
vn 0.016 -0.998 0.057
vn 0.033 -0.997 0.071
vn 0.045 -0.995 0.092
vn 0.103 -0.992 0.072
vn 0.039 -0.998 0.051
vn 0.022 -0.999 0.039
vn 0.090 -0.991 0.096
vn 0.091 -0.991 0.096
vn 0.044 -0.995 0.094
vn 0.042 -0.994 0.098
vn 0.048 -0.997 0.064
vn 0.055 -0.993 0.108
vn 0.068 -0.991 0.117
vn 0.068 -0.991 0.117
vn 0.087 -0.988 0.124
vn 0.069 -0.990 0.120
vn 0.105 -0.989 0.103
vn 0.036 -0.996 0.077
vn 0.085 -0.996 0.002
vn 0.039 -0.695 -0.718
vn 0.040 -0.687 -0.725
vn -0.012 -0.097 -0.995
vn -0.022 -0.073 -0.997
vn -0.030 -0.001 -1.000
vn -0.022 -0.047 -0.999
vn -0.021 -0.046 -0.999
vn -0.024 -0.045 -0.999
vn -0.050 0.032 -0.998
vn -0.026 0.006 -1.000
vn 0.085 -0.996 -0.035
vn -0.031 0.070 -0.997
vn -0.847 -0.048 -0.530
vn -0.844 -0.050 -0.534
vn -0.995 -0.099 -0.029
vn -0.693 -0.124 0.710
vn 0.039 -0.998 0.039
vn -0.637 -0.766 -0.085
vn -0.028 -0.024 0.999
vn -0.639 -0.768 0.044
vn -0.594 -0.682 0.426
vn -0.050 -0.689 0.723
vn 0.007 -0.686 0.728
vn 0.007 -0.685 0.728
vn -0.086 -0.024 0.996
vn -0.631 -0.768 -0.106
vn -0.644 -0.757 -0.108
vn -0.663 -0.748 0.025
vn -0.636 -0.771 0.030
vn -0.689 -0.724 0.018
vn -0.664 -0.748 0.026
vn -0.521 -0.762 0.385
vn -0.553 -0.736 0.391
vn -0.087 -0.693 0.716
vn -0.107 -0.614 0.782
vn -0.007 -0.679 0.735
vn -0.008 -0.676 0.737
vn -0.028 0.004 1.000
vn -0.033 0.025 0.999
vn -0.995 -0.077 -0.067
vn -0.639 -0.769 -0.014
vn -0.652 -0.758 -0.014
vn -0.783 -0.615 0.093
vn -0.637 -0.763 0.113
vn -0.539 -0.676 0.503
vn -0.380 -0.797 0.469
vn -0.042 -0.664 0.747
vn -0.030 -0.689 0.725
vn -0.068 -0.676 0.733
vn -0.071 -0.653 0.754
vn -0.033 0.052 0.998
vn -0.107 -0.653 0.750
vn -0.101 -0.666 0.739
vn -0.639 -0.763 0.094
vn -0.604 -0.792 0.092
vn -0.653 -0.734 0.187
vn -0.633 -0.751 0.187
vn -0.625 -0.715 0.313
vn -0.606 -0.732 0.311
vn -0.620 -0.716 0.320
vn -0.620 -0.716 0.320
vn 0.056 -0.994 0.095
vn -0.016 -0.998 0.062
vn 0.010 -0.994 0.107
vn -0.027 -0.003 1.000
vn -0.022 -0.716 0.698
vn -0.018 -0.065 0.998
vn -0.027 -0.081 0.996
vn -0.031 -0.024 0.999
vn -0.029 -0.019 0.999
vn -0.028 -0.004 1.000
vn -0.045 0.002 0.999
vn -0.039 0.035 0.999
vn -0.043 0.040 0.998
vn -0.020 -0.723 0.690
vn 0.005 -0.663 -0.748
vn -0.287 -0.902 -0.321
vn -0.057 -0.947 -0.317
vn -0.190 -0.978 0.088
vn -0.302 -0.951 0.064
vn -0.130 -0.991 0.013
vn 0.110 -0.851 0.514
vn -0.010 -0.994 0.107
vn -0.192 -0.976 0.103
vn -0.120 -0.972 0.201
vn -0.058 -0.969 0.239
vn -0.281 -0.953 0.115
vn 0.039 -0.986 0.161
vn 0.022 -1.000 -0.019
vn -0.039 -0.938 0.343
vn -0.338 -0.904 0.261
vn -0.060 -0.970 0.235
vn -0.120 -0.983 0.142
vn -0.574 0.114 -0.811
vn -0.578 0.115 -0.808
vn 0.132 -0.964 -0.230
vn 0.119 -0.962 -0.247
vn 0.599 -0.732 0.324
vn 0.189 -0.411 0.892
vn 0.230 -0.300 0.926
vn 0.793 -0.410 0.451
vn -0.065 -0.994 -0.090
vn -0.114 -0.988 -0.107
vn -0.359 -0.931 -0.069
vn -0.091 -0.981 -0.170
vn -0.060 -0.940 -0.335
vn -0.232 -0.924 -0.304
vn 0.366 -0.899 -0.242
vn -0.085 -0.980 -0.179
vn -0.344 -0.907 0.245
vn -0.310 -0.916 0.255
vn -0.337 -0.877 0.341
vn -0.307 -0.885 0.350
vn -0.131 -0.991 0.016
vn -0.090 -0.992 0.090
vn -0.327 -0.941 -0.083
vn -0.026 -0.994 -0.106
vn 0.083 -0.543 -0.835
vn 0.114 -0.981 0.157
vn 0.152 -0.966 0.207
vn 0.182 -0.619 0.764
vn 0.246 -0.524 0.816
vn -0.045 -0.999 0.023
vn -0.041 -0.999 0.002
vn 0.737 -0.632 -0.240
vn 0.468 -0.816 -0.340
vn -0.284 -0.919 -0.275
vn -0.172 -0.950 -0.260
vn 0.343 -0.920 -0.189
vn 0.334 -0.925 -0.178
vn 0.206 -0.978 0.004
vn -0.290 -0.934 -0.210
vn -0.065 -0.986 -0.153
vn -0.784 0.180 0.594
vn -0.783 0.118 0.611
vn -0.783 0.113 0.612
vn -0.781 0.112 0.615
vn -0.906 0.271 0.325
vn -0.939 0.209 0.272
vn -0.934 0.262 -0.243
vn -0.935 0.260 -0.239
vn -0.016 -0.014 -1.000
vn -0.008 -0.010 -1.000
vn 0.562 -0.091 -0.822
vn 0.523 -0.147 -0.840
vn 0.732 -0.113 -0.672
vn 0.763 -0.055 -0.645
vn 0.895 -0.062 -0.441
vn 0.895 -0.061 -0.442
vn -0.588 -0.056 -0.807
vn -0.495 -0.155 -0.855
vn 0.199 -0.057 -0.978
vn 0.201 -0.056 -0.978
vn 0.178 -0.019 -0.984
vn 0.169 -0.016 -0.986
vn 0.554 -0.344 -0.758
vn 0.795 -0.357 -0.490
vn 0.837 -0.295 -0.460
vn 0.947 -0.322 -0.014
vn 0.935 -0.352 -0.037
vn 0.556 -0.219 0.802
vn 0.562 -0.267 0.783
vn 0.938 -0.333 0.100
vn 0.930 -0.352 0.110
vn 0.832 -0.265 0.488
vn 0.798 -0.322 0.510
vn 0.949 -0.295 -0.109
vn 0.952 -0.282 -0.120
vn 0.853 -0.267 -0.449
vn 0.863 -0.255 -0.437
vn 0.743 -0.238 -0.626
vn 0.754 -0.226 -0.617
vn -0.127 -0.001 0.992
vn -0.118 -0.022 0.993
vn -0.717 0.198 0.668
vn -0.640 -0.055 0.766
vn 0.854 -0.333 0.399
vn 0.842 -0.410 0.349
vn 0.651 -0.367 0.665
vn 0.645 -0.439 0.625
vn 0.610 -0.371 0.700
vn 0.619 -0.446 0.646
vn 0.056 -0.279 0.959
vn -0.003 -0.400 0.916
vn -0.064 -0.993 -0.096
vn 0.211 -0.976 0.048
vn -0.058 -0.996 -0.071
vn 0.365 -0.931 -0.012
vn 0.430 -0.887 -0.167
vn 0.339 -0.921 -0.191
vn 0.638 -0.768 -0.052
vn 0.762 0.026 -0.647
vn -0.057 -0.996 -0.071
vn 0.303 -0.844 -0.442
vn 0.207 -0.978 0.005
vn 0.698 -0.085 -0.711
vn 0.851 -0.232 -0.471
vn -0.017 -0.946 0.325
vn -0.112 -0.982 0.150
vn 0.347 -0.913 -0.216
vn 0.337 -0.917 -0.212
vn -0.049 -0.997 -0.057
vn 0.327 -0.924 -0.198
vn 0.149 -0.988 0.037
vn 0.198 -0.980 0.020
vn 0.790 0.225 -0.570
vn 0.789 0.227 -0.571
vn 0.790 0.225 -0.570
vn 0.800 -0.140 -0.583
vn 0.908 -0.059 -0.414
vn 0.907 -0.059 -0.416
vn 0.900 -0.060 -0.432
vn 0.908 -0.059 -0.414
vn 0.907 -0.053 -0.417
vn 0.774 0.255 -0.580
vn 0.768 0.265 -0.583
vn 0.768 0.265 -0.583
vn 0.515 -0.808 -0.288
vn 0.487 -0.813 -0.320
vn 0.478 -0.825 -0.303
vn 0.298 -0.898 -0.324
vn 0.486 -0.825 -0.289
vn 0.064 -0.994 0.093
vn 0.086 -0.963 -0.256
vn 0.087 -0.961 -0.261
vn 0.090 -0.959 -0.268
vn 0.127 -0.949 -0.289
vn -0.035 -0.966 0.254
vn -0.024 -0.964 0.263
vn -0.090 -0.952 0.294
vn -0.034 -0.932 0.362
vn -0.088 -0.939 0.332
vn -0.101 -0.934 0.342
vn 0.233 -0.588 -0.775
vn 0.087 -0.734 -0.673
vn 0.799 -0.552 0.238
vn 0.201 -0.979 0.010
vn 0.057 -0.947 -0.317
vn 0.289 -0.902 -0.321
vn 0.303 -0.951 0.064
vn 0.192 -0.977 0.088
vn -0.110 -0.851 0.514
vn 0.130 -0.991 0.013
vn 0.192 -0.976 0.103
vn 0.010 -0.994 0.107
vn 0.120 -0.972 0.201
vn 0.281 -0.953 0.115
vn 0.058 -0.969 0.239
vn -0.039 -0.986 0.161
vn -0.022 -1.000 -0.019
vn 0.340 -0.904 0.261
vn 0.039 -0.938 0.343
vn 0.120 -0.983 0.142
vn 0.060 -0.970 0.235
vn 0.579 0.114 -0.808
vn 0.582 0.114 -0.805
vn -0.119 -0.962 -0.247
vn -0.133 -0.964 -0.230
vn -0.599 -0.732 0.324
vn -0.231 -0.300 0.926
vn -0.189 -0.411 0.892
vn -0.793 -0.410 0.451
vn 0.111 -0.988 -0.106
vn 0.065 -0.994 -0.090
vn 0.091 -0.981 -0.170
vn 0.359 -0.931 -0.070
vn 0.233 -0.924 -0.304
vn 0.060 -0.940 -0.335
vn 0.085 -0.980 -0.179
vn -0.366 -0.899 -0.241
vn 0.311 -0.916 0.255
vn 0.344 -0.907 0.245
vn 0.308 -0.885 0.350
vn 0.340 -0.877 0.341
vn 0.097 -0.991 0.088
vn 0.132 -0.991 0.020
vn 0.026 -0.994 -0.106
vn 0.327 -0.941 -0.083
vn -0.084 -0.543 -0.835
vn -0.152 -0.966 0.207
vn -0.115 -0.981 0.157
vn -0.246 -0.524 0.816
vn -0.182 -0.619 0.764
vn 0.045 -0.999 0.023
vn 0.041 -0.999 0.002
vn -0.468 -0.816 -0.340
vn -0.736 -0.633 -0.240
vn 0.173 -0.950 -0.260
vn 0.284 -0.919 -0.275
vn -0.333 -0.926 -0.176
vn -0.343 -0.920 -0.189
vn -0.206 -0.978 0.005
vn 0.065 -0.986 -0.153
vn 0.290 -0.934 -0.210
vn 0.784 0.180 0.594
vn 0.785 0.122 0.608
vn 0.783 0.119 0.610
vn 0.783 0.117 0.611
vn 0.783 0.121 0.610
vn 0.939 0.209 0.272
vn 0.906 0.271 0.326
vn 0.935 0.260 -0.241
vn 0.934 0.262 -0.244
vn 0.008 -0.010 -1.000
vn 0.016 -0.014 -1.000
vn -0.523 -0.147 -0.840
vn -0.563 -0.090 -0.822
vn -0.762 -0.055 -0.645
vn -0.732 -0.112 -0.672
vn -0.895 -0.062 -0.441
vn -0.895 -0.060 -0.442
vn 0.497 -0.156 -0.853
vn 0.591 -0.055 -0.805
vn -0.231 0.229 -0.946
vn -0.168 -0.017 -0.986
vn -0.200 -0.057 -0.978
vn -0.200 -0.057 -0.978
vn -0.484 -0.116 -0.867
vn -0.826 -0.324 -0.461
vn -0.804 -0.357 -0.476
vn -0.937 -0.348 -0.034
vn -0.947 -0.322 -0.014
vn -0.563 -0.267 0.782
vn -0.556 -0.219 0.802
vn -0.930 -0.352 0.109
vn -0.937 -0.335 0.100
vn -0.797 -0.323 0.511
vn -0.832 -0.264 0.487
vn -0.952 -0.281 -0.120
vn -0.949 -0.296 -0.107
vn -0.862 -0.256 -0.438
vn -0.853 -0.267 -0.449
vn -0.754 -0.226 -0.617
vn -0.742 -0.239 -0.626
vn 0.118 -0.022 0.993
vn 0.127 -0.001 0.992
vn 0.640 -0.055 0.766
vn 0.717 0.198 0.669
vn -0.843 -0.409 0.350
vn -0.854 -0.333 0.399
vn -0.645 -0.439 0.625
vn -0.651 -0.366 0.665
vn -0.619 -0.446 0.646
vn -0.610 -0.370 0.700
vn -0.047 -0.404 0.913
vn -0.011 -0.280 0.960
vn 0.064 -0.993 -0.096
vn -0.210 -0.976 0.048
vn 0.058 -0.996 -0.071
vn -0.429 -0.888 -0.166
vn -0.365 -0.931 -0.011
vn -0.340 -0.921 -0.190
vn -0.639 -0.767 -0.054
vn -0.762 0.027 -0.647
vn 0.057 -0.996 -0.071
vn -0.303 -0.844 -0.442
vn -0.207 -0.978 0.005
vn -0.696 -0.086 -0.713
vn -0.851 -0.234 -0.470
vn 0.017 -0.946 0.325
vn 0.113 -0.982 0.150
vn -0.338 -0.917 -0.212
vn -0.345 -0.913 -0.216
vn -0.328 -0.924 -0.198
vn 0.049 -0.997 -0.057
vn -0.198 -0.980 0.020
vn -0.149 -0.988 0.037
vn -0.787 0.230 -0.572
vn -0.774 0.254 -0.580
vn -0.790 0.226 -0.570
vn -0.765 0.270 -0.584
vn -0.767 0.267 -0.584
vn -0.768 0.265 -0.583
vn -0.908 -0.060 -0.414
vn -0.909 -0.059 -0.413
vn -0.923 -0.057 -0.381
vn -0.908 -0.057 -0.415
vn -0.912 -0.078 -0.403
vn -0.515 -0.807 -0.288
vn -0.478 -0.825 -0.302
vn -0.487 -0.813 -0.320
vn -0.486 -0.825 -0.289
vn -0.298 -0.898 -0.324
vn -0.064 -0.994 0.093
vn -0.127 -0.949 -0.289
vn -0.090 -0.959 -0.268
vn -0.087 -0.961 -0.261
vn -0.086 -0.963 -0.256
vn 0.024 -0.964 0.263
vn 0.035 -0.966 0.254
vn 0.034 -0.932 0.362
vn 0.090 -0.952 0.294
vn 0.101 -0.934 0.342
vn 0.088 -0.939 0.332
vn -0.233 -0.587 -0.775
vn -0.087 -0.734 -0.673
vn -0.799 -0.553 0.238
vn -0.202 -0.979 0.010
vn -0.754 0.088 0.651
vn -0.760 0.090 0.644
vn 0.484 -0.116 -0.867
vn 0.590 -0.316 -0.743
vn 0.589 -0.313 -0.745
vn 0.592 -0.308 -0.745
vn 0.590 -0.312 -0.745
vn 0.744 0.085 0.662
vn 0.746 0.087 0.660
vn -0.554 -0.344 -0.758
vn -0.590 -0.312 -0.745
vn -0.594 -0.305 -0.744
vn -0.590 -0.313 -0.745
vn 0.445 -0.896 0.000
vn 0.457 -0.889 -0.002
vn 0.474 -0.880 0.003
vn 0.476 -0.879 0.003
vn 0.456 -0.890 0.000
vn 0.116 -0.993 0.000
vn -0.423 -0.906 -0.003
vn -0.402 -0.915 -0.014
vn -0.419 -0.908 0.001
vn -0.426 -0.905 0.000
vn -0.139 -0.533 -0.835
vn -0.419 -0.908 0.001
vn -0.451 -0.893 0.001
vn -0.447 -0.894 0.001
vn -0.454 -0.891 0.001
vn -0.456 -0.890 0.000
vn -0.458 -0.889 0.006
vn -0.444 -0.896 -0.004
vn -0.412 -0.911 0.002
vn -0.406 -0.914 0.000
vn -0.401 -0.916 0.000
vn -0.336 -0.942 0.000
vn -0.340 -0.941 0.000
vn -0.378 -0.926 0.015
vn -0.359 -0.933 0.004
vn -0.349 -0.937 0.029
vn -0.306 -0.952 0.002
vn -0.318 -0.948 -0.001
vn -0.244 -0.970 0.013
vn -0.248 -0.969 -0.003
vn -0.210 -0.978 0.015
vn -0.209 -0.978 0.002
vn -0.051 -0.481 0.875
vn -0.173 -0.983 0.067
vn -0.041 -0.999 0.000
vn -0.051 -0.999 0.006
vn -0.054 -0.999 -0.003
vn -0.125 -0.992 0.000
vn -0.168 -0.986 -0.019
vn -0.142 -0.990 0.002
vn -0.227 -0.974 0.000
vn -0.159 -0.987 -0.030
vn -0.172 -0.985 -0.017
vn -0.180 -0.984 -0.005
vn -0.175 -0.985 0.003
vn -0.184 -0.983 -0.008
vn -0.203 -0.979 -0.001
vn -0.308 -0.951 0.000
vn -0.282 -0.959 -0.009
vn -0.271 -0.962 -0.015
vn -0.271 -0.963 -0.014
vn -0.271 -0.962 -0.014
vn -0.272 -0.962 -0.014
vn -0.266 -0.964 -0.016
vn -0.274 -0.962 -0.012
vn -0.271 -0.962 -0.015
vn -0.253 -0.967 -0.004
vn -0.244 -0.970 0.002
vn -0.261 -0.965 -0.005
vn -0.248 -0.969 0.000
vn -0.232 -0.973 0.000
vn -0.396 -0.918 -0.006
vn 0.089 -0.996 0.000
vn 0.074 -0.997 -0.002
vn 0.065 -0.998 0.003
vn 0.091 -0.996 -0.003
vn 0.054 -0.998 0.018
vn 0.068 -0.998 0.009
vn 0.064 -0.998 0.010
vn 0.151 -0.988 0.035
vn 0.226 -0.974 0.002
vn 0.226 -0.974 -0.005
vn 0.271 -0.959 0.079
vn 0.272 -0.960 0.068
vn 0.278 -0.960 0.012
vn 0.278 -0.960 0.004
vn 0.277 -0.960 0.038
vn 0.276 -0.960 0.050
vn 0.361 -0.933 0.004
vn 0.362 -0.932 0.003
vn 0.371 -0.928 0.042
vn 0.370 -0.928 0.030
vn 0.328 -0.508 0.796
vn 0.424 -0.905 0.001
vn 0.419 -0.908 0.002
vn 0.397 -0.918 0.000
vn 0.402 -0.916 0.000
vn 0.432 -0.902 0.000
vn 0.404 -0.915 0.001
vn 0.415 -0.910 0.008
vn 0.415 -0.910 0.006
vn 0.415 -0.910 0.007
vn 0.391 -0.920 0.000
vn 0.356 -0.934 -0.009
vn 0.275 -0.961 -0.011
vn 0.271 -0.962 -0.007
vn 0.269 -0.963 -0.006
vn 0.270 -0.963 -0.006
vn 0.277 -0.961 -0.006
vn 0.267 -0.964 -0.003
vn 0.270 -0.963 -0.008
vn 0.153 -0.988 0.001
vn 0.171 -0.985 0.001
vn 0.189 -0.982 0.002
vn 0.191 -0.982 0.002
vn 0.217 -0.968 -0.126
vn 0.204 -0.978 -0.040
vn 0.162 -0.987 0.000
vn 0.172 -0.985 0.001
vn 0.168 -0.986 0.003
vn -0.641 -0.603 -0.475
vn -0.635 -0.296 -0.713
vn 0.595 -0.587 0.549
vn 0.795 -0.285 0.535
vn -0.017 -0.416 -0.909
vn -0.037 -0.437 -0.899
vn 0.783 -0.607 -0.137
vn 0.639 -0.765 -0.082
vn 0.460 -0.232 0.857
vn 0.354 -0.403 0.844
vn -0.373 -0.575 0.728
vn 0.135 -0.441 -0.887
vn 0.118 -0.454 -0.883
vn 0.480 -0.415 0.773
vn -0.014 -0.433 0.901
vn 0.163 -0.274 0.948
vn -0.019 -0.448 -0.894
vn 0.257 -0.462 -0.849
vn -0.089 -0.515 0.853
vn 0.076 -0.771 0.632
vn 0.476 -0.389 -0.789
vn 0.669 -0.456 -0.588
vn 0.325 -0.919 -0.223
vn 0.236 -0.926 0.296
vn -0.578 -0.592 0.562
vn -0.268 -0.755 -0.599
vn 0.592 -0.116 -0.798
vn 0.439 -0.820 -0.368
vn 0.856 -0.385 -0.344
vn 0.063 -0.670 0.740
vn 0.148 -0.571 0.807
vn 0.512 -0.636 0.578
vn 0.379 -0.429 0.820
vn 0.270 -0.600 0.753
vn -0.054 -0.615 0.787
vn 0.037 -0.571 0.820
vn 0.122 -0.631 0.766
vn 0.321 -0.621 0.715
vn 0.403 -0.565 0.720
vn -0.436 -0.662 -0.609
vn -0.602 -0.789 -0.120
vn 0.351 -0.707 -0.614
vn 0.085 -0.305 -0.949
vn 0.175 -0.397 -0.901
vn 0.154 -0.477 -0.865
vn -0.357 -0.487 -0.797
vn -0.204 -0.602 0.772
vn 0.021 -0.643 -0.765
vn 0.141 -0.588 -0.796
vn -0.035 -0.525 0.850
vn 0.252 -0.548 0.798
vn 0.362 -0.705 -0.610
vn 0.559 -0.572 -0.600
vn -0.006 -0.627 0.779
vn -0.008 -0.628 0.778
vn 0.662 -0.673 -0.330
vn 0.656 -0.648 -0.387
vn -0.015 -0.629 0.777
vn -0.096 -0.755 0.648
vn 0.457 -0.703 0.545
vn 0.435 -0.720 0.541
vn -0.328 -0.886 0.327
vn -0.304 -0.776 0.552
vn 0.313 -0.744 -0.590
vn 0.286 -0.767 -0.574
vn -0.001 -0.873 -0.487
vn 0.049 -0.809 -0.586
vn -0.216 -0.943 -0.252
vn -0.270 -0.862 -0.430
vn -0.193 -0.916 -0.353
vn -0.099 -0.920 -0.380
vn 0.626 -0.689 0.366
vn 0.818 -0.462 0.342
vn 0.694 -0.527 0.490
vn 0.600 -0.439 0.668
vn -0.166 -0.666 -0.727
vn 0.169 -0.717 -0.676
vn -0.102 -0.476 0.874
vn -0.080 -0.442 0.894
vn 0.403 -0.493 0.771
vn 0.486 -0.367 0.793
vn 0.000 -0.796 -0.606
vn -0.083 -0.895 -0.438
vn 0.272 -0.383 0.883
vn 0.209 -0.486 0.848
vn 0.321 -0.366 -0.874
vn 0.432 -0.408 -0.804
vn -0.026 -0.640 -0.768
vn -0.016 -0.605 -0.796
vn 0.878 -0.455 -0.150
vn 0.352 -0.595 0.722
vn 0.872 -0.474 0.124
vn 0.497 -0.454 0.740
vn 0.901 -0.424 -0.093
vn 0.031 -0.850 -0.526
vn 0.419 -0.705 -0.572
vn 0.468 -0.434 0.770
vn 0.483 -0.412 0.772
vn -0.136 -0.673 -0.727
vn -0.235 -0.885 -0.402
vn 0.782 -0.338 0.523
vn 0.856 -0.219 0.469
vn -0.321 -0.873 -0.367
vn -0.297 -0.908 -0.295
vn 0.876 -0.230 0.424
vn 0.927 -0.121 0.355
vn 0.943 -0.227 -0.242
vn 0.985 -0.089 -0.151
vn 0.769 -0.317 -0.555
vn 0.692 -0.395 -0.604
vn -0.472 -0.856 0.212
vn -0.369 -0.890 0.266
vn -0.203 -0.918 0.342
vn -0.148 -0.773 0.617
vn 0.882 -0.208 0.423
vn 0.823 -0.127 0.553
vn 0.526 -0.413 0.743
vn 0.459 -0.411 0.788
vn -0.659 -0.599 -0.455
vn -0.370 -0.757 -0.538
vn -0.642 -0.728 -0.239
vn 0.425 -0.864 -0.269
vn -0.003 -0.968 0.251
vn -0.235 -0.672 -0.702
vn -0.028 -0.556 -0.831
vn -0.029 -0.333 -0.943
vn -0.448 -0.692 -0.566
vn -0.146 -0.720 0.679
vn -0.304 -0.600 0.740
vn 0.164 -0.752 0.639
vn 0.068 -0.825 0.562
vn 0.981 -0.192 0.007
vn 0.873 -0.389 -0.294
vn -0.574 -0.668 -0.473
vn -0.541 -0.661 -0.520
vn 0.057 -0.841 0.539
vn 0.220 -0.830 0.513
vn -0.062 -0.462 -0.885
vn 0.080 -0.536 -0.840
vn 0.522 -0.502 0.690
vn 0.630 -0.609 0.482
vn -0.911 -0.155 -0.382
vn -0.595 -0.141 0.791
vn -0.581 -0.099 0.808
vn 0.358 0.041 0.933
vn 0.354 0.048 0.934
vn -0.438 -0.108 0.893
vn -0.463 -0.083 0.882
vn -0.015 -0.001 1.000
vn 0.009 -0.020 1.000
vn -0.972 -0.171 0.162
vn -0.036 -0.005 0.999
vn -0.037 -0.004 0.999
vn 0.428 0.046 0.903
vn 0.432 0.040 0.901
vn -0.036 -0.295 0.955
vn 0.568 -0.498 0.656
vn 0.275 -0.433 -0.858
vn 0.263 -0.442 -0.857
vn 0.586 -0.374 -0.719
vn 0.565 -0.665 -0.488
vn -0.792 -0.307 0.528
vn -0.606 -0.582 0.542
vn 0.010 -0.341 -0.940
vn 0.041 -0.382 -0.923
vn -0.782 -0.609 -0.133
vn -0.623 -0.778 -0.085
vn -0.349 -0.418 0.839
vn -0.462 -0.246 0.852
vn 0.380 -0.573 0.726
vn -0.107 -0.456 -0.883
vn -0.184 -0.401 -0.897
vn -0.504 -0.447 0.739
vn -0.157 -0.278 0.948
vn 0.031 -0.440 0.898
vn -0.250 -0.468 -0.848
vn 0.027 -0.449 -0.893
vn -0.065 -0.773 0.632
vn 0.095 -0.515 0.852
vn -0.659 -0.465 -0.591
vn -0.473 -0.398 -0.786
vn -0.223 -0.931 0.290
vn -0.311 -0.923 -0.227
vn -0.591 -0.124 -0.797
vn 0.281 -0.750 -0.599
vn 0.590 -0.585 0.557
vn -0.851 -0.397 -0.344
vn -0.423 -0.828 -0.368
vn -0.141 -0.574 0.807
vn -0.053 -0.673 0.738
vn -0.374 -0.430 0.822
vn -0.506 -0.641 0.577
vn 0.065 -0.612 0.788
vn -0.261 -0.602 0.754
vn -0.110 -0.630 0.769
vn -0.027 -0.570 0.821
vn -0.392 -0.572 0.721
vn -0.313 -0.624 0.717
vn 0.616 -0.779 -0.116
vn 0.447 -0.655 -0.610
vn -0.080 -0.308 -0.948
vn -0.325 -0.691 -0.646
vn -0.148 -0.477 -0.867
vn -0.168 -0.401 -0.900
vn 0.213 -0.598 0.773
vn 0.365 -0.481 -0.797
vn -0.132 -0.586 -0.800
vn -0.024 -0.634 -0.773
vn -0.247 -0.550 0.798
vn 0.043 -0.523 0.851
vn -0.547 -0.581 -0.603
vn -0.349 -0.709 -0.613
vn 0.017 -0.625 0.780
vn 0.019 -0.627 0.779
vn -0.648 -0.661 -0.379
vn -0.653 -0.683 -0.328
vn 0.110 -0.755 0.646
vn 0.023 -0.626 0.780
vn -0.424 -0.727 0.541
vn -0.446 -0.710 0.545
vn 0.319 -0.773 0.549
vn 0.344 -0.879 0.330
vn -0.268 -0.774 -0.573
vn -0.300 -0.749 -0.591
vn -0.043 -0.808 -0.588
vn 0.011 -0.876 -0.482
vn 0.292 -0.859 -0.420
vn 0.244 -0.935 -0.258
vn 0.123 -0.914 -0.386
vn 0.204 -0.909 -0.364
vn -0.813 -0.472 0.341
vn -0.616 -0.698 0.366
vn -0.596 -0.449 0.665
vn -0.686 -0.536 0.492
vn -0.156 -0.720 -0.676
vn 0.195 -0.658 -0.728
vn 0.076 -0.421 0.904
vn 0.111 -0.474 0.874
vn -0.480 -0.376 0.793
vn -0.395 -0.500 0.770
vn 0.098 -0.892 -0.442
vn 0.015 -0.796 -0.606
vn -0.175 -0.499 0.849
vn -0.258 -0.360 0.896
vn -0.428 -0.423 -0.799
vn -0.312 -0.374 -0.874
vn 0.030 -0.603 -0.797
vn 0.040 -0.634 -0.772
vn -0.872 -0.467 -0.146
vn -0.337 -0.603 0.724
vn -0.485 -0.464 0.741
vn -0.863 -0.490 0.122
vn -0.903 -0.420 -0.088
vn -0.389 -0.715 -0.580
vn 0.072 -0.855 -0.513
vn -0.478 -0.418 0.773
vn -0.461 -0.441 0.770
vn 0.254 -0.881 -0.400
vn 0.151 -0.664 -0.732
vn -0.852 -0.231 0.469
vn -0.777 -0.349 0.524
vn 0.315 -0.902 -0.295
vn 0.337 -0.868 -0.364
vn -0.926 -0.132 0.353
vn -0.873 -0.243 0.424
vn -0.983 -0.101 -0.151
vn -0.970 -0.155 -0.187
vn -0.686 -0.365 -0.630
vn -0.763 -0.283 -0.581
vn 0.384 -0.884 0.266
vn 0.488 -0.847 0.211
vn 0.161 -0.771 0.616
vn 0.219 -0.914 0.341
vn -0.822 -0.138 0.553
vn -0.879 -0.221 0.422
vn -0.453 -0.417 0.788
vn -0.519 -0.420 0.744
vn 0.382 -0.752 -0.536
vn 0.677 -0.584 -0.448
vn -0.410 -0.871 -0.269
vn 0.649 -0.722 -0.242
vn 0.006 -0.966 0.259
vn 0.057 -0.528 -0.847
vn 0.285 -0.668 -0.687
vn 0.460 -0.686 -0.564
vn 0.035 -0.332 -0.943
vn 0.307 -0.597 0.741
vn 0.158 -0.714 0.682
vn -0.052 -0.827 0.560
vn -0.156 -0.750 0.643
vn -0.979 -0.205 0.005
vn -0.869 -0.399 -0.293
vn 0.552 -0.652 -0.519
vn 0.587 -0.659 -0.471
vn -0.207 -0.833 0.514
vn -0.040 -0.841 0.540
vn -0.069 -0.536 -0.841
vn 0.068 -0.461 -0.885
vn -0.621 -0.620 0.479
vn -0.512 -0.508 0.693
vn 0.911 -0.155 -0.382
vn 0.587 -0.100 0.804
vn 0.582 -0.087 0.808
vn -0.357 0.041 0.933
vn -0.352 0.051 0.935
vn 0.464 -0.067 0.883
vn 0.461 -0.069 0.885
vn -0.005 0.029 1.000
vn -0.121 -0.070 0.990
vn 0.949 -0.079 0.306
vn 0.031 -0.066 0.997
vn 0.061 -0.007 0.998
vn -0.427 -0.031 0.904
vn -0.438 -0.045 0.898
vn -0.568 -0.509 0.647
vn 0.040 -0.295 0.955
vn -0.258 -0.447 -0.856
vn -0.269 -0.439 -0.857
vn -0.085 -0.995 0.059
vn -0.094 -0.996 -0.005
vn -0.098 -0.995 -0.003
vn 0.389 -0.921 0.000
vn 0.397 -0.918 0.008
vn 0.414 -0.910 -0.004
vn 0.415 -0.910 -0.004
vn 0.403 -0.915 -0.005
vn 0.402 -0.916 -0.001
vn 0.421 -0.907 -0.006
vn 0.418 -0.908 -0.002
vn 0.301 -0.954 0.007
vn 0.304 -0.953 0.000
vn -0.360 -0.933 0.006
vn -0.372 -0.928 0.000
vn -0.376 -0.927 -0.009
vn -0.360 -0.933 -0.031
vn -0.359 -0.933 -0.001
vn -0.363 -0.932 0.007
vn -0.351 -0.936 -0.013
vn -0.331 -0.944 0.001
vn -0.348 -0.938 -0.004
vn -0.356 -0.934 0.001
vn -0.150 -0.989 0.010
vn -0.149 -0.989 0.001
vn -0.148 -0.989 -0.001
vn 0.091 -0.996 -0.012
vn 0.085 -0.996 -0.001
vn 0.222 -0.975 0.002
vn 0.203 -0.979 -0.015
vn 0.236 -0.971 -0.028
vn 0.235 -0.971 -0.034
vn 0.259 -0.966 -0.001
vn 0.152 -0.532 -0.833
vn 0.362 -0.932 0.018
vn 0.361 -0.933 0.004
vn 0.342 -0.940 0.000
vn 0.328 -0.945 0.000
vn -0.067 -0.998 -0.003
vn -0.063 -0.998 -0.003
vn -0.043 -0.999 0.000
vn -0.025 -1.000 0.002
vn -0.035 -0.999 0.004
vn -0.395 -0.918 0.019
vn -0.394 -0.919 0.007
vn -0.400 -0.917 0.000
vn -0.394 -0.919 0.000
vn -0.392 -0.920 0.004
vn -0.393 -0.919 -0.006
vn 0.052 -0.996 0.070
vn 0.057 -0.998 -0.002
vn 0.055 -0.998 -0.005
vn 0.041 -0.999 -0.007
vn 0.069 -0.998 -0.009
vn 0.092 -0.996 0.002
vn 0.095 -0.995 0.000
vn 0.123 -0.992 0.000
vn 0.121 -0.993 -0.001
vn 0.155 -0.988 0.021
vn 0.095 -0.381 -0.920
vn 0.167 -0.985 0.044
vn 0.162 -0.987 0.018
vn 0.163 -0.986 0.023
vn 0.270 -0.963 -0.004
vn 0.271 -0.962 -0.009
vn 0.263 -0.965 -0.004
vn 0.271 -0.963 -0.006
vn 0.260 -0.963 -0.064
vn -0.292 -0.956 0.006
vn -0.292 -0.956 0.006
vn -0.231 -0.714 -0.661
vn -0.359 -0.933 0.008
vn -0.358 -0.934 -0.002
vn -0.402 -0.915 0.028
vn -0.396 -0.918 0.025
vn -0.280 -0.960 0.000
vn -0.278 -0.960 0.026
vn -0.277 -0.960 0.043
vn -0.278 -0.959 0.053
vn -0.137 -0.990 0.026
vn -0.148 -0.989 0.007
vn -0.143 -0.990 0.002
vn -0.157 -0.988 0.008
vn -0.158 -0.987 0.017
vn -0.027 -1.000 -0.004
vn -0.028 -1.000 -0.003
vn -0.027 -1.000 -0.001
vn 0.067 -0.998 0.022
vn 0.114 -0.993 0.038
vn 0.000 -1.000 -0.003
vn -0.014 -1.000 0.001
vn 0.000 -1.000 0.000
vn -0.014 -1.000 -0.001
vn 0.000 -1.000 -0.006
vn -0.018 -1.000 0.001
vn -0.052 -0.999 0.016
vn -0.048 -0.999 0.012
vn -0.058 -0.998 0.021
vn -0.066 -0.998 0.003
vn -0.074 -0.997 -0.015
vn -0.035 -0.999 -0.014
vn -0.030 -1.000 -0.008
vn -0.031 -1.000 -0.003
vn -0.101 -0.995 -0.002
vn -0.074 -0.997 -0.015
vn -0.059 -0.998 -0.029
vn -0.058 -0.998 -0.029
vn -0.049 -0.999 -0.020
vn -0.047 -0.999 -0.016
vn -0.049 -0.999 -0.021
vn 0.052 -0.998 -0.024
vn 0.045 -0.999 -0.015
vn 0.047 -0.999 -0.015
vn 0.028 -1.000 -0.003
vn 0.039 -0.999 -0.014
vn 0.023 -1.000 0.000
vn 0.079 -0.996 0.032
vn 0.028 -1.000 0.003
vn 0.000 -1.000 -0.011
vn 0.036 -0.999 0.007
vn 0.009 -1.000 0.007
vn 0.031 -0.999 -0.006
vn 0.015 -1.000 -0.002
vn 0.020 -1.000 0.000
vn 0.016 -1.000 0.000
vn 0.020 -1.000 0.000
vn 0.053 -0.998 -0.023
vn 0.056 -0.998 -0.023
vn 0.067 -0.998 -0.014
vn 0.115 -0.991 -0.075
vn 0.164 -0.986 -0.014
vn 0.423 -0.906 0.001
vn 0.412 -0.911 0.005
vn 0.439 -0.899 0.000
vn 0.456 -0.890 -0.002
vn 0.378 -0.926 0.006
vn 0.370 -0.929 -0.009
vn 0.344 -0.939 -0.029
vn 0.362 -0.932 0.002
vn 0.324 -0.946 0.001
vn 0.355 -0.935 -0.005
vn 0.408 0.177 0.896
vn 0.429 0.162 0.889
vn 0.355 0.134 0.925
vn 0.355 0.133 0.925
vn 0.204 0.076 0.976
vn 0.202 0.076 0.977
vn 0.204 0.063 0.977
vn 0.135 0.031 0.990
vn 0.014 0.004 1.000
vn -0.359 0.122 0.925
vn -0.359 0.155 0.920
vn -0.408 0.176 0.896
vn -0.411 0.201 0.889
vn -0.207 0.048 0.977
vn -0.229 0.123 0.966
vn -0.226 0.111 0.968
vn -0.142 0.017 0.990
vn 0.227 0.108 0.968
vn 0.239 0.104 0.966
vn -0.792 -0.599 -0.114
vn -0.756 -0.655 -0.019
vn 0.371 -0.229 0.900
vn 0.371 -0.244 0.896
vn 0.293 -0.192 0.937
vn 0.284 -0.224 0.932
vn 0.133 -0.105 0.986
vn 0.124 -0.124 0.985
vn 0.087 -0.087 0.992
vn 0.077 -0.102 0.992
vn 0.005 -0.006 1.000
vn 0.004 -0.007 1.000
vn 0.271 -0.594 0.757
vn -0.819 -0.574 0.003
vn -0.827 -0.562 0.001
vn -0.830 -0.558 0.004
vn -0.850 -0.526 0.004
vn -0.832 -0.555 0.018
vn -0.834 -0.551 0.019
vn -0.836 -0.549 0.026
vn -0.836 -0.548 0.026
vn -0.836 -0.548 0.026
vn -0.838 -0.546 0.028
vn -0.837 -0.547 0.026
vn -0.761 -0.648 0.023
vn -0.762 -0.647 0.023
vn -0.763 -0.646 0.023
vn -0.762 -0.648 0.022
vn -0.756 -0.653 0.035
vn -0.659 -0.750 0.053
vn -0.645 -0.762 -0.049
vn -0.659 -0.749 0.060
vn -0.572 -0.819 0.043
vn -0.555 -0.831 -0.013
vn -0.561 -0.828 -0.009
vn -0.589 -0.808 0.012
vn -0.575 -0.818 0.002
vn -0.526 -0.850 0.001
vn -0.524 -0.852 0.001
vn -0.509 -0.861 0.000
vn -0.543 -0.840 0.002
vn -0.530 -0.848 0.000
vn -0.530 -0.848 0.006
vn -0.531 -0.847 0.004
vn -0.579 -0.815 0.004
vn -0.595 -0.804 -0.029
vn -0.666 -0.746 -0.008
vn -0.667 -0.745 -0.005
vn -0.672 -0.736 -0.079
vn -0.765 -0.644 -0.001
vn -0.751 -0.661 0.002
vn -0.734 -0.679 0.003
vn -0.733 -0.680 0.004
vn -0.705 -0.693 -0.150
vn -0.720 -0.690 -0.067
vn -0.760 -0.650 -0.002
vn -0.750 -0.661 0.001
vn -0.752 -0.659 0.004
vn -0.843 0.132 -0.521
vn -0.543 0.300 -0.785
vn -0.318 -0.751 0.579
vn 0.058 -0.789 0.612
vn -0.364 -0.199 -0.910
vn -0.384 -0.197 -0.902
vn -0.281 -0.948 -0.151
vn -0.457 -0.885 -0.088
vn -0.030 -0.446 0.894
vn -0.219 -0.453 0.864
vn -0.661 -0.049 0.749
vn -0.328 -0.319 -0.889
vn -0.348 -0.313 -0.884
vn -0.178 -0.564 0.806
vn -0.375 -0.212 0.902
vn -0.177 -0.252 0.951
vn -0.388 -0.224 -0.894
vn -0.292 -0.432 -0.853
vn -0.478 -0.208 0.853
vn -0.631 -0.448 0.633
vn -0.154 -0.552 -0.819
vn -0.141 -0.756 -0.639
vn -0.655 -0.719 -0.233
vn -0.693 -0.654 0.304
vn -0.787 0.105 0.608
vn -0.760 -0.222 -0.611
vn 0.152 -0.518 -0.842
vn -0.538 -0.754 -0.377
vn 0.004 -0.918 -0.397
vn -0.550 -0.391 0.738
vn -0.429 -0.399 0.810
vn -0.340 -0.730 0.592
vn -0.212 -0.509 0.834
vn -0.400 -0.516 0.758
vn -0.541 -0.292 0.789
vn -0.469 -0.331 0.819
vn -0.486 -0.417 0.768
vn -0.406 -0.555 0.726
vn -0.331 -0.589 0.737
vn -0.766 -0.049 -0.641
vn -0.990 0.004 -0.139
vn -0.460 -0.631 -0.625
vn -0.227 -0.228 -0.947
vn -0.283 -0.328 -0.901
vn -0.351 -0.352 -0.868
vn -0.569 -0.008 -0.822
vn -0.597 -0.181 0.782
vn -0.532 -0.362 -0.765
vn -0.432 -0.422 -0.797
vn -0.455 -0.258 0.852
vn -0.357 -0.480 0.801
vn -0.438 -0.656 -0.615
vn -0.255 -0.743 -0.618
vn -0.525 -0.338 0.781
vn -0.526 -0.338 0.780
vn -0.292 -0.895 -0.338
vn -0.270 -0.872 -0.409
vn -0.268 -0.877 -0.399
vn -0.272 -0.871 -0.409
vn -0.528 -0.336 0.780
vn -0.673 -0.348 0.653
vn -0.374 -0.746 0.551
vn -0.399 -0.737 0.546
vn -0.905 -0.256 0.341
vn -0.795 -0.210 0.569
vn -0.474 -0.653 -0.590
vn -0.477 -0.649 -0.592
vn -0.403 -0.572 -0.714
vn -0.509 -0.640 -0.575
vn -0.720 -0.493 -0.488
vn -0.646 -0.489 -0.586
vn -0.634 -0.497 -0.592
vn -0.657 -0.487 -0.575
vn -0.642 -0.493 -0.588
vn -0.891 -0.370 -0.262
vn -0.852 -0.283 -0.440
vn -0.856 -0.370 -0.360
vn -0.810 -0.442 -0.385
vn -0.288 -0.883 0.371
vn 0.002 -0.934 0.357
vn -0.110 -0.857 0.503
vn -0.081 -0.728 0.681
vn -0.632 -0.243 -0.736
vn -0.502 -0.538 -0.677
vn -0.440 -0.186 0.878
vn -0.403 -0.184 0.896
vn -0.214 -0.597 0.773
vn -0.067 -0.594 0.802
vn -0.652 -0.450 -0.610
vn -0.778 -0.444 -0.444
vn -0.181 -0.433 0.883
vn -0.293 -0.440 0.849
vn -0.138 -0.466 -0.874
vn -0.118 -0.578 -0.808
vn -0.541 -0.340 -0.769
vn -0.505 -0.327 -0.799
vn 0.073 -0.985 -0.154
vn -0.308 -0.622 0.720
vn 0.052 -0.991 0.123
vn -0.123 -0.660 0.741
vn 0.115 -0.989 -0.095
vn -0.683 -0.499 -0.534
vn -0.365 -0.732 -0.575
vn -0.119 -0.624 0.772
vn -0.090 -0.624 0.776
vn -0.630 -0.268 -0.729
vn -0.861 -0.307 -0.406
vn 0.128 -0.839 0.529
vn 0.271 -0.837 0.476
vn -0.902 -0.226 -0.368
vn -0.917 -0.261 -0.303
vn 0.273 -0.859 0.434
vn 0.402 -0.842 0.360
vn 0.311 -0.917 -0.248
vn 0.460 -0.875 -0.151
vn 0.143 -0.815 -0.562
vn 0.034 -0.791 -0.611
vn -0.973 -0.086 0.214
vn -0.942 -0.196 0.271
vn -0.871 -0.348 0.347
vn -0.720 -0.312 0.620
vn 0.288 -0.856 0.430
vn 0.326 -0.758 0.565
vn -0.066 -0.663 0.746
vn -0.097 -0.608 0.788
vn -0.857 0.217 -0.467
vn -0.827 -0.125 -0.549
vn -0.962 0.119 -0.247
vn -0.487 -0.832 -0.266
vn -0.802 -0.539 0.255
vn -0.675 -0.190 -0.713
vn -0.473 -0.289 -0.832
vn -0.290 -0.160 -0.944
vn -0.802 -0.057 -0.595
vn -0.667 -0.288 0.687
vn -0.640 -0.108 0.761
vn -0.544 -0.541 0.642
vn -0.650 -0.510 0.563
vn 0.349 -0.937 0.004
vn 0.126 -0.946 -0.298
vn -0.860 0.054 -0.508
vn -0.830 0.030 -0.557
vn -0.688 -0.482 0.543
vn -0.612 -0.599 0.517
vn -0.418 -0.201 -0.886
vn -0.426 -0.331 -0.842
vn -0.236 -0.644 0.728
vn -0.297 -0.804 0.515
vn -0.600 0.666 -0.443
vn -0.388 0.375 0.842
vn -0.347 0.386 0.855
vn 0.180 -0.239 0.954
vn 0.184 -0.233 0.955
vn -0.278 0.262 0.924
vn -0.266 0.302 0.916
vn -0.007 0.010 1.000
vn -0.014 -0.016 1.000
vn -0.654 0.731 0.195
vn -0.018 0.023 1.000
vn -0.018 0.024 1.000
vn 0.209 -0.285 0.935
vn 0.208 -0.289 0.935
vn -0.266 -0.128 0.955
vn -0.223 -0.690 0.689
vn -0.268 -0.418 -0.868
vn -0.285 -0.412 -0.866
vn -0.571 -0.821 0.002
vn -0.578 -0.816 -0.012
vn -0.526 -0.851 0.003
vn -0.531 -0.847 -0.003
vn -0.539 -0.842 0.003
vn -0.539 -0.843 0.000
vn -0.528 -0.850 -0.006
vn -0.529 -0.849 -0.004
vn -0.639 -0.770 0.005
vn -0.638 -0.770 0.001
vn -0.812 -0.583 -0.023
vn -0.818 -0.576 -0.002
vn -0.710 -0.705 0.000
vn -0.723 -0.691 -0.021
vn -0.694 -0.719 -0.037
vn -0.695 -0.718 -0.045
vn -0.676 -0.737 -0.004
vn -0.583 -0.812 0.011
vn -0.566 -0.812 -0.147
vn -0.583 -0.812 0.005
vn -0.614 -0.789 0.000
vn -0.614 -0.789 0.000
vn -0.829 -0.559 -0.021
vn -0.837 -0.546 -0.033
vn -0.827 -0.559 -0.054
vn -0.812 -0.584 -0.002
vn -0.792 -0.610 0.003
vn -0.839 -0.544 0.003
vn -0.850 -0.527 -0.001
vn -0.835 -0.550 -0.003
vn -0.834 -0.548 0.062
vn -0.852 -0.523 0.007
vn -0.855 -0.519 0.005
vn -0.813 -0.582 0.002
vn -0.810 -0.586 0.001
vn -0.805 -0.593 0.001
vn -0.793 -0.610 0.000
vn -0.787 -0.617 -0.001
vn -0.788 -0.616 -0.001
vn -0.764 -0.644 0.043
vn -0.585 -0.811 0.006
vn -0.593 -0.805 0.015
vn -0.528 -0.849 0.002
vn -0.555 -0.832 0.001
vn -0.544 -0.839 -0.001
vn -0.511 -0.860 0.000
vn -0.509 -0.861 -0.001
vn -0.551 -0.834 0.007
vn -0.556 -0.831 0.001
vn -0.628 -0.776 -0.052
vn -0.582 -0.813 0.008
vn -0.606 -0.795 -0.016
vn -0.551 -0.835 0.001
vn -0.852 -0.524 -0.010
vn -0.845 -0.534 -0.020
vn -0.892 -0.453 0.000
vn -0.893 -0.450 0.000
vn -0.858 -0.513 0.000
vn -0.860 -0.510 0.000
vn -0.871 -0.491 0.012
vn -0.490 -0.872 0.000
vn -0.481 -0.877 -0.001
vn -0.477 -0.860 0.179
vn -0.458 -0.831 0.316
vn -0.488 -0.873 0.001
vn -0.555 -0.832 0.013
vn -0.418 -0.908 -0.011
vn -0.504 -0.863 0.000
vn 0.347 -0.830 0.437
vn 0.315 -0.847 0.429
vn 0.316 -0.847 0.428
vn 0.320 -0.847 0.425
vn 0.297 -0.708 0.641
vn 0.315 -0.688 0.653
vn 0.204 -0.109 0.973
vn 0.213 -0.148 0.966
vn -0.354 -0.480 0.803
vn -0.005 -0.006 1.000
vn -0.032 0.003 0.999
vn -0.284 -0.204 0.937
vn -0.312 -0.185 0.932
vn -0.375 -0.223 0.900
vn -0.389 -0.215 0.896
vn 0.520 -0.854 -0.002
vn 0.528 -0.849 0.000
vn 0.522 -0.853 -0.001
vn 0.482 -0.852 0.204
vn 0.496 -0.868 0.000
vn 0.496 -0.868 0.001
vn 0.535 -0.845 0.001
vn 0.555 -0.832 -0.003
vn 0.541 -0.841 0.000
vn 0.541 -0.841 0.000
vn 0.447 -0.895 0.004
vn 0.581 -0.814 0.003
vn 0.603 -0.798 0.002
vn 0.584 -0.812 0.007
vn 0.583 -0.812 0.007
vn 0.640 -0.768 0.000
vn 0.643 -0.765 0.042
vn 0.642 -0.767 -0.006
vn 0.642 -0.766 -0.002
vn 0.587 -0.808 0.045
vn 0.406 -0.882 0.241
vn 0.700 -0.700 0.140
vn 0.687 -0.726 -0.001
vn 0.776 -0.630 0.037
vn 0.771 -0.637 0.004
vn 0.773 -0.635 0.006
vn 0.773 -0.634 0.006
vn 0.772 -0.635 0.005
vn 0.844 -0.536 0.001
vn 0.840 -0.542 0.007
vn 0.824 -0.566 -0.023
vn 0.828 -0.560 0.001
vn 0.785 -0.619 0.001
vn 0.752 -0.659 -0.026
vn 0.776 -0.631 0.000
vn 0.707 -0.707 0.000
vn 0.720 -0.694 -0.001
vn 0.680 -0.733 -0.005
vn 0.698 -0.716 0.000
vn 0.543 -0.840 -0.003
vn 0.590 0.222 -0.776
vn 0.843 0.057 -0.534
vn -0.035 -0.790 0.612
vn 0.320 -0.746 0.584
vn 0.300 -0.164 -0.940
vn 0.346 -0.163 -0.924
vn 0.294 -0.942 -0.164
vn 0.481 -0.873 -0.087
vn 0.238 -0.454 0.859
vn 0.041 -0.453 0.891
vn 0.660 -0.035 0.751
vn 0.354 -0.305 -0.884
vn 0.278 -0.330 -0.902
vn 0.207 -0.599 0.773
vn 0.182 -0.248 0.952
vn 0.391 -0.203 0.898
vn 0.301 -0.425 -0.854
vn 0.392 -0.215 -0.894
vn 0.640 -0.436 0.633
vn 0.480 -0.198 0.854
vn 0.158 -0.752 -0.640
vn 0.166 -0.548 -0.820
vn 0.706 -0.636 0.311
vn 0.671 -0.704 -0.233
vn -0.142 -0.519 -0.843
vn 0.765 -0.206 -0.610
vn 0.786 0.119 0.607
vn 0.017 -0.917 -0.399
vn 0.555 -0.741 -0.378
vn 0.437 -0.390 0.810
vn 0.555 -0.380 0.740
vn 0.221 -0.504 0.835
vn 0.355 -0.725 0.591
vn 0.545 -0.281 0.790
vn 0.411 -0.504 0.759
vn 0.494 -0.411 0.766
vn 0.475 -0.321 0.820
vn 0.344 -0.581 0.738
vn 0.421 -0.545 0.726
vn 0.992 0.019 -0.128
vn 0.769 -0.037 -0.638
vn 0.232 -0.226 -0.946
vn 0.458 -0.597 -0.659
vn 0.359 -0.345 -0.867
vn 0.292 -0.323 -0.900
vn 0.600 -0.171 0.782
vn 0.569 0.000 -0.822
vn 0.437 -0.410 -0.801
vn 0.523 -0.357 -0.774
vn 0.365 -0.472 0.802
vn 0.457 -0.251 0.853
vn 0.274 -0.732 -0.624
vn 0.448 -0.644 -0.619
vn 0.533 -0.326 0.781
vn 0.530 -0.327 0.782
vn 0.293 -0.870 -0.397
vn 0.292 -0.871 -0.395
vn 0.309 -0.888 -0.339
vn 0.679 -0.336 0.653
vn 0.533 -0.326 0.781
vn 0.417 -0.729 0.543
vn 0.388 -0.739 0.550
vn 0.797 -0.198 0.570
vn 0.908 -0.243 0.342
vn -0.569 0.358 -0.740
vn 0.530 -0.626 -0.572
vn 0.526 -0.630 -0.572
vn 0.492 -0.640 -0.590
vn 0.492 -0.640 -0.590
vn 0.647 -0.485 -0.588
vn 0.646 -0.485 -0.589
vn 0.647 -0.485 -0.588
vn 0.728 -0.484 -0.485
vn 0.861 -0.266 -0.433
vn 0.899 -0.347 -0.266
vn 0.816 -0.425 -0.391
vn 0.856 -0.359 -0.371
vn 0.018 -0.933 0.358
vn 0.305 -0.877 0.372
vn 0.095 -0.724 0.683
vn 0.127 -0.855 0.502
vn 0.513 -0.528 -0.677
vn 0.639 -0.218 -0.738
vn 0.382 -0.178 0.907
vn 0.444 -0.180 0.878
vn 0.080 -0.591 0.803
vn 0.225 -0.591 0.774
vn 0.783 -0.431 -0.448
vn 0.660 -0.439 -0.610
vn 0.321 -0.418 0.850
vn 0.170 -0.407 0.898
vn 0.133 -0.581 -0.803
vn 0.151 -0.460 -0.875
vn 0.511 -0.315 -0.800
vn 0.542 -0.325 -0.775
vn -0.057 -0.986 -0.156
vn 0.327 -0.608 0.723
vn 0.138 -0.652 0.745
vn -0.031 -0.992 0.125
vn -0.109 -0.990 -0.090
vn 0.381 -0.721 -0.579
vn 0.744 -0.428 -0.513
vn 0.103 -0.623 0.776
vn 0.131 -0.622 0.772
vn 0.866 -0.293 -0.405
vn 0.627 -0.252 -0.737
vn -0.252 -0.842 0.478
vn -0.110 -0.840 0.531
vn 0.919 -0.247 -0.306
vn 0.905 -0.214 -0.368
vn -0.382 -0.851 0.360
vn -0.254 -0.865 0.433
vn -0.440 -0.885 -0.153
vn -0.387 -0.903 -0.189
vn -0.054 -0.770 -0.636
vn -0.166 -0.791 -0.588
vn 0.944 -0.183 0.273
vn 0.974 -0.070 0.214
vn 0.725 -0.301 0.619
vn 0.876 -0.335 0.347
vn -0.311 -0.763 0.566
vn -0.272 -0.859 0.433
vn 0.108 -0.604 0.789
vn 0.077 -0.661 0.747
vn 0.827 -0.120 -0.549
vn 0.854 0.234 -0.464
vn 0.513 -0.815 -0.268
vn 0.960 0.120 -0.254
vn 0.799 -0.542 0.259
vn 0.464 -0.250 -0.850
vn 0.701 -0.145 -0.699
vn 0.801 -0.044 -0.597
vn 0.291 -0.154 -0.944
vn 0.640 -0.100 0.762
vn 0.670 -0.277 0.688
vn 0.661 -0.498 0.561
vn 0.554 -0.532 0.641
vn -0.330 -0.944 0.004
vn -0.109 -0.948 -0.298
vn 0.828 0.044 -0.558
vn 0.855 0.066 -0.514
vn 0.624 -0.591 0.512
vn 0.698 -0.473 0.538
vn 0.432 -0.323 -0.842
vn 0.422 -0.191 -0.886
vn 0.315 -0.798 0.513
vn 0.250 -0.640 0.727
vn 0.588 0.672 -0.449
vn 0.341 0.390 0.855
vn 0.328 0.393 0.859
vn -0.179 -0.236 0.955
vn -0.185 -0.227 0.956
vn 0.252 0.308 0.917
vn 0.253 0.304 0.919
vn -0.027 0.011 1.000
vn 0.014 -0.119 0.993
vn 0.522 0.761 0.385
vn 0.068 -0.014 0.998
vn 0.029 0.039 0.999
vn -0.136 -0.335 0.932
vn -0.143 -0.322 0.936
vn 0.238 -0.678 0.696
vn 0.268 -0.125 0.955
vn 0.292 -0.407 -0.866
vn 0.277 -0.412 -0.868
vn 0.859 -0.513 0.001
vn 0.570 -0.821 0.006
vn 0.569 -0.822 0.005
vn 0.560 -0.828 -0.002
vn 0.585 -0.811 0.002
vn 0.590 -0.807 -0.011
vn 0.609 -0.793 0.000
vn 0.594 -0.804 -0.004
vn 0.585 -0.811 0.001
vn 0.765 -0.644 0.017
vn 0.766 -0.643 -0.001
vn 0.765 -0.644 0.001
vn 0.834 -0.551 -0.001
vn 0.830 -0.558 0.001
vn 0.849 -0.528 0.001
vn 0.851 -0.525 0.003
vn 0.546 -0.837 0.017
vn 0.547 -0.837 0.013
vn 0.540 -0.842 0.003
vn 0.554 -0.832 0.003
vn 0.553 -0.833 0.004
vn 0.552 -0.834 -0.003
vn 0.858 -0.514 -0.002
vn 0.857 -0.515 0.006
vn 0.860 -0.510 0.004
vn 0.759 -0.650 0.027
vn 0.660 -0.749 0.061
vn 0.557 -0.830 0.024
vn 0.551 -0.834 0.028
vn 0.585 -0.811 0.001
vn 0.575 -0.811 -0.103
vn 0.586 -0.811 -0.002
vn 0.498 -0.867 0.002
vn 0.493 -0.870 0.000
vn 0.491 -0.871 0.006
vn 0.503 -0.864 -0.004
vn 0.544 -0.839 -0.016
vn 0.529 -0.849 -0.001
vn 0.572 -0.820 -0.007
vn 0.589 -0.808 -0.018
vn 0.666 -0.746 -0.016
vn 0.633 -0.774 -0.001
vn 0.662 -0.750 -0.022
vn 0.908 -0.418 0.026
vn 0.908 -0.417 0.027
vn 0.907 -0.420 0.023
vn 0.907 -0.420 0.027
vn 0.840 -0.543 -0.008
vn 0.836 -0.549 -0.006
vn 0.790 -0.593 -0.158
vn 0.823 -0.563 -0.073
vn 0.855 -0.519 -0.011
vn 0.842 -0.539 -0.031
vn 0.811 -0.585 0.000
vn 0.804 -0.594 -0.011
vn 0.809 -0.588 -0.003
vn 0.808 -0.590 -0.006
vn 0.813 -0.573 0.101
vn 0.835 -0.549 0.026
vn 0.837 -0.547 0.027
vn 0.835 -0.550 0.024
vn 0.835 -0.549 0.025
vn 0.836 -0.549 0.026
vn 0.844 -0.535 0.047
vn 0.845 -0.533 0.048
vn 0.894 -0.447 -0.017
vn 0.871 -0.492 -0.003
vn 0.862 -0.507 -0.004
vn 0.867 -0.498 0.000
vn 0.866 -0.499 0.000
vn 0.750 -0.662 0.010
vn 0.746 -0.666 -0.003
vn 0.751 -0.659 -0.029
vn 0.758 -0.651 -0.042
vn 0.740 -0.673 -0.012
vn -0.065 -0.180 0.981
vn -0.178 -0.110 0.978
vn -0.233 -0.111 0.966
vn -0.194 -0.126 0.973
vn -0.019 -0.125 0.992
vn -0.075 -0.097 0.992
vn 0.907 -0.421 0.022
vn 0.910 -0.414 0.028
vn 0.907 -0.420 0.023
vn -0.305 -0.822 0.481
vn -0.307 -0.822 0.480
vn -0.462 -0.782 0.417
vn -0.453 -0.785 0.422
vn -0.379 -0.657 0.651
vn -0.409 -0.655 0.635
vn 0.894 -0.449 0.001
vn 0.893 -0.450 0.001
vn -0.906 -0.421 0.027
vn -0.906 -0.423 0.024
vn -0.903 -0.429 0.031
vn -0.907 -0.421 0.027
vn -0.905 -0.425 0.022
vn -0.908 -0.417 0.027
vn -0.903 -0.430 0.018
vn -0.127 0.030 0.991
vn -0.014 0.001 1.000
vn -0.015 0.001 1.000
vn -0.015 0.002 1.000
vn 0.225 -0.594 0.772
vn 0.286 -0.514 0.809
vn -0.306 -0.554 0.774
vn -0.344 -0.551 0.760
vn 0.138 0.042 0.989
vn -0.143 0.018 0.990
vn 0.125 0.038 0.991
vn 0.014 0.005 1.000
vn 0.015 0.001 1.000
vn -0.197 0.067 0.978
vn -0.211 0.049 0.976
vn -0.211 0.051 0.976
vn 0.202 0.061 0.977
vn 0.506 -0.826 0.249
vn 0.504 -0.826 0.251
vn 0.703 -0.670 0.238
vn 0.689 -0.680 0.251
vn 0.835 -0.503 0.222
vn 0.842 -0.495 0.214
vn 0.923 -0.326 0.205
vn 0.919 -0.332 0.211
vn 0.104 -0.959 0.263
vn 0.078 -0.957 0.281
vn 0.400 -0.883 0.246
vn 0.401 -0.882 0.246
vn 0.231 -0.942 0.242
vn 0.409 -0.909 0.085
vn 0.583 -0.809 0.077
vn 0.717 -0.648 0.258
vn 0.790 -0.598 0.133
vn 0.656 -0.453 0.603
vn 0.950 -0.310 -0.037
vn 0.975 -0.223 0.012
vn 0.975 -0.221 -0.004
vn 0.986 0.133 0.104
vn 0.985 0.127 0.112
vn 0.989 -0.074 0.127
vn 0.925 0.368 0.097
vn 0.969 0.234 0.076
vn 0.970 0.231 0.069
vn 0.993 -0.081 0.082
vn 0.992 -0.073 0.105
vn 0.943 -0.260 0.207
vn 0.818 -0.536 0.207
vn 0.818 -0.538 0.202
vn 0.746 -0.654 0.124
vn 0.551 -0.798 0.244
vn 0.511 -0.842 0.174
vn 0.038 -0.952 0.305
vn 0.963 0.255 0.083
vn 0.923 0.369 0.105
vn 0.987 0.127 0.101
vn 0.986 0.134 0.099
vn 0.926 0.365 0.099
vn 0.925 0.366 0.097
vn 0.964 0.253 0.077
vn 0.962 0.269 0.058
vn 0.961 0.269 0.059
vn 0.965 0.251 0.071
vn 0.965 0.251 0.071
vn 0.971 0.229 0.071
vn 0.971 0.228 0.074
vn 0.969 0.235 0.071
vn 0.970 0.227 0.083
vn 0.969 0.232 0.082
vn 0.969 0.232 0.084
vn 0.968 0.236 0.083
vn 0.966 0.240 0.093
vn 0.969 0.234 0.076
vn 0.968 0.239 0.077
vn 0.957 0.273 0.096
vn 0.959 0.278 0.051
vn 0.984 0.139 0.110
vn 0.994 0.113 -0.003
vn 0.977 -0.215 0.016
vn 0.870 -0.493 0.022
vn 0.872 -0.487 0.037
vn 0.757 -0.651 0.065
vn 0.759 -0.647 0.071
vn 0.589 -0.805 0.071
vn 0.590 -0.804 0.075
vn 0.560 -0.790 0.249
vn 0.564 -0.788 0.246
vn 0.378 -0.895 0.238
vn 0.367 -0.897 0.246
vn 0.707 -0.671 0.226
vn 0.692 -0.681 0.238
vn 0.835 -0.511 0.204
vn 0.826 -0.522 0.214
vn 0.950 -0.240 0.199
vn 0.953 -0.232 0.193
vn 0.988 0.043 0.148
vn 0.988 0.080 0.133
vn 0.588 -0.806 0.066
vn 0.586 -0.807 0.078
vn 0.355 -0.895 0.269
vn 0.412 -0.908 0.079
vn 0.405 -0.878 0.257
vn 0.400 -0.883 0.247
vn 0.551 -0.796 0.250
vn 0.672 -0.697 0.250
vn 0.670 -0.704 0.235
vn 0.818 -0.536 0.207
vn 0.944 -0.263 0.198
vn 0.945 -0.265 0.194
vn 0.978 -0.067 0.198
vn 0.028 -0.728 -0.685
vn 0.021 -0.708 -0.706
vn 0.388 -0.608 -0.692
vn 0.361 -0.604 -0.711
vn 0.324 -0.622 -0.713
vn 0.325 -0.623 -0.712
vn 0.274 -0.647 -0.712
vn 0.282 -0.647 -0.708
vn 0.386 -0.590 -0.709
vn 0.383 -0.589 -0.712
vn 0.393 -0.582 -0.712
vn 0.395 -0.583 -0.710
vn 0.526 -0.473 -0.707
vn 0.514 -0.469 -0.719
vn 0.477 -0.505 -0.720
vn 0.473 -0.504 -0.723
vn 0.427 -0.550 -0.718
vn 0.426 -0.550 -0.718
vn 0.539 -0.409 -0.736
vn 0.550 -0.406 -0.730
vn 0.652 -0.234 -0.721
vn 0.643 -0.234 -0.729
vn 0.646 -0.226 -0.729
vn 0.641 -0.227 -0.733
vn 0.651 -0.196 -0.734
vn 0.649 -0.196 -0.735
vn 0.674 -0.063 -0.736
vn 0.630 -0.076 -0.773
vn 0.635 0.002 -0.772
vn 0.625 -0.004 -0.780
vn 0.620 0.073 -0.781
vn 0.620 0.073 -0.781
vn 0.592 0.194 -0.782
vn 0.592 0.194 -0.782
vn 0.647 -0.240 -0.724
vn 0.542 -0.428 -0.724
vn 0.494 -0.841 -0.221
vn 0.547 -0.797 -0.256
vn 0.549 -0.797 0.252
vn 0.494 -0.826 0.271
vn 0.492 -0.823 0.285
vn 0.485 -0.719 0.498
vn 0.426 -0.739 0.521
vn 0.408 -0.696 0.590
vn 0.464 -0.691 0.555
vn 0.483 -0.738 0.471
vn 0.457 -0.746 0.485
vn 0.439 -0.706 0.556
vn 0.383 -0.716 0.583
vn 0.386 -0.606 0.695
vn 0.507 -0.608 0.612
vn 0.569 -0.318 0.759
vn 0.566 -0.313 0.763
vn 0.570 -0.043 0.821
vn 0.575 -0.046 0.817
vn 0.562 0.081 0.823
vn 0.621 0.063 0.782
vn 0.606 -0.160 0.779
vn 0.591 -0.151 0.792
vn 0.579 -0.198 0.791
vn 0.573 -0.194 0.796
vn 0.489 -0.383 0.784
vn 0.480 -0.333 0.812
vn 0.472 -0.313 0.824
vn 0.478 -0.330 0.814
vn 0.478 -0.330 0.814
vn 0.498 -0.299 0.814
vn 0.499 -0.299 0.813
vn 0.510 -0.315 0.801
vn -0.801 0.339 0.493
vn 0.523 -0.292 0.801
vn 0.525 -0.291 0.800
vn -0.465 0.211 0.860
vn 0.505 -0.272 0.819
vn 0.479 -0.239 -0.845
vn 0.141 -0.084 0.986
vn 0.524 -0.286 0.802
vn 0.520 -0.283 0.806
vn 0.412 -0.432 0.802
vn 0.411 -0.433 0.802
vn 0.416 -0.416 0.808
vn 0.363 -0.472 0.803
vn 0.365 -0.471 0.803
vn 0.358 -0.461 0.812
vn 0.595 -0.553 0.583
vn 0.365 -0.466 0.806
vn 0.260 -0.564 0.784
vn 0.264 -0.562 0.784
vn 0.261 -0.560 0.787
vn 0.264 -0.561 0.784
vn 0.463 -0.359 0.810
vn 0.463 -0.358 0.810
vn 0.494 -0.382 0.781
vn 0.465 -0.356 0.811
vn 0.461 -0.355 0.813
vn 0.462 -0.352 0.814
vn 0.513 -0.289 0.808
vn 0.514 -0.289 0.808
vn -0.719 0.647 -0.252
vn 0.515 -0.299 0.804
vn 0.515 -0.301 0.803
vn 0.505 -0.310 0.805
vn 0.539 -0.349 0.766
vn 0.504 -0.311 0.806
vn 0.663 -0.663 0.349
vn 0.095 0.192 0.977
vn 0.501 -0.336 0.798
vn 0.399 -0.424 0.813
vn 0.394 -0.427 0.814
vn 0.331 -0.346 0.878
vn 0.459 -0.510 0.728
vn 0.411 -0.446 0.795
vn 0.391 -0.419 0.819
vn 0.394 -0.424 0.816
vn 0.132 -0.595 0.793
vn 0.202 -0.556 0.806
vn 0.348 -0.696 0.628
vn 0.202 -0.556 0.806
vn 0.535 -0.803 -0.264
vn 0.276 -0.509 0.815
vn 0.273 -0.512 0.815
vn 0.129 -0.290 0.948
vn 0.281 -0.518 0.808
vn 0.273 -0.504 0.819
vn 0.264 -0.509 0.819
vn 0.263 -0.510 0.819
vn -0.445 0.801 -0.401
vn 0.246 -0.479 0.842
vn 0.356 -0.660 0.662
vn 0.455 -0.868 0.199
vn 0.186 -0.363 0.913
vn 0.276 -0.535 0.799
vn 0.263 -0.510 0.819
vn 0.319 -0.482 0.816
vn 0.320 -0.482 0.816
vn 0.318 -0.480 0.818
vn 0.304 -0.443 0.843
vn 0.309 -0.456 0.835
vn 0.319 -0.486 0.814
vn 0.259 -0.516 0.817
vn 0.254 -0.517 0.817
vn 0.322 -0.735 0.597
vn 0.256 -0.529 0.809
vn 0.254 -0.525 0.812
vn 0.253 -0.520 0.815
vn 0.088 -0.587 0.805
vn 0.087 -0.587 0.805
vn 0.268 -0.958 0.103
vn 0.092 -0.573 0.814
vn 0.072 -0.579 0.812
vn 0.074 -0.580 0.811
vn 0.073 -0.579 0.812
vn 0.069 -0.579 0.813
vn 0.071 -0.594 0.801
vn 0.149 -0.950 0.273
vn 0.071 -0.580 0.811
vn 0.066 -0.555 0.830
vn 0.078 -0.621 0.780
vn 0.072 -0.589 0.805
vn 0.100 -0.922 0.373
vn 0.000 0.153 0.988
vn 0.073 -0.594 0.801
vn 0.506 -0.809 0.299
vn 0.520 -0.805 0.287
vn 0.105 -0.964 0.245
vn 0.078 -0.962 0.263
vn 0.984 0.029 0.173
vn 0.980 -0.010 0.197
vn 0.562 -0.788 0.251
vn 0.564 -0.787 0.249
vn 0.950 -0.236 0.205
vn 0.953 -0.229 0.199
vn 0.757 -0.613 0.228
vn 0.767 -0.603 0.219
vn 0.989 0.031 0.148
vn 0.985 -0.010 0.173
vn 0.203 -0.948 0.246
vn 0.217 -0.947 0.236
vn 0.411 -0.908 0.083
vn 0.410 -0.909 0.080
vn 0.553 -0.788 0.273
vn 0.528 -0.848 0.047
vn 0.290 -0.941 0.173
vn 0.170 -0.984 0.058
vn 0.167 -0.983 0.074
vn 0.169 -0.984 0.060
vn 0.400 -0.883 0.246
vn 0.399 -0.884 0.246
vn 0.552 -0.796 0.249
vn 0.550 -0.798 0.247
vn 0.413 -0.875 0.253
vn 0.029 -0.966 0.256
vn 0.038 -0.951 0.306
vn 0.170 -0.985 0.032
vn 0.674 -0.701 0.232
vn 0.670 -0.709 0.223
vn 0.819 -0.530 0.218
vn 0.818 -0.531 0.221
vn 0.934 -0.353 0.052
vn 0.945 -0.258 0.202
vn 0.978 -0.067 0.197
vn 0.977 -0.065 0.203
vn 0.991 -0.084 0.104
vn 0.986 0.132 0.105
vn 0.986 0.132 0.106
vn 0.976 -0.220 0.005
vn 0.871 -0.490 0.039
vn 0.873 -0.485 0.050
vn 0.757 -0.651 0.058
vn 0.758 -0.650 0.058
vn 0.754 -0.653 0.063
vn 0.756 -0.651 0.066
vn 0.511 -0.823 0.249
vn 0.509 -0.823 0.250
vn 0.509 -0.824 0.249
vn 0.506 -0.825 0.251
vn 0.502 -0.828 0.250
vn 0.504 -0.827 0.249
vn 0.731 -0.634 0.252
vn 0.721 -0.651 0.238
vn 0.719 -0.653 0.238
vn 0.704 -0.664 0.251
vn 0.672 -0.697 0.250
vn 0.688 -0.685 0.238
vn 0.819 -0.530 0.222
vn 0.828 -0.519 0.213
vn 0.828 -0.515 0.222
vn 0.835 -0.507 0.214
vn 0.849 -0.483 0.215
vn 0.842 -0.492 0.223
vn 0.928 -0.307 0.211
vn 0.927 -0.314 0.206
vn 0.926 -0.316 0.205
vn 0.922 -0.324 0.212
vn 0.916 -0.342 0.211
vn 0.920 -0.335 0.205
vn 0.162 -0.947 0.278
vn 0.140 -0.955 0.263
vn 0.133 -0.956 0.263
vn 0.110 -0.954 0.280
vn 0.039 -0.964 0.263
vn 0.070 -0.957 0.281
vn 0.400 -0.883 0.246
vn 0.400 -0.883 0.246
vn 0.401 -0.882 0.246
vn 0.400 -0.883 0.247
vn 0.400 -0.883 0.246
vn 0.400 -0.883 0.246
vn 0.551 -0.797 0.248
vn 0.556 -0.794 0.245
vn 0.556 -0.794 0.248
vn 0.559 -0.792 0.245
vn 0.568 -0.785 0.246
vn 0.564 -0.787 0.248
vn 0.407 -0.882 0.237
vn 0.393 -0.886 0.246
vn 0.390 -0.889 0.237
vn 0.379 -0.892 0.245
vn 0.357 -0.901 0.245
vn 0.367 -0.899 0.238
vn 0.734 -0.640 0.227
vn 0.721 -0.651 0.238
vn 0.720 -0.656 0.227
vn 0.707 -0.666 0.238
vn 0.673 -0.700 0.237
vn 0.691 -0.687 0.225
vn 0.849 -0.487 0.206
vn 0.841 -0.497 0.215
vn 0.841 -0.500 0.206
vn 0.834 -0.509 0.214
vn 0.817 -0.536 0.212
vn 0.827 -0.525 0.204
vn 0.946 -0.263 0.192
vn 0.947 -0.251 0.199
vn 0.948 -0.249 0.199
vn 0.951 -0.241 0.193
vn 0.956 -0.222 0.193
vn 0.953 -0.230 0.199
vn 0.987 -0.067 0.145
vn 0.991 -0.019 0.129
vn 0.989 -0.007 0.147
vn 0.991 0.032 0.131
vn 0.981 0.127 0.150
vn 0.987 0.090 0.133
vn 0.164 -0.955 0.246
vn 0.139 -0.955 0.263
vn 0.135 -0.960 0.245
vn 0.109 -0.958 0.263
vn 0.039 -0.964 0.263
vn 0.072 -0.967 0.244
vn 0.974 0.119 0.194
vn 0.981 0.085 0.172
vn 0.982 0.075 0.173
vn 0.980 0.038 0.196
vn 0.978 -0.067 0.197
vn 0.985 -0.019 0.172
vn 0.552 -0.795 0.251
vn 0.557 -0.793 0.248
vn 0.557 -0.792 0.251
vn 0.562 -0.789 0.248
vn 0.570 -0.783 0.249
vn 0.566 -0.785 0.251
vn 0.944 -0.258 0.205
vn 0.947 -0.250 0.199
vn 0.947 -0.247 0.206
vn 0.950 -0.239 0.199
vn 0.954 -0.218 0.206
vn 0.953 -0.227 0.199
vn 0.732 -0.643 0.227
vn 0.745 -0.631 0.217
vn 0.746 -0.626 0.227
vn 0.756 -0.617 0.218
vn 0.777 -0.590 0.220
vn 0.767 -0.599 0.228
vn 0.978 0.122 0.172
vn 0.985 0.087 0.149
vn 0.986 0.078 0.149
vn 0.984 0.039 0.173
vn 0.983 -0.068 0.171
vn 0.989 -0.021 0.147
vn 0.163 -0.955 0.246
vn 0.182 -0.955 0.236
vn 0.186 -0.951 0.246
vn 0.200 -0.951 0.236
vn 0.232 -0.944 0.237
vn 0.219 -0.944 0.246
vn 0.507 -0.825 0.250
vn 0.506 -0.826 0.249
vn 0.504 -0.827 0.248
vn 0.504 -0.827 0.249
vn 0.704 -0.664 0.252
vn 0.704 -0.670 0.238
vn 0.688 -0.685 0.240
vn 0.688 -0.680 0.253
vn 0.835 -0.507 0.212
vn 0.835 -0.503 0.223
vn 0.842 -0.492 0.221
vn 0.842 -0.495 0.213
vn 0.922 -0.323 0.213
vn 0.923 -0.326 0.206
vn 0.920 -0.334 0.206
vn 0.919 -0.332 0.213
vn 0.110 -0.954 0.281
vn 0.104 -0.960 0.262
vn 0.071 -0.963 0.260
vn 0.078 -0.956 0.281
vn 0.401 -0.883 0.246
vn 0.401 -0.883 0.246
vn 0.400 -0.883 0.245
vn 0.401 -0.882 0.248
vn 0.559 -0.792 0.245
vn 0.560 -0.790 0.250
vn 0.565 -0.788 0.246
vn 0.564 -0.789 0.243
vn 0.379 -0.892 0.245
vn 0.378 -0.894 0.239
vn 0.367 -0.899 0.240
vn 0.368 -0.898 0.243
vn 0.707 -0.666 0.238
vn 0.707 -0.670 0.226
vn 0.691 -0.687 0.225
vn 0.692 -0.681 0.240
vn 0.834 -0.509 0.212
vn 0.834 -0.511 0.206
vn 0.826 -0.524 0.206
vn 0.826 -0.522 0.213
vn 0.951 -0.241 0.194
vn 0.951 -0.240 0.198
vn 0.952 -0.230 0.201
vn 0.953 -0.232 0.193
vn 0.988 0.031 0.148
vn 0.991 0.045 0.129
vn 0.986 0.078 0.149
vn 0.987 0.090 0.133
vn 0.110 -0.963 0.247
vn 0.104 -0.959 0.262
vn 0.072 -0.963 0.260
vn 0.078 -0.967 0.244
vn 0.980 0.038 0.197
vn 0.985 0.029 0.173
vn 0.985 -0.019 0.173
vn 0.981 -0.010 0.195
vn 0.561 -0.789 0.251
vn 0.562 -0.789 0.250
vn 0.566 -0.786 0.246
vn 0.564 -0.787 0.251
vn 0.949 -0.239 0.206
vn 0.951 -0.237 0.198
vn 0.953 -0.227 0.201
vn 0.952 -0.229 0.205
vn 0.754 -0.615 0.228
vn 0.758 -0.614 0.219
vn 0.769 -0.601 0.217
vn 0.765 -0.602 0.228
vn 0.988 0.041 0.148
vn 0.985 0.029 0.173
vn 0.985 -0.021 0.173
vn 0.989 -0.010 0.147
vn 0.200 -0.951 0.237
vn 0.203 -0.947 0.248
vn 0.219 -0.944 0.247
vn 0.216 -0.947 0.239
vn 0.509 -0.824 0.250
vn 0.509 -0.824 0.249
vn 0.718 -0.650 0.249
vn 0.718 -0.653 0.241
vn 0.828 -0.519 0.213
vn 0.828 -0.515 0.221
vn 0.926 -0.314 0.212
vn 0.926 -0.317 0.205
vn 0.139 -0.950 0.280
vn 0.133 -0.956 0.261
vn 0.400 -0.883 0.244
vn 0.401 -0.883 0.246
vn 0.556 -0.794 0.247
vn 0.556 -0.794 0.248
vn 0.393 -0.885 0.248
vn 0.391 -0.890 0.237
vn 0.721 -0.650 0.241
vn 0.720 -0.656 0.226
vn 0.841 -0.498 0.213
vn 0.841 -0.500 0.205
vn 0.949 -0.251 0.190
vn 0.948 -0.249 0.196
vn 0.989 -0.020 0.147
vn 0.992 -0.006 0.127
vn 0.140 -0.959 0.247
vn 0.134 -0.956 0.261
vn 0.977 0.082 0.196
vn 0.982 0.075 0.172
vn 0.556 -0.792 0.250
vn 0.558 -0.792 0.248
vn 0.946 -0.250 0.207
vn 0.949 -0.247 0.196
vn 0.743 -0.630 0.228
vn 0.748 -0.628 0.216
vn 0.985 0.087 0.149
vn 0.982 0.076 0.172
vn 0.182 -0.955 0.234
vn 0.186 -0.951 0.246
vn 0.988 0.081 0.132
vn 0.988 0.082 0.133
vn 0.990 0.072 0.121
vn 0.990 0.052 0.132
vn 0.990 0.053 0.130
vn 0.989 -0.075 0.127
vn 0.994 0.058 0.089
vn 0.990 -0.070 0.124
vn -0.504 -0.826 0.250
vn -0.507 -0.826 0.249
vn -0.689 -0.679 0.251
vn -0.704 -0.669 0.238
vn -0.842 -0.496 0.214
vn -0.835 -0.504 0.222
vn -0.919 -0.332 0.211
vn -0.923 -0.326 0.205
vn -0.078 -0.957 0.281
vn -0.104 -0.959 0.263
vn -0.401 -0.883 0.246
vn -0.401 -0.883 0.246
vn -0.232 -0.942 0.242
vn -0.409 -0.909 0.085
vn -0.583 -0.809 0.080
vn -0.790 -0.598 0.135
vn -0.716 -0.648 0.259
vn -0.950 -0.309 -0.039
vn -0.656 -0.453 0.603
vn -0.975 -0.220 -0.011
vn -0.974 -0.224 0.014
vn -0.985 0.127 0.112
vn -0.986 0.133 0.104
vn -0.989 -0.073 0.126
vn -0.924 0.370 0.097
vn -0.970 0.233 0.073
vn -0.969 0.235 0.076
vn -0.991 -0.072 0.110
vn -0.993 -0.082 0.079
vn -0.943 -0.260 0.206
vn -0.819 -0.539 0.199
vn -0.819 -0.536 0.207
vn -0.746 -0.654 0.125
vn -0.551 -0.798 0.244
vn -0.511 -0.842 0.174
vn -0.038 -0.952 0.305
vn -0.964 0.254 0.084
vn -0.923 0.370 0.106
vn -0.986 0.132 0.100
vn -0.987 0.127 0.101
vn -0.925 0.366 0.097
vn -0.926 0.364 0.100
vn -0.961 0.272 0.055
vn -0.965 0.252 0.079
vn -0.965 0.251 0.072
vn -0.960 0.273 0.057
vn -0.970 0.232 0.071
vn -0.965 0.251 0.071
vn -0.970 0.234 0.073
vn -0.970 0.230 0.075
vn -0.970 0.228 0.081
vn -0.969 0.233 0.084
vn -0.969 0.234 0.080
vn -0.967 0.239 0.091
vn -0.968 0.236 0.083
vn -0.969 0.235 0.076
vn -0.959 0.278 0.050
vn -0.957 0.273 0.096
vn -0.968 0.238 0.077
vn -0.984 0.139 0.110
vn -0.994 0.113 -0.010
vn -0.977 -0.215 0.016
vn -0.872 -0.487 0.038
vn -0.869 -0.494 0.020
vn -0.757 -0.651 0.064
vn -0.760 -0.646 0.074
vn -0.588 -0.805 0.072
vn -0.589 -0.805 0.074
vn -0.563 -0.789 0.246
vn -0.560 -0.791 0.248
vn -0.368 -0.897 0.245
vn -0.378 -0.895 0.237
vn -0.692 -0.682 0.238
vn -0.707 -0.671 0.226
vn -0.826 -0.522 0.214
vn -0.834 -0.512 0.205
vn -0.953 -0.232 0.193
vn -0.951 -0.239 0.199
vn -0.988 0.080 0.132
vn -0.988 0.042 0.148
vn -0.586 -0.806 0.080
vn -0.588 -0.806 0.066
vn -0.411 -0.908 0.079
vn -0.355 -0.896 0.268
vn -0.405 -0.877 0.258
vn -0.400 -0.883 0.247
vn -0.552 -0.796 0.250
vn -0.670 -0.704 0.235
vn -0.672 -0.697 0.250
vn -0.818 -0.536 0.207
vn -0.945 -0.265 0.192
vn -0.944 -0.262 0.201
vn -0.978 -0.067 0.195
vn -0.021 -0.708 -0.706
vn -0.028 -0.728 -0.685
vn -0.362 -0.603 -0.711
vn -0.388 -0.608 -0.693
vn -0.324 -0.623 -0.712
vn -0.324 -0.622 -0.713
vn -0.283 -0.647 -0.708
vn -0.273 -0.646 -0.713
vn -0.383 -0.589 -0.712
vn -0.387 -0.590 -0.709
vn -0.395 -0.583 -0.710
vn -0.393 -0.582 -0.712
vn -0.513 -0.468 -0.719
vn -0.526 -0.473 -0.707
vn -0.473 -0.503 -0.723
vn -0.477 -0.504 -0.720
vn -0.425 -0.550 -0.719
vn -0.426 -0.550 -0.718
vn -0.549 -0.405 -0.731
vn -0.539 -0.409 -0.737
vn -0.644 -0.234 -0.729
vn -0.651 -0.234 -0.722
vn -0.641 -0.227 -0.733
vn -0.647 -0.226 -0.728
vn -0.650 -0.196 -0.734
vn -0.651 -0.196 -0.734
vn -0.629 -0.076 -0.774
vn -0.676 -0.063 -0.735
vn -0.626 -0.004 -0.780
vn -0.634 0.001 -0.773
vn -0.621 0.073 -0.780
vn -0.621 0.073 -0.780
vn -0.592 0.193 -0.783
vn -0.593 0.195 -0.781
vn -0.541 -0.427 -0.724
vn -0.647 -0.239 -0.724
vn -0.546 -0.797 -0.256
vn -0.493 -0.841 -0.221
vn -0.494 -0.826 0.271
vn -0.548 -0.798 0.252
vn -0.492 -0.823 0.285
vn -0.426 -0.739 0.521
vn -0.483 -0.720 0.498
vn -0.464 -0.691 0.555
vn -0.408 -0.696 0.590
vn -0.458 -0.746 0.484
vn -0.483 -0.738 0.471
vn -0.383 -0.716 0.584
vn -0.440 -0.705 0.556
vn -0.506 -0.608 0.612
vn -0.387 -0.606 0.695
vn -0.566 -0.315 0.762
vn -0.568 -0.318 0.759
vn -0.574 -0.045 0.818
vn -0.570 -0.043 0.821
vn -0.621 0.062 0.782
vn -0.561 0.080 0.824
vn -0.591 -0.150 0.792
vn -0.606 -0.160 0.779
vn -0.574 -0.194 0.796
vn -0.579 -0.198 0.791
vn -0.479 -0.330 0.813
vn -0.479 -0.331 0.813
vn -0.479 -0.331 0.813
vn -0.489 -0.383 0.783
vn -0.509 -0.315 0.801
vn -0.499 -0.299 0.814
vn -0.500 -0.299 0.813
vn -0.520 -0.282 0.806
vn -0.522 -0.288 0.803
vn -0.524 -0.292 0.800
vn -0.515 -0.275 0.812
vn -0.523 -0.288 0.802
vn -0.521 -0.293 0.802
vn -0.522 -0.292 0.801
vn -0.525 -0.291 0.800
vn -0.416 -0.418 0.808
vn -0.408 -0.436 0.802
vn -0.411 -0.433 0.802
vn -0.364 -0.469 0.805
vn -0.365 -0.467 0.805
vn -0.367 -0.464 0.806
vn -0.365 -0.472 0.803
vn -0.367 -0.471 0.802
vn -0.263 -0.564 0.783
vn -0.263 -0.563 0.784
vn -0.275 -0.554 0.786
vn -0.253 -0.571 0.781
vn -0.263 -0.562 0.784
vn -0.461 -0.356 0.813
vn -0.463 -0.354 0.813
vn -0.462 -0.352 0.814
vn -0.467 -0.356 0.809
vn -0.464 -0.359 0.810
vn -0.514 -0.302 0.803
vn -0.515 -0.299 0.804
vn -0.514 -0.300 0.803
vn -0.517 -0.286 0.807
vn -0.516 -0.286 0.807
vn -0.513 -0.287 0.809
vn -0.501 -0.336 0.798
vn -0.500 -0.339 0.797
vn -0.506 -0.310 0.805
vn -0.505 -0.311 0.805
vn -0.395 -0.424 0.815
vn -0.389 -0.443 0.808
vn -0.395 -0.423 0.816
vn -0.395 -0.416 0.819
vn -0.393 -0.429 0.813
vn -0.395 -0.428 0.813
vn -0.207 -0.552 0.807
vn -0.201 -0.557 0.806
vn -0.202 -0.556 0.806
vn -0.226 -0.542 0.809
vn -0.202 -0.557 0.806
vn -0.271 -0.504 0.820
vn -0.275 -0.500 0.821
vn -0.270 -0.507 0.819
vn -0.273 -0.502 0.821
vn -0.273 -0.504 0.820
vn -0.273 -0.511 0.815
vn -0.269 -0.514 0.815
vn -0.273 -0.511 0.815
vn -0.262 -0.510 0.819
vn -0.261 -0.513 0.818
vn -0.258 -0.519 0.815
vn -0.288 -0.433 0.854
vn -0.263 -0.509 0.820
vn -0.262 -0.509 0.820
vn -0.262 -0.509 0.820
vn -0.317 -0.487 0.814
vn -0.330 -0.470 0.819
vn -0.319 -0.485 0.814
vn -0.309 -0.521 0.796
vn -0.392 -0.452 0.801
vn -0.316 -0.483 0.817
vn -0.320 -0.480 0.817
vn -0.253 -0.520 0.816
vn -0.255 -0.519 0.816
vn -0.232 -0.543 0.807
vn -0.289 -0.476 0.831
vn -0.246 -0.529 0.812
vn -0.269 -0.498 0.824
vn -0.252 -0.522 0.815
vn -0.259 -0.516 0.817
vn -0.254 -0.517 0.818
vn -0.092 -0.573 0.814
vn -0.087 -0.587 0.805
vn -0.087 -0.587 0.805
vn -0.062 -0.595 0.802
vn -0.040 -0.598 0.800
vn -0.081 -0.588 0.805
vn -0.073 -0.593 0.802
vn -0.071 -0.604 0.794
vn -0.074 -0.585 0.807
vn -0.072 -0.596 0.800
vn -0.073 -0.586 0.807
vn -0.072 -0.579 0.812
vn -0.072 -0.579 0.812
vn -0.073 -0.589 0.805
vn -0.073 -0.572 0.817
vn -0.073 -0.579 0.812
vn -0.506 -0.809 0.299
vn -0.518 -0.806 0.288
vn -0.078 -0.962 0.263
vn -0.105 -0.964 0.245
vn -0.980 -0.010 0.196
vn -0.985 0.030 0.172
vn -0.565 -0.787 0.248
vn -0.562 -0.788 0.251
vn -0.953 -0.229 0.199
vn -0.950 -0.236 0.205
vn -0.768 -0.602 0.218
vn -0.757 -0.613 0.229
vn -0.985 -0.008 0.172
vn -0.988 0.030 0.149
vn -0.217 -0.947 0.236
vn -0.203 -0.948 0.246
vn -0.410 -0.908 0.080
vn -0.411 -0.908 0.082
vn -0.527 -0.848 0.045
vn -0.553 -0.787 0.274
vn -0.290 -0.941 0.174
vn -0.167 -0.983 0.074
vn -0.170 -0.984 0.058
vn -0.169 -0.984 0.060
vn -0.397 -0.884 0.246
vn -0.400 -0.883 0.247
vn -0.552 -0.796 0.249
vn -0.550 -0.798 0.247
vn -0.414 -0.875 0.253
vn -0.038 -0.951 0.306
vn -0.029 -0.966 0.256
vn -0.170 -0.985 0.032
vn -0.674 -0.701 0.232
vn -0.670 -0.708 0.224
vn -0.819 -0.530 0.218
vn -0.818 -0.531 0.222
vn -0.934 -0.353 0.049
vn -0.944 -0.259 0.203
vn -0.979 -0.067 0.195
vn -0.979 -0.067 0.193
vn -0.991 -0.083 0.109
vn -0.986 0.133 0.104
vn -0.986 0.133 0.104
vn -0.976 -0.220 0.005
vn -0.873 -0.485 0.052
vn -0.871 -0.490 0.041
vn -0.757 -0.650 0.061
vn -0.755 -0.652 0.062
vn -0.756 -0.652 0.061
vn -0.756 -0.652 0.065
vn -0.509 -0.823 0.250
vn -0.510 -0.823 0.249
vn -0.507 -0.825 0.250
vn -0.509 -0.824 0.249
vn -0.505 -0.827 0.249
vn -0.503 -0.828 0.250
vn -0.721 -0.651 0.239
vn -0.730 -0.635 0.251
vn -0.704 -0.664 0.251
vn -0.719 -0.653 0.238
vn -0.688 -0.685 0.238
vn -0.672 -0.697 0.251
vn -0.828 -0.519 0.214
vn -0.819 -0.530 0.222
vn -0.835 -0.507 0.214
vn -0.827 -0.516 0.223
vn -0.842 -0.492 0.223
vn -0.849 -0.483 0.215
vn -0.927 -0.315 0.205
vn -0.928 -0.307 0.212
vn -0.922 -0.324 0.212
vn -0.926 -0.316 0.205
vn -0.920 -0.335 0.205
vn -0.915 -0.343 0.211
vn -0.139 -0.955 0.263
vn -0.162 -0.947 0.278
vn -0.133 -0.956 0.263
vn -0.110 -0.954 0.280
vn -0.070 -0.957 0.281
vn -0.039 -0.964 0.263
vn -0.400 -0.883 0.246
vn -0.401 -0.883 0.246
vn -0.400 -0.883 0.246
vn -0.401 -0.883 0.246
vn -0.400 -0.883 0.246
vn -0.400 -0.883 0.246
vn -0.556 -0.795 0.245
vn -0.551 -0.797 0.248
vn -0.559 -0.792 0.245
vn -0.555 -0.794 0.248
vn -0.565 -0.787 0.248
vn -0.568 -0.785 0.246
vn -0.394 -0.886 0.246
vn -0.407 -0.882 0.238
vn -0.379 -0.892 0.246
vn -0.390 -0.889 0.237
vn -0.367 -0.899 0.238
vn -0.357 -0.901 0.245
vn -0.721 -0.651 0.239
vn -0.735 -0.639 0.227
vn -0.707 -0.666 0.238
vn -0.720 -0.656 0.227
vn -0.691 -0.687 0.225
vn -0.673 -0.700 0.237
vn -0.841 -0.497 0.214
vn -0.848 -0.488 0.206
vn -0.834 -0.508 0.213
vn -0.841 -0.500 0.206
vn -0.827 -0.524 0.204
vn -0.818 -0.535 0.213
vn -0.947 -0.251 0.198
vn -0.946 -0.262 0.191
vn -0.951 -0.241 0.192
vn -0.948 -0.249 0.198
vn -0.953 -0.230 0.199
vn -0.956 -0.222 0.193
vn -0.992 -0.019 0.128
vn -0.987 -0.069 0.144
vn -0.991 0.032 0.131
vn -0.989 -0.008 0.148
vn -0.987 0.090 0.133
vn -0.981 0.127 0.150
vn -0.139 -0.955 0.263
vn -0.164 -0.955 0.246
vn -0.109 -0.958 0.263
vn -0.135 -0.960 0.245
vn -0.072 -0.967 0.244
vn -0.039 -0.964 0.263
vn -0.981 0.085 0.173
vn -0.974 0.119 0.194
vn -0.980 0.037 0.196
vn -0.982 0.075 0.173
vn -0.985 -0.021 0.173
vn -0.978 -0.067 0.196
vn -0.556 -0.793 0.248
vn -0.552 -0.795 0.251
vn -0.561 -0.790 0.248
vn -0.557 -0.791 0.251
vn -0.565 -0.786 0.251
vn -0.570 -0.783 0.248
vn -0.948 -0.249 0.198
vn -0.944 -0.259 0.206
vn -0.950 -0.239 0.198
vn -0.947 -0.247 0.206
vn -0.953 -0.227 0.199
vn -0.954 -0.218 0.205
vn -0.745 -0.631 0.217
vn -0.732 -0.643 0.227
vn -0.756 -0.617 0.218
vn -0.746 -0.626 0.227
vn -0.767 -0.599 0.228
vn -0.777 -0.590 0.219
vn -0.985 0.087 0.149
vn -0.977 0.122 0.173
vn -0.984 0.039 0.173
vn -0.986 0.078 0.149
vn -0.989 -0.019 0.146
vn -0.983 -0.068 0.172
vn -0.182 -0.955 0.236
vn -0.163 -0.955 0.246
vn -0.200 -0.951 0.236
vn -0.186 -0.951 0.246
vn -0.219 -0.944 0.246
vn -0.232 -0.943 0.237
vn -0.507 -0.825 0.250
vn -0.507 -0.825 0.251
vn -0.504 -0.826 0.251
vn -0.504 -0.826 0.251
vn -0.704 -0.669 0.238
vn -0.704 -0.664 0.250
vn -0.689 -0.679 0.253
vn -0.688 -0.686 0.237
vn -0.835 -0.504 0.223
vn -0.835 -0.507 0.214
vn -0.842 -0.496 0.213
vn -0.842 -0.492 0.223
vn -0.923 -0.326 0.206
vn -0.922 -0.324 0.211
vn -0.919 -0.332 0.213
vn -0.920 -0.335 0.204
vn -0.104 -0.960 0.262
vn -0.110 -0.954 0.281
vn -0.078 -0.956 0.281
vn -0.071 -0.963 0.261
vn -0.401 -0.882 0.247
vn -0.400 -0.883 0.245
vn -0.400 -0.882 0.248
vn -0.400 -0.883 0.246
vn -0.560 -0.790 0.248
vn -0.559 -0.792 0.244
vn -0.564 -0.789 0.243
vn -0.565 -0.787 0.249
vn -0.378 -0.894 0.240
vn -0.379 -0.892 0.244
vn -0.368 -0.897 0.244
vn -0.367 -0.899 0.240
vn -0.707 -0.670 0.226
vn -0.707 -0.666 0.238
vn -0.692 -0.682 0.237
vn -0.691 -0.687 0.225
vn -0.834 -0.512 0.204
vn -0.834 -0.508 0.214
vn -0.827 -0.522 0.210
vn -0.827 -0.524 0.206
vn -0.951 -0.239 0.198
vn -0.951 -0.241 0.192
vn -0.953 -0.232 0.193
vn -0.952 -0.230 0.201
vn -0.990 0.043 0.132
vn -0.988 0.031 0.148
vn -0.987 0.090 0.133
vn -0.986 0.078 0.149
vn -0.104 -0.959 0.262
vn -0.110 -0.963 0.247
vn -0.078 -0.967 0.244
vn -0.072 -0.963 0.261
vn -0.984 0.030 0.175
vn -0.980 0.037 0.195
vn -0.980 -0.010 0.200
vn -0.985 -0.021 0.173
vn -0.562 -0.789 0.248
vn -0.560 -0.789 0.252
vn -0.564 -0.786 0.251
vn -0.566 -0.786 0.249
vn -0.951 -0.237 0.198
vn -0.949 -0.239 0.206
vn -0.951 -0.229 0.207
vn -0.953 -0.227 0.201
vn -0.758 -0.614 0.219
vn -0.754 -0.615 0.228
vn -0.766 -0.601 0.226
vn -0.769 -0.601 0.219
vn -0.984 0.028 0.175
vn -0.988 0.041 0.148
vn -0.989 -0.008 0.147
vn -0.985 -0.019 0.173
vn -0.203 -0.947 0.248
vn -0.200 -0.951 0.238
vn -0.216 -0.947 0.239
vn -0.219 -0.944 0.247
vn -0.509 -0.824 0.249
vn -0.509 -0.823 0.251
vn -0.718 -0.653 0.239
vn -0.719 -0.649 0.249
vn -0.828 -0.516 0.219
vn -0.828 -0.519 0.211
vn -0.926 -0.316 0.207
vn -0.925 -0.315 0.212
vn -0.133 -0.956 0.261
vn -0.139 -0.950 0.280
vn -0.401 -0.882 0.247
vn -0.400 -0.883 0.245
vn -0.555 -0.794 0.248
vn -0.555 -0.794 0.247
vn -0.391 -0.890 0.236
vn -0.394 -0.885 0.248
vn -0.720 -0.657 0.224
vn -0.721 -0.651 0.239
vn -0.841 -0.500 0.205
vn -0.841 -0.498 0.213
vn -0.947 -0.249 0.201
vn -0.948 -0.251 0.195
vn -0.992 -0.008 0.130
vn -0.989 -0.020 0.147
vn -0.134 -0.956 0.261
vn -0.140 -0.959 0.247
vn -0.982 0.075 0.172
vn -0.977 0.082 0.196
vn -0.558 -0.792 0.248
vn -0.555 -0.792 0.253
vn -0.948 -0.248 0.201
vn -0.947 -0.249 0.205
vn -0.748 -0.628 0.214
vn -0.743 -0.630 0.228
vn -0.982 0.076 0.172
vn -0.985 0.087 0.149
vn -0.186 -0.951 0.246
vn -0.182 -0.955 0.234
vn -0.988 0.081 0.132
vn -0.988 0.082 0.133
vn -0.990 0.053 0.131
vn -0.990 0.072 0.121
vn -0.990 0.053 0.132
vn -0.994 0.058 0.089
vn -0.989 -0.075 0.127
vn -0.989 -0.074 0.127
####################################
f 1986//1 2064//1 2164//1
f 2021//2 2177//2 2020//2
f 1954//3 2013//3 2012//3
f 2008//4 1953//4 1950//4
f 1985//5 1950//5 1949//5
f 1986//6 1988//6 1984//6
f 2291//7 2250//7 2439//7
f 2439//8 2250//8 2275//8
f 2439//9 2301//9 2291//9
f 1646//10 1698//10 1691//10
f 1691//11 1647//11 1646//11
f 2229//12 2291//12 2301//12
f 1966//13 1994//13 2062//13
f 1966//14 2079//14 1994//14
f 1813//15 1773//15 1823//15
f 1995//16 1994//16 2079//16
f 2079//17 2078//17 1995//17
f 1798//18 1823//18 1773//18
f 1966//19 2062//19 2065//19
f 1963//20 1997//20 2055//20
f 1978//21 2173//21 2056//21
f 1962//22 1990//22 1989//22
f 2060//23 2175//23 2135//23
f 2175//24 2060//24 2059//24
f 1997//25 1963//25 1991//25
f 2174//26 1977//26 1996//26
f 1996//27 1977//27 2127//27
f 2127//28 1977//28 2053//28
f 2054//29 1977//29 2125//29
f 2125//30 1977//30 2126//30
f 2126//31 1977//31 2128//31
f 1999//32 2066//32 2065//32
f 1993//33 1979//33 2121//33
f 2121//34 1979//34 2119//34
f 2119//35 1979//35 2120//35
f 2120//36 1979//36 2058//36
f 2003//37 2057//37 2058//37
f 2179//38 1978//38 2124//38
f 2173//39 1978//39 2179//39
f 2122//40 1975//40 1974//40
f 1973//41 1972//41 2123//41
f 1972//42 1975//42 2122//42
f 2122//43 2123//43 1972//43
f 1976//44 2056//44 1974//44
f 1977//45 1971//45 2128//45
f 2141//46 1977//46 2174//46
f 1988//47 1986//47 1985//47
f 2005//48 1964//48 2000//48
f 1965//49 1970//49 1984//49
f 1967//50 2178//50 1970//50
f 1957//51 2020//51 1955//51
f 1960//52 2011//52 1958//52
f 2002//53 2012//53 2011//53
f 2011//54 1960//54 2002//54
f 2012//55 2002//55 2001//55
f 2001//56 1954//56 2012//56
f 1954//57 2001//57 1952//57
f 1988//58 1961//58 1984//58
f 1955//59 2079//59 1966//59
f 1967//60 1965//60 1963//60
f 1963//61 1968//61 1967//61
f 1959//62 2066//62 1964//62
f 2003//63 2002//63 2007//63
f 1979//64 2001//64 2002//64
f 1961//65 1948//65 1972//65
f 1972//66 1948//66 1975//66
f 1975//67 1948//67 1951//67
f 1951//68 1976//68 1975//68
f 1949//69 1948//69 1961//69
f 1960//70 1964//70 2007//70
f 1985//71 1987//71 2008//71
f 2007//72 1964//72 2005//72
f 1950//73 1953//73 1952//73
f 1951//74 1952//74 1978//74
f 1978//75 1976//75 1951//75
f 1977//76 2141//76 1990//76
f 1990//77 1962//77 1977//77
f 1963//78 1962//78 2004//78
f 2004//79 2052//79 1963//79
f 2147//80 2135//80 2134//80
f 1964//81 2066//81 1999//81
f 1946//82 2065//82 2062//82
f 2062//83 1797//83 1946//83
f 1997//84 1804//84 2176//84
f 1923//85 2009//85 1993//85
f 1924//86 2056//86 2173//86
f 2173//87 1791//87 1924//87
f 1990//88 1818//88 1817//88
f 1992//89 1944//89 1945//89
f 1992//90 2052//90 1998//90
f 2175//91 1809//91 1806//91
f 1806//92 2135//92 2175//92
f 1800//93 2174//93 1996//93
f 2127//94 2053//94 1920//94
f 2053//95 2054//95 1935//95
f 1936//96 1935//96 2054//96
f 1932//97 1936//97 2125//97
f 1933//98 1932//98 2126//98
f 1803//99 1827//99 2059//99
f 2062//100 1994//100 1810//100
f 1821//101 2057//101 2006//101
f 1790//102 1789//102 1993//102
f 2121//103 2119//103 1914//103
f 1915//104 1914//104 2119//104
f 1913//105 1915//105 2120//105
f 2120//106 2058//106 1913//106
f 1913//107 2058//107 2057//107
f 2009//108 1923//108 1938//108
f 1980//109 1938//109 1947//109
f 1792//110 2179//110 2124//110
f 1792//111 1791//111 2173//111
f 2173//112 2179//112 1792//112
f 1933//113 2128//113 1971//113
f 2141//114 2174//114 1800//114
f 2000//115 1795//115 1917//115
f 1822//116 2006//116 2005//116
f 2078//117 1942//117 1941//117
f 2141//118 1818//118 1990//118
f 1998//119 2052//119 2004//119
f 2004//120 1943//120 1998//120
f 1989//121 1817//121 1943//121
f 1943//122 2004//122 1989//122
f 2129//123 2176//123 1804//123
f 1795//124 2000//124 1999//124
f 1999//125 1796//125 1795//125
f 2087//126 2076//126 2085//126
f 2146//127 2100//127 2197//127
f 2197//128 2095//128 2146//128
f 2100//129 2146//129 2099//129
f 2099//130 2077//130 2076//130
f 2079//131 1955//131 2098//131
f 2070//132 2146//132 2095//132
f 2094//133 2096//133 2180//133
f 2096//134 1955//134 2020//134
f 2082//135 2113//135 2081//135
f 2077//136 2145//136 2075//136
f 2075//137 2086//137 2085//137
f 1886//138 2087//138 2086//138
f 2086//139 1872//139 1886//139
f 1880//140 2074//140 2088//140
f 1867//141 1942//141 2078//141
f 1886//142 2172//142 2113//142
f 2084//143 2083//143 2154//143
f 2154//144 2145//144 2084//144
f 2069//145 2071//145 1884//145
f 2074//146 1880//146 1879//146
f 2072//147 1879//147 1884//147
f 1872//148 2086//148 2075//148
f 2075//149 1873//149 1872//149
f 2096//150 2020//150 2180//150
f 1809//151 2175//151 2059//151
f 2161//152 2155//152 1984//152
f 2161//153 1984//153 1970//153
f 2164//154 2158//154 1987//154
f 2017//155 1970//155 2182//155
f 2017//156 2019//156 1970//156
f 2181//157 2055//157 2061//157
f 2061//158 2055//158 2129//158
f 2055//159 2176//159 2129//159
f 2195//160 2021//160 1957//160
f 2193//161 2021//161 2195//161
f 1958//162 1957//162 1956//162
f 1966//163 2066//163 1959//163
f 1959//164 1956//164 1966//164
f 2200//165 2100//165 2094//165
f 2117//166 2180//166 2188//166
f 2188//167 2118//167 2117//167
f 2196//168 2197//168 2100//168
f 2198//169 2199//169 2197//169
f 2118//170 2188//170 2194//170
f 2184//171 2185//171 2180//171
f 2186//172 2187//172 2188//172
f 2183//173 2031//173 2030//173
f 2028//174 2027//174 2177//174
f 2177//175 2021//175 2028//175
f 2030//176 2029//176 2191//176
f 2191//177 2192//177 2193//177
f 2190//178 2183//178 2191//178
f 2189//179 1958//179 2016//179
f 2011//180 2010//180 2014//180
f 2159//181 1987//181 2049//181
f 2051//182 2049//182 1987//182
f 2151//183 2157//183 2158//183
f 2046//184 2064//184 2155//184
f 2155//185 2156//185 2046//185
f 2155//186 2161//186 2162//186
f 2163//187 2149//187 2164//187
f 2051//188 2158//188 2160//188
f 2067//189 2068//189 2008//189
f 2010//190 2013//190 2024//190
f 2013//191 2010//191 2012//191
f 2011//192 2012//192 2010//192
f 2016//193 2014//193 2015//193
f 1958//194 2014//194 2016//194
f 2015//195 2014//195 2025//195
f 2147//196 2148//196 2060//196
f 2149//197 2150//197 2151//197
f 2146//198 2070//198 2077//198
f 2084//199 2145//199 2077//199
f 1873//200 2075//200 2145//200
f 2145//201 2154//201 1873//201
f 2094//202 2100//202 2092//202
f 2153//203 2152//203 2082//203
f 2094//204 2093//204 2097//204
f 2101//205 2076//205 2152//205
f 2152//206 2153//206 2101//206
f 2093//207 2101//207 2153//207
f 2153//208 2097//208 2093//208
f 1814//209 1815//209 2114//209
f 2111//210 2112//210 1814//210
f 1814//211 2115//211 2111//211
f 2168//212 1848//212 2112//212
f 2112//213 2111//213 2168//213
f 2168//214 2103//214 1849//214
f 1849//215 1848//215 2168//215
f 1273//216 1811//216 1847//216
f 2114//217 2166//217 2167//217
f 2110//218 2165//218 2108//218
f 1853//219 2107//219 1841//219
f 2106//220 1843//220 2105//220
f 1843//221 2106//221 1841//221
f 1845//222 1911//222 1844//222
f 1820//223 1824//223 1755//223
f 1837//224 1816//224 1819//224
f 1783//225 1782//225 1807//225
f 1807//226 1782//226 1784//226
f 1928//227 1927//227 1832//227
f 1832//228 1830//228 1928//228
f 2142//229 1759//229 1758//229
f 1832//230 1929//230 1759//230
f 1831//231 1759//231 2142//231
f 1833//232 1759//232 1929//232
f 1751//233 1808//233 1752//233
f 1834//234 1808//234 1751//234
f 1751//235 1835//235 1834//235
f 1820//236 1836//236 1916//236
f 1916//237 1836//237 1858//237
f 1918//238 1825//238 1922//238
f 1922//239 1825//239 1801//239
f 1862//240 1837//240 1865//240
f 1816//241 1837//241 1854//241
f 1837//242 1802//242 1764//242
f 1762//243 2105//243 1763//243
f 1772//244 1814//244 2112//244
f 2112//245 1774//245 1772//245
f 1774//246 2112//246 1848//246
f 1753//247 1848//247 1849//247
f 1849//248 1754//248 1753//248
f 1851//249 1754//249 1849//249
f 1812//250 2104//250 1786//250
f 1853//251 1768//251 1767//251
f 1767//252 2143//252 1853//252
f 1756//253 2106//253 1762//253
f 1787//254 1841//254 2106//254
f 2106//255 1756//255 1787//255
f 1776//256 1765//256 2144//256
f 2144//257 1845//257 1776//257
f 1755//258 1754//258 1836//258
f 1778//259 1766//259 1765//259
f 1777//260 1779//260 1765//260
f 1773//261 1772//261 1774//261
f 1753//262 1846//262 1775//262
f 1760//263 1769//263 1768//263
f 1786//264 1783//264 1785//264
f 1783//265 1786//265 1781//265
f 1825//266 1765//266 1764//266
f 1761//267 1759//267 1835//267
f 1835//268 1750//268 1761//268
f 1760//269 1787//269 1756//269
f 1751//270 1750//270 1835//270
f 1755//271 1846//271 1753//271
f 1851//272 1856//272 1836//272
f 1836//273 1754//273 1851//273
f 2144//274 1765//274 1825//274
f 1840//275 1761//275 1763//275
f 1769//276 1760//276 1808//276
f 1769//277 1793//277 1863//277
f 1794//278 1846//278 1860//278
f 1780//279 1779//279 1811//279
f 1811//280 1777//280 1847//280
f 1779//281 1777//281 1811//281
f 1775//282 1846//282 1799//282
f 1826//283 1785//283 1828//283
f 1810//284 1823//284 1798//284
f 1775//285 1946//285 1797//285
f 1809//286 1829//286 1807//286
f 1784//287 2136//287 1806//287
f 1802//288 1818//288 1800//288
f 1833//289 1931//289 1924//289
f 1920//290 1935//290 1934//290
f 1930//291 1832//291 1927//291
f 1927//292 1926//292 1930//292
f 1832//293 1930//293 1929//293
f 1831//294 1933//294 1830//294
f 1831//295 2142//295 1932//295
f 1791//296 1808//296 1834//296
f 1915//297 1913//297 1916//297
f 1916//298 1858//298 1915//298
f 1788//299 1790//299 1857//299
f 1938//300 1864//300 1863//300
f 1863//301 1947//301 1938//301
f 1922//302 1921//302 1919//302
f 1920//303 1934//303 1918//303
f 1805//304 1804//304 1865//304
f 1865//305 1804//305 1945//305
f 1862//306 1945//306 1944//306
f 1861//307 1944//307 1998//307
f 1998//308 1855//308 1861//308
f 1855//309 1998//309 1943//309
f 1943//310 1854//310 1855//310
f 1917//311 1795//311 1794//311
f 1946//312 1775//312 1799//312
f 1813//313 1823//313 1810//313
f 1826//314 1828//314 1827//314
f 1914//315 1859//315 1857//315
f 1857//316 1790//316 1914//316
f 1813//317 1942//317 1771//317
f 1896//318 2114//318 1815//318
f 1877//319 2169//319 1871//319
f 1893//320 1889//320 617//320
f 617//321 616//321 1893//321
f 1889//322 1874//322 1887//322
f 1815//323 1771//323 1896//323
f 2171//324 1771//324 1866//324
f 1870//325 2171//325 1866//325
f 1890//326 2171//326 1894//326
f 1885//327 2170//327 1894//327
f 1871//328 2169//328 1885//328
f 1734//329 1887//329 1883//329
f 1907//330 1734//330 1878//330
f 1882//331 1734//331 1907//331
f 1876//332 1887//332 1874//332
f 1884//333 1883//333 1892//333
f 1892//334 1908//334 1884//334
f 1771//335 1942//335 1867//335
f 1867//336 1866//336 1771//336
f 1868//337 1870//337 1866//337
f 1868//338 2172//338 1869//338
f 1886//339 1872//339 1871//339
f 1880//340 1907//340 1878//340
f 1876//341 2083//341 1908//341
f 1873//342 2154//342 1875//342
f 1875//343 1877//343 1873//343
f 1876//344 1892//344 1887//344
f 2171//345 1890//345 1771//345
f 1828//346 1785//346 1783//346
f 1812//347 1811//347 1272//347
f 1041//348 1905//348 1812//348
f 1271//349 1262//349 1812//349
f 2110//350 1270//350 1269//350
f 1266//351 1265//351 1910//351
f 1844//352 1847//352 1776//352
f 1267//353 1268//353 1910//353
f 1269//354 1266//354 2165//354
f 2647//355 2646//355 2110//355
f 1270//356 2110//356 2646//356
f 1918//357 2397//357 2144//357
f 2144//358 1825//358 1918//358
f 1845//359 2144//359 2397//359
f 2396//360 2395//360 1911//360
f 1911//361 1845//361 2396//361
f 2165//362 1266//362 1910//362
f 2108//363 2165//363 1910//363
f 1910//364 1911//364 2108//364
f 2108//365 1911//365 2395//365
f 2382//366 2381//366 2109//366
f 2109//367 2108//367 2382//367
f 1934//368 2398//368 2397//368
f 2397//369 1918//369 1934//369
f 1839//370 1838//370 2395//370
f 2395//371 2396//371 1839//371
f 1838//372 2383//372 2382//372
f 2382//373 2395//373 1838//373
f 1852//374 2359//374 2383//374
f 2383//375 1838//375 1852//375
f 1763//376 2105//376 1852//376
f 1852//377 1840//377 1763//377
f 2398//378 1934//378 1758//378
f 1758//379 1757//379 2398//379
f 1936//380 1932//380 2142//380
f 2373//381 2166//381 2402//381
f 2373//382 2400//382 2401//382
f 270//383 1413//383 2381//383
f 288//384 287//384 2376//384
f 2405//385 2364//385 2393//385
f 2393//386 2404//386 2405//386
f 2393//387 2364//387 2373//387
f 1842//388 2107//388 2403//388
f 2107//389 2388//389 2387//389
f 2166//390 2373//390 2390//390
f 2167//391 2166//391 2399//391
f 2365//392 2399//392 2388//392
f 2388//393 2366//393 2365//393
f 2366//394 2388//394 2107//394
f 2107//395 2367//395 2366//395
f 1923//396 1788//396 1937//396
f 1937//397 1788//397 1856//397
f 1856//398 1851//398 1767//398
f 2143//399 1850//399 2103//399
f 2103//400 2367//400 2143//400
f 2367//401 2103//401 2168//401
f 2168//402 2366//402 2367//402
f 2366//403 2168//403 2111//403
f 2111//404 2365//404 2366//404
f 2365//405 2111//405 2115//405
f 2167//406 2115//406 2114//406
f 2368//407 617//407 1889//407
f 1874//408 1889//408 1893//408
f 1874//409 2169//409 1877//409
f 2083//410 1876//410 1875//410
f 1875//411 2154//411 2083//411
f 2170//412 1895//412 1897//412
f 1869//413 1894//413 2171//413
f 619//414 2357//414 1897//414
f 1895//415 2170//415 2169//415
f 1885//416 2169//416 2170//416
f 2363//417 2364//417 2361//417
f 2361//418 2362//418 2363//418
f 2358//419 2359//419 1852//419
f 2105//420 2360//420 2358//420
f 2372//421 2393//421 2373//421
f 2373//422 2379//422 2372//422
f 2373//423 2364//423 2363//423
f 2363//424 2390//424 2373//424
f 1842//425 2391//425 2392//425
f 2377//426 2376//426 2394//426
f 2357//427 619//427 618//427
f 618//428 1891//428 2357//428
f 1891//429 618//429 514//429
f 2114//430 609//430 606//430
f 606//431 2389//431 2114//431
f 2376//432 2377//432 2378//432
f 2375//433 2379//433 2373//433
f 2373//434 2374//434 2375//434
f 2369//435 2370//435 2371//435
f 2369//436 2371//436 2372//436
f 2386//437 2387//437 2388//437
f 270//438 2381//438 2384//438
f 2384//439 2381//439 2385//439
f 2380//440 2381//440 2382//440
f 2380//441 2382//441 2383//441
f 2380//442 2385//442 2381//442
f 2242//443 2248//443 2260//443
f 2355//444 2425//444 2356//444
f 2352//445 2356//445 2425//445
f 2356//446 2354//446 2355//446
f 2426//447 2425//447 2355//447
f 2419//448 2422//448 2420//448
f 2442//449 2321//449 2205//449
f 2205//450 2423//450 2442//450
f 2207//451 2410//451 2261//451
f 2407//452 2432//452 2300//452
f 2430//453 2429//453 2253//453
f 2429//454 2298//454 2253//454
f 2351//455 2350//455 2210//455
f 2210//456 2209//456 2351//456
f 2255//457 2430//457 2253//457
f 2437//458 2436//458 2441//458
f 2436//459 2434//459 2441//459
f 2434//460 2433//460 2441//460
f 2433//461 2435//461 2441//461
f 2435//462 2276//462 2441//462
f 2276//463 2264//463 2441//463
f 2209//464 2213//464 2351//464
f 2418//465 2414//465 2278//465
f 2444//466 2281//466 2412//466
f 2281//467 2280//467 2412//467
f 2280//468 2282//468 2412//468
f 2282//469 2279//469 2412//469
f 2206//470 2277//470 2412//470
f 2445//471 2208//471 2207//471
f 2272//472 2445//472 2207//472
f 2265//473 2267//473 2408//473
f 2263//474 2265//474 2408//474
f 2263//475 2408//475 2441//475
f 2262//476 2261//476 2410//476
f 2410//477 2409//477 2262//477
f 2441//478 2264//478 2263//478
f 2271//479 2270//479 2441//479
f 2419//480 2334//480 2442//480
f 2443//481 2406//481 2205//481
f 2205//482 2201//482 2443//482
f 2427//483 2443//483 2201//483
f 2201//484 2203//484 2427//484
f 2248//485 2247//485 2290//485
f 2290//486 2260//486 2248//486
f 2417//487 2251//487 2249//487
f 2352//488 2425//488 2415//488
f 2425//489 2426//489 2413//489
f 2413//490 2415//490 2425//490
f 2416//491 2413//491 2426//491
f 2420//492 2422//492 2421//492
f 2250//493 2291//493 2290//493
f 2427//494 2254//494 2253//494
f 2427//495 2428//495 2254//495
f 2424//496 2259//496 2251//496
f 2412//497 2414//497 2415//497
f 2413//498 2416//498 2207//498
f 2207//499 2412//499 2413//499
f 2406//500 2407//500 2408//500
f 2409//501 2410//501 2411//501
f 2411//502 2421//502 2409//502
f 2422//503 2423//503 2406//503
f 2406//504 2421//504 2422//504
f 2417//505 2415//505 2418//505
f 2419//506 2420//506 2343//506
f 2418//507 2438//507 2269//507
f 2411//508 2410//508 2207//508
f 2207//509 2416//509 2411//509
f 2253//510 2298//510 2297//510
f 2349//511 2440//511 2350//511
f 2424//512 2268//512 2274//512
f 2274//513 2259//513 2424//513
f 2301//514 2439//514 1645//514
f 1629//515 1696//515 2275//515
f 2255//516 2214//516 1655//516
f 1588//517 1587//517 2272//517
f 2300//518 2432//518 2431//518
f 2431//519 1625//519 2300//519
f 2429//520 1659//520 2299//520
f 1654//521 2430//521 2255//521
f 2437//522 2270//522 1624//522
f 1652//523 2436//523 2437//523
f 2436//524 1652//524 1621//524
f 1623//525 2433//525 2434//525
f 1724//526 2435//526 2433//526
f 1591//527 2264//527 2276//527
f 2209//528 1640//528 1639//528
f 2275//529 1696//529 1645//529
f 2273//530 2274//530 1630//530
f 1630//531 1629//531 2273//531
f 1598//532 2280//532 2281//532
f 2282//533 1597//533 1596//533
f 2278//534 2279//534 1596//534
f 2277//535 2206//535 1641//535
f 1616//536 1633//536 2208//536
f 2272//537 1587//537 1616//537
f 1586//538 2262//538 2266//538
f 2267//539 2265//539 1593//539
f 2265//540 2263//540 1593//540
f 2261//541 2262//541 1586//541
f 2263//542 2264//542 1591//542
f 1624//543 2270//543 2271//543
f 2271//544 1625//544 1624//544
f 2268//545 2269//545 1603//545
f 1603//546 1697//546 2268//546
f 1604//547 1603//547 2269//547
f 2229//548 2301//548 1736//548
f 1736//549 1735//549 2229//549
f 2271//550 2300//550 1625//550
f 2297//551 2298//551 2299//551
f 1655//552 2214//552 2211//552
f 2274//553 2268//553 1697//553
f 2290//554 2289//554 2284//554
f 2223//555 2222//555 2303//555
f 2302//556 2095//556 2197//556
f 2197//557 2295//557 2302//557
f 2295//558 2296//558 2286//558
f 2286//559 2287//559 2288//559
f 2289//560 2290//560 2291//560
f 2285//561 2073//561 2095//561
f 2238//562 2237//562 2283//562
f 2283//563 2284//563 2238//563
f 2283//564 2260//564 2290//564
f 2294//565 2291//565 2219//565
f 2293//566 2225//566 2292//566
f 2292//567 2288//567 2293//567
f 2285//568 2217//568 2073//568
f 2221//569 2224//569 1552//569
f 1552//570 1742//570 2221//570
f 2222//571 2223//571 1558//571
f 1738//572 1881//572 2088//572
f 2088//573 2218//573 1738//573
f 2219//574 2220//574 1749//574
f 1749//575 2220//575 2229//575
f 2229//576 1735//576 1749//576
f 1558//577 2223//577 2228//577
f 2224//578 2225//578 2226//578
f 1745//579 2227//579 2221//579
f 1745//580 1739//580 2217//580
f 2209//581 2210//581 1611//581
f 1611//582 1640//582 2209//582
f 2206//583 2207//583 2208//583
f 2201//584 2202//584 2203//584
f 2204//585 2201//585 2205//585
f 2215//586 2202//586 2201//586
f 2215//587 2201//587 2216//587
f 2213//588 2209//588 2211//588
f 2211//589 2212//589 2213//589
f 2212//590 2211//590 2214//590
f 2212//591 2253//591 2254//591
f 2255//592 2212//592 2214//592
f 2243//593 2252//593 2242//593
f 2252//594 2248//594 2242//594
f 2247//595 2248//595 2249//595
f 2250//596 2247//596 2251//596
f 2251//597 2259//597 2250//597
f 2245//598 2260//598 2237//598
f 2235//599 2258//599 2239//599
f 2256//600 2236//600 2238//600
f 2246//601 2257//601 2230//601
f 2230//602 2237//602 2246//602
f 2236//603 2237//603 2238//603
f 2239//604 2197//604 2235//604
f 2235//605 2197//605 2199//605
f 2230//606 2231//606 2232//606
f 2230//607 2233//607 2234//607
f 2234//608 2237//608 2230//608
f 2244//609 2237//609 2234//609
f 2244//610 2245//610 2237//610
f 2240//611 2241//611 2242//611
f 2242//612 2241//612 2243//612
f 2240//613 2242//613 2245//613
f 2338//614 2339//614 2335//614
f 2243//615 2337//615 2335//615
f 2248//616 2252//616 2335//616
f 2243//617 2335//617 2252//617
f 2248//618 2336//618 2249//618
f 2336//619 2248//619 2344//619
f 2344//620 2248//620 2335//620
f 2335//621 2339//621 2344//621
f 2336//622 2340//622 2249//622
f 2341//623 2342//623 2343//623
f 2332//624 2333//624 2334//624
f 2324//625 2325//625 2326//625
f 2326//626 2325//626 2327//626
f 2321//627 2322//627 2323//627
f 2317//628 2318//628 2319//628
f 2204//629 2319//629 2320//629
f 2320//630 2216//630 2204//630
f 2322//631 2331//631 2330//631
f 2330//632 2331//632 2327//632
f 2324//633 2326//633 2328//633
f 2328//634 2329//634 2324//634
f 2353//635 2343//635 2342//635
f 2348//636 2352//636 2249//636
f 2486//637 2485//637 2348//637
f 2340//638 2486//638 2348//638
f 2249//639 2340//639 2348//639
f 2349//640 2350//640 2351//640
f 2322//641 2321//641 2331//641
f 2296//642 2346//642 2287//642
f 2224//643 2285//643 2292//643
f 2225//644 2293//644 1747//644
f 2284//645 2289//645 2347//645
f 2347//646 2289//646 2294//646
f 2294//647 2345//647 2347//647
f 2223//648 2345//648 2294//648
f 2287//649 2347//649 2345//649
f 2345//650 2223//650 2288//650
f 2346//651 2284//651 2347//651
f 2347//652 2287//652 2346//652
f 2217//653 2285//653 2227//653
f 1528//654 1728//654 2314//654
f 1562//655 2314//655 2313//655
f 2314//656 1562//656 1566//656
f 1560//657 2310//657 2309//657
f 2309//658 1561//658 1560//658
f 1435//659 1432//659 1694//659
f 1694//660 1693//660 1435//660
f 1528//661 2306//661 1546//661
f 1717//662 1705//662 1709//662
f 1683//663 1686//663 1517//663
f 1517//664 2307//664 1683//664
f 1533//665 1684//665 2308//665
f 1684//666 1683//666 2307//666
f 2307//667 2308//667 1684//667
f 1719//668 1708//668 1688//668
f 1712//669 1690//669 1714//669
f 1601//670 1701//670 2304//670
f 2305//671 1637//671 1636//671
f 1681//672 1680//672 1694//672
f 1777//673 1776//673 1847//673
f 1631//674 1628//674 1668//674
f 1615//675 1602//675 1670//675
f 1610//676 1643//676 1640//676
f 1609//677 1675//677 1664//677
f 1678//678 1677//678 1650//678
f 1620//679 1594//679 1607//679
f 1594//680 1590//680 1673//680
f 1594//681 1673//681 1607//681
f 1585//682 1584//682 1673//682
f 1699//683 1702//683 1602//683
f 1589//684 1674//684 1699//684
f 1699//685 1602//685 1589//685
f 1627//686 1605//686 2304//686
f 1595//687 1600//687 1701//687
f 1541//688 1701//688 2316//688
f 666//689 554//689 1524//689
f 476//690 1568//690 1581//690
f 498//691 496//691 581//691
f 499//692 583//692 1522//692
f 1515//693 510//693 513//693
f 827//694 1522//694 600//694
f 496//695 498//695 497//695
f 667//696 1524//696 581//696
f 1578//697 1574//697 1573//697
f 716//698 1578//698 717//698
f 496//699 1580//699 581//699
f 581//700 583//700 498//700
f 510//701 1515//701 508//701
f 667//702 1580//702 668//702
f 1580//703 667//703 581//703
f 1549//704 552//704 554//704
f 832//705 701//705 688//705
f 719//706 1515//706 513//706
f 1582//707 434//707 476//707
f 433//708 476//708 434//708
f 710//709 1582//709 476//709
f 509//710 713//710 714//710
f 1582//711 435//711 434//711
f 835//712 714//712 713//712
f 510//713 714//713 513//713
f 716//714 1540//714 476//714
f 1524//715 667//715 666//715
f 1582//716 710//716 709//716
f 717//717 715//717 716//717
f 714//718 510//718 509//718
f 714//719 835//719 476//719
f 711//720 709//720 710//720
f 668//721 666//721 667//721
f 1538//722 2516//722 666//722
f 1580//723 496//723 495//723
f 554//724 557//724 581//724
f 710//725 1540//725 711//725
f 551//726 684//726 685//726
f 1574//727 1578//727 476//727
f 508//728 509//728 510//728
f 1574//729 835//729 713//729
f 835//730 1574//730 476//730
f 713//731 1573//731 1574//731
f 499//732 498//732 583//732
f 1515//733 719//733 718//733
f 476//734 474//734 475//734
f 1540//735 716//735 715//735
f 1572//736 1570//736 551//736
f 1540//737 710//737 476//737
f 1578//738 716//738 476//738
f 715//739 711//739 1540//739
f 705//740 706//740 707//740
f 827//741 707//741 499//741
f 1573//742 1577//742 1578//742
f 495//743 668//743 1580//743
f 718//744 508//744 1515//744
f 476//745 433//745 474//745
f 476//746 1581//746 692//746
f 1569//747 560//747 551//747
f 709//748 1576//748 435//748
f 513//749 693//749 511//749
f 435//750 1582//750 709//750
f 684//751 499//751 682//751
f 512//752 1583//752 718//752
f 1577//753 717//753 1578//753
f 685//754 1572//754 551//754
f 582//755 1522//755 583//755
f 850//756 842//756 706//756
f 686//757 687//757 688//757
f 833//758 688//758 704//758
f 688//759 833//759 1575//759
f 688//760 1575//760 691//760
f 850//761 851//761 842//761
f 707//762 682//762 499//762
f 832//763 841//763 842//763
f 682//764 683//764 684//764
f 693//765 551//765 511//765
f 513//766 1571//766 693//766
f 513//767 511//767 512//767
f 1570//768 549//768 551//768
f 512//769 719//769 513//769
f 848//770 850//770 706//770
f 476//771 475//771 1568//771
f 549//772 550//772 551//772
f 550//773 1569//773 551//773
f 705//774 847//774 848//774
f 433//775 434//775 435//775
f 850//776 1567//776 851//776
f 600//777 828//777 827//777
f 705//778 848//778 706//778
f 581//779 1524//779 554//779
f 668//780 1538//780 666//780
f 701//781 702//781 703//781
f 828//782 705//782 707//782
f 1522//783 582//783 600//783
f 476//784 513//784 714//784
f 851//785 832//785 842//785
f 688//786 844//786 832//786
f 703//787 704//787 688//787
f 701//788 703//788 688//788
f 1522//789 827//789 499//789
f 707//790 827//790 828//790
f 583//791 581//791 582//791
f 639//792 641//792 554//792
f 554//793 1548//793 1549//793
f 719//794 512//794 718//794
f 631//795 849//795 476//795
f 552//796 846//796 553//796
f 554//797 552//797 553//797
f 832//798 844//798 841//798
f 704//799 837//799 833//799
f 551//800 693//800 695//800
f 495//801 694//801 668//801
f 560//802 511//802 551//802
f 476//803 692//803 630//803
f 688//804 691//804 686//804
f 683//805 685//805 684//805
f 666//806 639//806 554//806
f 639//807 640//807 641//807
f 630//808 631//808 476//808
f 599//809 600//809 582//809
f 554//810 553//810 557//810
f 499//811 497//811 498//811
f 497//812 495//812 496//812
f 1649//813 1651//813 1677//813
f 1651//814 1650//814 1677//814
f 2305//815 1656//815 1660//815
f 1657//816 1656//816 2305//816
f 1636//817 1635//817 2305//817
f 2305//818 1704//818 1678//818
f 2305//819 1626//819 1637//819
f 2313//820 2314//820 2315//820
f 2312//821 1669//821 2310//821
f 2309//822 2310//822 1669//822
f 1661//823 2311//823 1718//823
f 1543//824 1667//824 1536//824
f 1536//825 1667//825 1666//825
f 1666//826 1684//826 1536//826
f 1682//827 1685//827 1686//827
f 1666//828 1682//828 1683//828
f 1683//829 1684//829 1666//829
f 1681//830 1688//830 1689//830
f 1671//831 1690//831 1672//831
f 1687//832 1663//832 1662//832
f 1680//833 1681//833 1679//833
f 1644//834 1668//834 1669//834
f 1667//835 1670//835 1665//835
f 1665//836 1666//836 1667//836
f 1661//837 1662//837 1663//837
f 1663//838 1664//838 1661//838
f 1664//839 1675//839 1676//839
f 1677//840 1678//840 1679//840
f 1674//841 1673//841 1672//841
f 1671//842 1672//842 1673//842
f 1682//843 1666//843 1665//843
f 1702//844 1699//844 1685//844
f 1685//845 1682//845 1702//845
f 1699//846 1674//846 1685//846
f 1564//847 1700//847 1701//847
f 1701//848 1541//848 1564//848
f 1670//849 1667//849 1543//849
f 1678//850 1704//850 1679//850
f 1672//851 1703//851 1686//851
f 1704//852 1663//852 1687//852
f 1693//853 1695//853 1662//853
f 1693//854 1694//854 1680//854
f 1695//855 1693//855 1680//855
f 1644//856 1631//856 1668//856
f 1691//857 1692//857 1647//857
f 1638//858 1643//858 1663//858
f 1636//859 1637//859 1625//859
f 1645//860 1696//860 1698//860
f 1698//861 1646//861 1645//861
f 1696//862 1629//862 1644//862
f 1630//863 1697//863 1628//863
f 1628//864 1631//864 1630//864
f 1544//865 1617//865 1618//865
f 1587//866 1602//866 1615//866
f 1615//867 1616//867 1587//867
f 1609//868 1610//868 1611//868
f 1612//869 1613//869 1614//869
f 1624//870 1625//870 1626//870
f 1585//871 1589//871 1588//871
f 1621//872 1622//872 1623//872
f 1606//873 1619//873 1593//873
f 1593//874 1620//874 1606//874
f 1606//875 1607//875 1608//875
f 1593//876 1591//876 1594//876
f 1590//877 1594//877 1591//877
f 1590//878 1591//878 1592//878
f 1584//879 1585//879 1586//879
f 1587//880 1588//880 1589//880
f 1589//881 1602//881 1587//881
f 1603//882 1604//882 1605//882
f 1596//883 1595//883 1601//883
f 1595//884 1596//884 1597//884
f 1598//885 1599//885 1600//885
f 1641//886 1633//886 1632//886
f 1651//887 1649//887 1652//887
f 1652//888 1653//888 1651//888
f 1649//889 1622//889 1621//889
f 1624//890 1650//890 1651//890
f 1651//891 1653//891 1624//891
f 1660//892 1656//892 1655//892
f 1656//893 1657//893 1654//893
f 1654//894 1655//894 1656//894
f 1657//895 1658//895 1659//895
f 1648//896 1635//896 1634//896
f 1634//897 1635//897 1636//897
f 1637//898 1626//898 1625//898
f 1615//899 1632//899 1633//899
f 1603//900 1627//900 1628//900
f 1629//901 1630//901 1631//901
f 1631//902 1644//902 1629//902
f 1645//903 1646//903 1647//903
f 1640//904 1643//904 1638//904
f 1638//905 1639//905 1640//905
f 1641//906 1642//906 1545//906
f 1545//907 1737//907 1641//907
f 1647//908 1735//908 1736//908
f 1647//909 1692//909 1735//909
f 1530//910 1728//910 1528//910
f 1559//911 456//911 482//911
f 482//912 1565//912 1559//912
f 1514//913 1513//913 1734//913
f 1734//914 1729//914 1514//914
f 1565//915 1514//915 1729//915
f 1728//916 1530//916 1692//916
f 1731//917 1732//917 1692//917
f 1733//918 1732//918 1731//918
f 1730//919 1731//919 1532//919
f 1532//920 1531//920 1730//920
f 453//921 456//921 1559//921
f 1559//922 1727//922 453//922
f 1744//923 1557//923 1554//923
f 1746//924 1729//924 1734//924
f 1551//925 1550//925 1555//925
f 1692//926 1732//926 1749//926
f 1749//927 1735//927 1692//927
f 1732//928 1733//928 1748//928
f 1748//929 1749//929 1732//929
f 1558//930 1557//930 1744//930
f 1739//931 1745//931 1746//931
f 1740//932 1743//932 1738//932
f 1738//933 1739//933 1740//933
f 1551//934 1741//934 1742//934
f 1742//935 1552//935 1551//935
f 1747//936 1553//936 1550//936
f 1643//937 1610//937 1664//937
f 1450//938 1693//938 1718//938
f 1477//939 1484//939 1718//939
f 1482//940 1718//940 1484//940
f 1717//941 1423//941 1420//941
f 1716//942 1711//942 1425//942
f 1709//943 1711//943 1716//943
f 1711//944 1719//944 1694//944
f 1439//945 1711//945 1431//945
f 1437//946 1711//946 1439//946
f 1420//947 2648//947 1717//947
f 2649//948 1717//948 2648//948
f 1649//949 1677//949 1689//949
f 1688//950 1710//950 1706//950
f 1709//951 1708//951 1711//951
f 1707//952 1708//952 1709//952
f 1705//953 1500//953 661//953
f 1622//954 1649//954 1706//954
f 1706//955 1715//955 1622//955
f 1710//956 1714//956 1715//956
f 1712//957 1707//957 664//957
f 665//958 1713//958 1521//958
f 1521//959 1517//959 1703//959
f 1525//960 657//960 651//960
f 1723//961 1622//961 1715//961
f 1724//962 1622//962 1725//962
f 1721//963 1726//963 1546//963
f 1727//964 1531//964 457//964
f 1726//965 1528//965 1546//965
f 633//966 1722//966 1721//966
f 1721//967 1546//967 633//967
f 632//968 1720//968 633//968
f 671//969 661//969 1500//969
f 1412//970 1720//970 1418//970
f 1720//971 632//971 1501//971
f 1501//972 632//972 660//972
f 673//973 657//973 1525//973
f 1525//974 633//974 674//974
f 1533//975 1547//975 637//975
f 1527//976 636//976 1523//976
f 1523//977 633//977 1546//977
f 1546//978 1527//978 1523//978
f 1526//979 1527//979 1539//979
f 1534//980 1537//980 1533//980
f 1533//981 1526//981 1534//981
f 1535//982 1536//982 1533//982
f 1541//983 1544//983 1545//983
f 1541//984 1542//984 1543//984
f 1535//985 1563//985 1564//985
f 1535//986 1537//986 1561//986
f 1561//987 1563//987 1535//987
f 1560//988 1561//988 1537//988
f 1534//989 1539//989 1562//989
f 1562//990 1560//990 1534//990
f 1566//991 1562//991 1539//991
f 1565//992 482//992 1512//992
f 1559//993 1565//993 1555//993
f 1555//994 1554//994 1559//994
f 1553//995 1554//995 1555//995
f 1550//996 1551//996 1552//996
f 1556//997 1557//997 1558//997
f 1519//998 647//998 655//998
f 655//999 674//999 1519//999
f 1520//1000 1517//1000 1521//1000
f 652//1001 633//1001 1525//1001
f 633//1002 652//1002 634//1002
f 633//1003 1519//1003 674//1003
f 1519//1004 633//1004 1523//1004
f 1516//1005 1517//1005 1518//1005
f 1512//1006 1513//1006 1514//1006
f 1510//1007 1511//1007 459//1007
f 1510//1008 1531//1008 1532//1008
f 465//1009 1530//1009 1528//1009
f 466//1010 1528//1010 1529//1010
f 633//1011 635//1011 632//1011
f 635//1012 633//1012 634//1012
f 644//1013 660//1013 635//1013
f 642//1014 635//1014 645//1014
f 650//1015 651//1015 648//1015
f 636//1016 1526//1016 637//1016
f 636//1017 1527//1017 1526//1017
f 670//1018 662//1018 661//1018
f 663//1019 664//1019 661//1019
f 501//1020 471//1020 502//1020
f 448//1021 447//1021 502//1021
f 503//1022 419//1022 450//1022
f 500//1023 503//1023 625//1023
f 625//1024 681//1024 500//1024
f 629//1025 628//1025 507//1025
f 628//1026 568//1026 504//1026
f 689//1027 697//1027 696//1027
f 532//1028 424//1028 690//1028
f 690//1029 708//1029 532//1029
f 423//1030 446//1030 697//1030
f 697//1031 689//1031 423//1031
f 446//1032 420//1032 452//1032
f 452//1033 697//1033 446//1033
f 501//1034 1579//1034 471//1034
f 1579//1035 506//1035 471//1035
f 506//1036 505//1036 471//1036
f 503//1037 502//1037 447//1037
f 501//1038 500//1038 712//1038
f 712//1039 1579//1039 501//1039
f 1579//1040 712//1040 507//1040
f 507//1041 506//1041 1579//1041
f 449//1042 452//1042 447//1042
f 472//1043 826//1043 448//1043
f 575//1044 555//1044 538//1044
f 555//1045 575//1045 598//1045
f 556//1046 539//1046 538//1046
f 539//1047 556//1047 547//1047
f 548//1048 547//1048 504//1048
f 504//1049 568//1049 548//1049
f 834//1050 836//1050 696//1050
f 696//1051 449//1051 834//1051
f 831//1052 698//1052 696//1052
f 698//1053 831//1053 830//1053
f 830//1054 708//1054 698//1054
f 830//1055 533//1055 532//1055
f 836//1056 527//1056 530//1056
f 527//1057 836//1057 834//1057
f 477//1058 471//1058 852//1058
f 852//1059 471//1059 845//1059
f 598//1060 601//1060 826//1060
f 472//1061 477//1061 555//1061
f 556//1062 555//1062 477//1062
f 547//1063 556//1063 852//1063
f 829//1064 834//1064 826//1064
f 826//1065 834//1065 449//1065
f 2041//1066 2042//1066 2043//1066
f 2043//1067 2044//1067 2041//1067
f 2036//1068 2040//1068 2034//1068
f 2034//1069 2035//1069 2036//1069
f 2037//1070 2038//1070 2039//1070
f 2039//1071 2050//1071 2037//1071
f 2049//1072 2051//1072 2038//1072
f 2038//1073 2037//1073 2049//1073
f 2045//1074 2046//1074 2047//1074
f 2047//1075 2048//1075 2045//1075
f 2017//1076 2032//1076 2033//1076
f 2017//1077 2018//1077 2019//1077
f 2020//1078 1957//1078 2021//1078
f 2026//1079 2027//1079 2028//1079
f 2029//1080 2030//1080 2031//1080
f 2022//1081 2023//1081 2024//1081
f 2008//1082 2013//1082 1954//1082
f 1954//1083 1953//1083 2008//1083
f 2044//1084 2026//1084 2063//1084
f 2063//1085 2041//1085 2044//1085
f 2035//1086 2029//1086 2031//1086
f 2031//1087 2036//1087 2035//1087
f 2025//1088 2023//1088 2037//1088
f 2037//1089 2050//1089 2025//1089
f 2067//1090 2023//1090 2068//1090
f 1984//1091 2064//1091 1986//1091
f 2065//1092 2066//1092 1966//1092
f 2009//1093 1979//1093 1993//1093
f 1968//1094 2055//1094 1969//1094
f 2056//1095 1976//1095 1978//1095
f 1991//1096 1963//1096 1992//1096
f 1992//1097 1963//1097 2052//1097
f 2053//1098 1977//1098 2054//1098
f 2059//1099 2060//1099 2061//1099
f 2057//1100 2003//1100 2007//1100
f 2007//1101 2006//1101 2057//1101
f 2058//1102 1979//1102 2003//1102
f 1980//1103 1979//1103 2009//1103
f 1978//1104 1979//1104 1980//1104
f 1977//1105 1962//1105 1972//1105
f 1971//1106 1977//1106 1972//1106
f 1971//1107 1972//1107 1973//1107
f 1974//1108 1975//1108 1976//1108
f 1985//1109 1986//1109 1987//1109
f 1985//1110 1949//1110 1988//1110
f 1984//1111 1961//1111 1965//1111
f 1967//1112 1981//1112 1982//1112
f 1982//1113 1983//1113 1967//1113
f 1970//1114 1965//1114 1967//1114
f 1955//1115 1956//1115 1957//1115
f 1958//1116 1959//1116 1960//1116
f 1952//1117 1953//1117 1954//1117
f 1948//1118 1949//1118 1950//1118
f 1950//1119 1951//1119 1948//1119
f 1966//1120 1956//1120 1955//1120
f 1967//1121 1968//1121 1969//1121
f 1963//1122 1965//1122 1961//1122
f 1961//1123 1962//1123 1963//1123
f 1964//1124 1960//1124 1959//1124
f 2002//1125 2003//1125 1979//1125
f 2001//1126 1979//1126 1978//1126
f 1978//1127 1952//1127 2001//1127
f 1972//1128 1962//1128 1961//1128
f 1961//1129 1988//1129 1949//1129
f 2007//1130 2002//1130 1960//1130
f 2008//1131 1950//1131 1985//1131
f 2005//1132 2006//1132 2007//1132
f 1952//1133 1951//1133 1950//1133
f 1962//1134 1989//1134 2004//1134
f 1999//1135 2000//1135 1964//1135
f 1810//1136 1994//1136 1995//1136
f 1995//1137 1941//1137 1810//1137
f 1993//1138 1789//1138 1923//1138
f 1817//1139 1989//1139 1990//1139
f 1945//1140 1991//1140 1992//1140
f 1998//1141 1944//1141 1992//1141
f 1997//1142 1991//1142 1945//1142
f 1945//1143 1804//1143 1997//1143
f 1996//1144 1921//1144 1800//1144
f 1919//1145 1921//1145 1996//1145
f 1996//1146 2127//1146 1919//1146
f 1920//1147 1919//1147 2127//1147
f 1935//1148 1920//1148 2053//1148
f 2054//1149 2125//1149 1936//1149
f 2125//1150 2126//1150 1932//1150
f 2126//1151 2128//1151 1933//1151
f 2059//1152 2129//1152 1803//1152
f 1810//1153 1797//1153 2062//1153
f 2065//1154 1946//1154 1796//1154
f 1796//1155 1999//1155 2065//1155
f 2006//1156 1822//1156 1821//1156
f 1993//1157 2121//1157 1790//1157
f 1914//1158 1790//1158 2121//1158
f 2119//1159 2120//1159 1915//1159
f 2057//1160 1821//1160 1913//1160
f 1938//1161 1980//1161 2009//1161
f 1947//1162 2124//1162 1980//1162
f 2124//1163 1947//1163 1792//1163
f 1931//1164 1930//1164 2122//1164
f 2122//1165 1974//1165 1931//1165
f 2123//1166 1926//1166 1925//1166
f 1925//1167 1973//1167 2123//1167
f 1973//1168 1925//1168 1971//1168
f 1926//1169 2123//1169 2122//1169
f 2122//1170 1930//1170 1926//1170
f 1931//1171 1974//1171 2056//1171
f 2056//1172 1924//1172 1931//1172
f 1971//1173 1925//1173 1933//1173
f 1800//1174 1818//1174 2141//1174
f 1917//1175 2005//1175 2000//1175
f 2005//1176 1917//1176 1822//1176
f 1941//1177 1995//1177 2078//1177
f 1804//1178 1803//1178 2129//1178
f 1806//1179 2136//1179 2134//1179
f 2134//1180 2135//1180 1806//1180
f 2130//1181 2131//1181 2132//1181
f 2132//1182 2133//1182 2130//1182
f 2137//1183 2138//1183 2139//1183
f 2139//1184 2140//1184 2137//1184
f 2097//1185 2098//1185 1955//1185
f 1955//1186 2096//1186 2097//1186
f 2118//1187 2091//1187 2116//1187
f 2116//1188 2117//1188 2118//1188
f 2089//1189 2090//1189 2091//1189
f 2092//1190 2093//1190 2094//1190
f 2070//1191 2069//1191 2084//1191
f 2085//1192 2086//1192 2087//1192
f 2073//1193 2088//1193 2074//1193
f 2099//1194 2092//1194 2100//1194
f 2076//1195 2101//1195 2099//1195
f 2098//1196 2082//1196 2079//1196
f 2095//1197 2073//1197 2070//1197
f 2096//1198 2094//1198 2097//1198
f 2080//1199 2079//1199 2081//1199
f 2078//1200 2079//1200 2080//1200
f 2081//1201 2079//1201 2082//1201
f 2075//1202 2076//1202 2077//1202
f 2069//1203 2070//1203 2071//1203
f 2072//1204 2073//1204 2074//1204
f 2070//1205 2073//1205 2072//1205
f 2072//1206 2071//1206 2070//1206
f 2085//1207 2076//1207 2075//1207
f 2069//1208 1908//1208 2083//1208
f 2083//1209 2084//1209 2069//1209
f 2088//1210 1881//1210 1880//1210
f 2081//1211 1868//1211 1867//1211
f 1867//1212 2080//1212 2081//1212
f 2078//1213 2080//1213 1867//1213
f 2113//1214 2087//1214 1886//1214
f 1884//1215 1908//1215 2069//1215
f 1879//1216 2072//1216 2074//1216
f 1884//1217 2071//1217 2072//1217
f 2059//1218 1827//1218 1809//1218
f 2114//1219 2115//1219 1814//1219
f 1849//1220 2103//1220 1850//1220
f 1812//1221 1904//1221 2104//1221
f 1901//1222 1898//1222 2102//1222
f 1274//1223 1847//1223 1268//1223
f 1847//1224 1274//1224 1273//1224
f 2110//1225 2109//1225 1413//1225
f 2650//1226 2647//1226 2110//1226
f 1413//1227 2650//1227 2110//1227
f 2108//1228 2109//1228 2110//1228
f 2105//1229 1762//1229 2106//1229
f 2107//1230 1842//1230 1841//1230
f 1841//1231 1842//1231 1843//1231
f 1844//1232 1776//1232 1845//1232
f 1838//1233 1839//1233 1840//1233
f 1755//1234 1836//1234 1820//1234
f 1785//1235 1837//1235 1766//1235
f 1798//1236 1773//1236 1775//1236
f 1799//1237 1846//1237 1794//1237
f 1793//1238 1769//1238 1808//1238
f 1829//1239 1809//1239 1827//1239
f 1827//1240 1828//1240 1829//1240
f 1807//1241 1829//1241 1783//1241
f 1764//1242 1802//1242 1801//1242
f 1801//1243 1825//1243 1764//1243
f 1805//1244 1785//1244 1826//1244
f 1833//1245 1834//1245 1835//1245
f 1835//1246 1759//1246 1833//1246
f 1830//1247 1832//1247 1759//1247
f 1830//1248 1759//1248 1831//1248
f 1752//1249 1808//1249 1760//1249
f 1860//1250 1846//1250 1755//1250
f 1755//1251 1824//1251 1860//1251
f 1858//1252 1836//1252 1859//1252
f 1856//1253 1788//1253 1857//1253
f 1857//1254 1836//1254 1856//1254
f 1769//1255 1863//1255 1864//1255
f 1805//1256 1865//1256 1837//1256
f 1837//1257 1785//1257 1805//1257
f 1861//1258 1837//1258 1862//1258
f 1855//1259 1837//1259 1861//1259
f 1854//1260 1837//1260 1855//1260
f 1837//1261 1819//1261 1802//1261
f 1837//1262 1764//1262 1766//1262
f 1852//1263 1838//1263 1840//1263
f 1848//1264 1753//1264 1774//1264
f 1849//1265 1850//1265 1851//1265
f 1786//1266 1780//1266 1812//1266
f 1853//1267 1841//1267 1787//1267
f 1787//1268 1768//1268 1853//1268
f 1762//1269 1750//1269 1756//1269
f 1757//1270 1761//1270 1840//1270
f 1780//1271 1785//1271 1778//1271
f 1778//1272 1779//1272 1780//1272
f 1765//1273 1779//1273 1778//1273
f 1765//1274 1776//1274 1777//1274
f 1771//1275 1772//1275 1773//1275
f 1774//1276 1775//1276 1773//1276
f 1775//1277 1774//1277 1753//1277
f 1768//1278 1787//1278 1760//1278
f 1785//1279 1780//1279 1786//1279
f 1781//1280 1782//1280 1783//1280
f 1782//1281 1781//1281 1784//1281
f 1759//1282 1761//1282 1757//1282
f 1757//1283 1758//1283 1759//1283
f 1756//1284 1752//1284 1760//1284
f 1752//1285 1756//1285 1750//1285
f 1750//1286 1751//1286 1752//1286
f 1753//1287 1754//1287 1755//1287
f 1767//1288 1768//1288 1769//1288
f 1769//1289 1770//1289 1767//1289
f 1764//1290 1765//1290 1766//1290
f 1761//1291 1750//1291 1762//1291
f 1762//1292 1763//1292 1761//1292
f 1766//1293 1778//1293 1785//1293
f 1771//1294 1815//1294 1814//1294
f 1814//1295 1772//1295 1771//1295
f 1811//1296 1812//1296 1780//1296
f 1813//1297 1771//1297 1773//1297
f 1822//1298 1824//1298 1820//1298
f 1820//1299 1821//1299 1822//1299
f 1816//1300 1817//1300 1818//1300
f 1818//1301 1819//1301 1816//1301
f 1798//1302 1797//1302 1810//1302
f 1797//1303 1798//1303 1775//1303
f 1796//1304 1799//1304 1794//1304
f 1794//1305 1795//1305 1796//1305
f 1788//1306 1789//1306 1790//1306
f 1791//1307 1792//1307 1793//1307
f 1793//1308 1808//1308 1791//1308
f 1807//1309 1806//1309 1809//1309
f 1806//1310 1807//1310 1784//1310
f 1800//1311 1801//1311 1802//1311
f 1803//1312 1804//1312 1805//1312
f 1805//1313 1826//1313 1803//1313
f 1924//1314 1834//1314 1833//1314
f 1927//1315 1928//1315 1925//1315
f 1925//1316 1926//1316 1927//1316
f 1925//1317 1928//1317 1830//1317
f 1830//1318 1933//1318 1925//1318
f 1934//1319 1935//1319 1936//1319
f 1932//1320 1933//1320 1831//1320
f 1929//1321 1930//1321 1931//1321
f 1931//1322 1833//1322 1929//1322
f 1834//1323 1924//1323 1791//1323
f 1917//1324 1860//1324 1824//1324
f 1824//1325 1822//1325 1917//1325
f 1820//1326 1916//1326 1913//1326
f 1913//1327 1821//1327 1820//1327
f 1914//1328 1915//1328 1858//1328
f 1858//1329 1859//1329 1914//1329
f 1788//1330 1923//1330 1789//1330
f 1919//1331 1918//1331 1922//1331
f 1918//1332 1919//1332 1920//1332
f 1800//1333 1921//1333 1922//1333
f 1922//1334 1801//1334 1800//1334
f 1945//1335 1862//1335 1865//1335
f 1944//1336 1861//1336 1862//1336
f 1943//1337 1817//1337 1816//1337
f 1816//1338 1854//1338 1943//1338
f 1819//1339 1818//1339 1802//1339
f 1793//1340 1792//1340 1947//1340
f 1947//1341 1863//1341 1793//1341
f 1794//1342 1860//1342 1917//1342
f 1799//1343 1796//1343 1946//1343
f 1810//1344 1941//1344 1813//1344
f 1827//1345 1803//1345 1826//1345
f 1857//1346 1859//1346 1836//1346
f 1938//1347 1923//1347 1937//1347
f 1937//1348 1864//1348 1938//1348
f 1864//1349 1937//1349 1770//1349
f 1770//1350 1769//1350 1864//1350
f 1813//1351 1941//1351 1942//1351
f 1017//1352 1940//1352 1014//1352
f 1015//1353 1939//1353 1016//1353
f 1045//1354 1899//1354 1038//1354
f 1043//1355 1912//1355 1044//1355
f 1887//1356 1892//1356 1883//1356
f 1888//1357 1887//1357 1734//1357
f 1734//1358 1513//1358 1888//1358
f 1887//1359 1888//1359 1889//1359
f 1771//1360 1890//1360 1891//1360
f 1891//1361 1896//1361 1771//1361
f 1894//1362 1897//1362 1890//1362
f 610//1363 1895//1363 1893//1363
f 1893//1364 616//1364 610//1364
f 1894//1365 1869//1365 1885//1365
f 1883//1366 1878//1366 1734//1366
f 1874//1367 1875//1367 1876//1367
f 1873//1368 1877//1368 1871//1368
f 1871//1369 1872//1369 1873//1369
f 1866//1370 1867//1370 1868//1370
f 1869//1371 1870//1371 1868//1371
f 1871//1372 1885//1372 1886//1372
f 1879//1373 1878//1373 1883//1373
f 1883//1374 1884//1374 1879//1374
f 1878//1375 1879//1375 1880//1375
f 1880//1376 1881//1376 1882//1376
f 1882//1377 1907//1377 1880//1377
f 1908//1378 1892//1378 1876//1378
f 1027//1379 1906//1379 1902//1379
f 1902//1380 1023//1380 1027//1380
f 1783//1381 1829//1381 1828//1381
f 1910//1382 1844//1382 1911//1382
f 1272//1383 1271//1383 1812//1383
f 1020//1384 1909//1384 1042//1384
f 1903//1385 1022//1385 1032//1385
f 1039//1386 1034//1386 1898//1386
f 1898//1387 1900//1387 1039//1387
f 1900//1388 1898//1388 1901//1388
f 1034//1389 1033//1389 1898//1389
f 1037//1390 1899//1390 1898//1390
f 1898//1391 1033//1391 1037//1391
f 1037//1392 1038//1392 1899//1392
f 1812//1393 1262//1393 1041//1393
f 1904//1394 1812//1394 1905//1394
f 1273//1395 1272//1395 1811//1395
f 1024//1396 1023//1396 1902//1396
f 1024//1397 1902//1397 1903//1397
f 1903//1398 1032//1398 1024//1398
f 1017//1399 1022//1399 1903//1399
f 1017//1400 1903//1400 1940//1400
f 1015//1401 1014//1401 1940//1401
f 1015//1402 1940//1402 1939//1402
f 1019//1403 1016//1403 1939//1403
f 1019//1404 1939//1404 1909//1404
f 1909//1405 1020//1405 1019//1405
f 1043//1406 1042//1406 1909//1406
f 1043//1407 1909//1407 1912//1407
f 1045//1408 1044//1408 1912//1408
f 1912//1409 1899//1409 1045//1409
f 1847//1410 1844//1410 1910//1410
f 1910//1411 1268//1411 1847//1411
f 1265//1412 1267//1412 1910//1412
f 1269//1413 2165//1413 2110//1413
f 2397//1414 2396//1414 1845//1414
f 2395//1415 2382//1415 2108//1415
f 2109//1416 2381//1416 1413//1416
f 2398//1417 1839//1417 2396//1417
f 2396//1418 2397//1418 2398//1418
f 2380//1419 2383//1419 2623//1419
f 2623//1420 2385//1420 2380//1420
f 2623//1421 2624//1421 2384//1421
f 2384//1422 2385//1422 2623//1422
f 2383//1423 2359//1423 2614//1423
f 2614//1424 2623//1424 2383//1424
f 2614//1425 2625//1425 2624//1425
f 2624//1426 2623//1426 2614//1426
f 1843//1427 2619//1427 2105//1427
f 2360//1428 2619//1428 2618//1428
f 2618//1429 2622//1429 2360//1429
f 2393//1430 2372//1430 2371//1430
f 2371//1431 2404//1431 2393//1431
f 1839//1432 2398//1432 1757//1432
f 1757//1433 1840//1433 1839//1433
f 2142//1434 1934//1434 1936//1434
f 2142//1435 1758//1435 1934//1435
f 2402//1436 2166//1436 2608//1436
f 619//1437 1897//1437 1895//1437
f 1895//1438 610//1438 619//1438
f 2621//1439 1513//1439 2450//1439
f 2357//1440 1891//1440 1890//1440
f 2608//1441 2166//1441 2114//1441
f 2611//1442 778//1442 780//1442
f 2610//1443 2609//1443 2611//1443
f 2611//1444 2612//1444 2610//1444
f 2609//1445 2607//1445 2615//1445
f 2615//1446 2611//1446 2609//1446
f 2613//1447 2614//1447 2359//1447
f 2359//1448 2358//1448 2613//1448
f 2402//1449 2400//1449 2373//1449
f 2376//1450 2375//1450 2374//1450
f 2374//1451 2373//1451 2401//1451
f 328//1452 286//1452 2606//1452
f 323//1453 862//1453 177//1453
f 286//1454 280//1454 2606//1454
f 321//1455 328//1455 2606//1455
f 323//1456 321//1456 862//1456
f 321//1457 2606//1457 862//1457
f 2607//1458 2608//1458 2114//1458
f 2114//1459 2389//1459 2607//1459
f 2608//1460 2607//1460 2609//1460
f 2609//1461 2402//1461 2608//1461
f 2609//1462 2610//1462 2400//1462
f 2400//1463 2402//1463 2609//1463
f 280//1464 279//1464 2401//1464
f 2400//1465 2610//1465 2620//1465
f 2620//1466 2401//1466 2400//1466
f 2610//1467 2612//1467 2606//1467
f 2606//1468 2620//1468 2610//1468
f 2401//1469 279//1469 288//1469
f 288//1470 2374//1470 2401//1470
f 2376//1471 2374//1471 288//1471
f 2376//1472 287//1472 278//1472
f 278//1473 271//1473 2394//1473
f 1980//1474 2124//1474 1978//1474
f 2611//1475 780//1475 782//1475
f 863//1476 2606//1476 2612//1476
f 2612//1477 865//1477 863//1477
f 2619//1478 2392//1478 2617//1478
f 2617//1479 2618//1479 2619//1479
f 2403//1480 2387//1480 2616//1480
f 2616//1481 2391//1481 2403//1481
f 2390//1482 2363//1482 2362//1482
f 2362//1483 2386//1483 2390//1483
f 2387//1484 2403//1484 2107//1484
f 2399//1485 2390//1485 2386//1485
f 2390//1486 2399//1486 2166//1486
f 2403//1487 2391//1487 1842//1487
f 2399//1488 2365//1488 2167//1488
f 2107//1489 1853//1489 2143//1489
f 2143//1490 2367//1490 2107//1490
f 1856//1491 1770//1491 1937//1491
f 1767//1492 1770//1492 1856//1492
f 1851//1493 1850//1493 2143//1493
f 2143//1494 1767//1494 1851//1494
f 2115//1495 2167//1495 2365//1495
f 2630//1496 2043//1496 2042//1496
f 2042//1497 2591//1497 2630//1497
f 2631//1498 2034//1498 2040//1498
f 2040//1499 2592//1499 2631//1499
f 2038//1500 2601//1500 2593//1500
f 2593//1501 2039//1501 2038//1501
f 2038//1502 2051//1502 2582//1502
f 1970//1503 2019//1503 2161//1503
f 2482//1504 2584//1504 2131//1504
f 2131//1505 2130//1505 2482//1505
f 2089//1506 2583//1506 2138//1506
f 2138//1507 2137//1507 2089//1507
f 1970//1508 2178//1508 2182//1508
f 2017//1509 2604//1509 2600//1509
f 2600//1510 2032//1510 2017//1510
f 2018//1511 2602//1511 2162//1511
f 2602//1512 2047//1512 2156//1512
f 2156//1513 2162//1513 2602//1513
f 2155//1514 2064//1514 1984//1514
f 2581//1515 2579//1515 2157//1515
f 2157//1516 2151//1516 2581//1516
f 2164//1517 1987//1517 1986//1517
f 2033//1518 2018//1518 2017//1518
f 2604//1519 1983//1519 1982//1519
f 1982//1520 2600//1520 2604//1520
f 2061//1521 2605//1521 2181//1521
f 2060//1522 2148//1522 2605//1522
f 2605//1523 2061//1523 2060//1523
f 2129//1524 2059//1524 2061//1524
f 2055//1525 1968//1525 1963//1525
f 1997//1526 2176//1526 2055//1526
f 2156//1527 2047//1527 2046//1527
f 2626//1528 2627//1528 2042//1528
f 2042//1529 2041//1529 2626//1529
f 2628//1530 2575//1530 2044//1530
f 2044//1531 2043//1531 2628//1531
f 2050//1532 2039//1532 2040//1532
f 2040//1533 2036//1533 2050//1533
f 2627//1534 2626//1534 2035//1534
f 2035//1535 2034//1535 2627//1535
f 2015//1536 2183//1536 2190//1536
f 2029//1537 2192//1537 2191//1537
f 2015//1538 2025//1538 2031//1538
f 2031//1539 2183//1539 2015//1539
f 2044//1540 2575//1540 2574//1540
f 2574//1541 2577//1541 2044//1541
f 2572//1542 2626//1542 2041//1542
f 2041//1543 2063//1543 2572//1543
f 2035//1544 2626//1544 2572//1544
f 2572//1545 2192//1545 2035//1545
f 2025//1546 2050//1546 2036//1546
f 2036//1547 2031//1547 2025//1547
f 1956//1548 1959//1548 1958//1548
f 2629//1549 2628//1549 2043//1549
f 2043//1550 2630//1550 2629//1550
f 2042//1551 2627//1551 2594//1551
f 2594//1552 2591//1552 2042//1552
f 2034//1553 2631//1553 2594//1553
f 2594//1554 2627//1554 2034//1554
f 2040//1555 2039//1555 2593//1555
f 2593//1556 2592//1556 2040//1556
f 2195//1557 1957//1557 2191//1557
f 2191//1558 2193//1558 2195//1558
f 2177//1559 2180//1559 2020//1559
f 2589//1560 2628//1560 2629//1560
f 2629//1561 2590//1561 2589//1561
f 2583//1562 2575//1562 2628//1562
f 2628//1563 2589//1563 2583//1563
f 2586//1564 2588//1564 2132//1564
f 2132//1565 2131//1565 2586//1565
f 2199//1566 2198//1566 2200//1566
f 2567//1567 2199//1567 2200//1567
f 2585//1568 2567//1568 2200//1568
f 2482//1569 2567//1569 2585//1569
f 2585//1570 2584//1570 2482//1570
f 2090//1571 2586//1571 2131//1571
f 2131//1572 2584//1572 2090//1572
f 2198//1573 2196//1573 2200//1573
f 2138//1574 2589//1574 2590//1574
f 2590//1575 2139//1575 2138//1575
f 2583//1576 2589//1576 2138//1576
f 2586//1577 2137//1577 2140//1577
f 2140//1578 2588//1578 2586//1578
f 2089//1579 2137//1579 2586//1579
f 2586//1580 2090//1580 2089//1580
f 2090//1581 2585//1581 2091//1581
f 2583//1582 2089//1582 2091//1582
f 2090//1583 2584//1583 2585//1583
f 2576//1584 2091//1584 2118//1584
f 2100//1585 2200//1585 2196//1585
f 2094//1586 2116//1586 2587//1586
f 2587//1587 2200//1587 2094//1587
f 2575//1588 2583//1588 2576//1588
f 2576//1589 2583//1589 2091//1589
f 2117//1590 2116//1590 2180//1590
f 2116//1591 2094//1591 2180//1591
f 2587//1592 2116//1592 2091//1592
f 2587//1593 2091//1593 2585//1593
f 2200//1594 2587//1594 2585//1594
f 2196//1595 2198//1595 2197//1595
f 2576//1596 2194//1596 2573//1596
f 2573//1597 2575//1597 2576//1597
f 2188//1598 2574//1598 2573//1598
f 2573//1599 2194//1599 2188//1599
f 2577//1600 2574//1600 2188//1600
f 2578//1601 2577//1601 2188//1601
f 2578//1602 2188//1602 2187//1602
f 2177//1603 2027//1603 2184//1603
f 2188//1604 2180//1604 2185//1604
f 2185//1605 2186//1605 2188//1605
f 2184//1606 2180//1606 2177//1606
f 2185//1607 2184//1607 2027//1607
f 2027//1608 2026//1608 2187//1608
f 2185//1609 2027//1609 2187//1609
f 2185//1610 2187//1610 2186//1610
f 2028//1611 2021//1611 2063//1611
f 2193//1612 2063//1612 2021//1612
f 2063//1613 2193//1613 2572//1613
f 2572//1614 2193//1614 2192//1614
f 2578//1615 2187//1615 2026//1615
f 2577//1616 2578//1616 2026//1616
f 2026//1617 2044//1617 2577//1617
f 2573//1618 2574//1618 2575//1618
f 2194//1619 2576//1619 2118//1619
f 2028//1620 2063//1620 2026//1620
f 2030//1621 2191//1621 2183//1621
f 2192//1622 2029//1622 2035//1622
f 1957//1623 1958//1623 2189//1623
f 2190//1624 2189//1624 2016//1624
f 2016//1625 2015//1625 2190//1625
f 2189//1626 2190//1626 1957//1626
f 2191//1627 1957//1627 2190//1627
f 2024//1628 2571//1628 2010//1628
f 2023//1629 2571//1629 2024//1629
f 2068//1630 2023//1630 2022//1630
f 2022//1631 2013//1631 2008//1631
f 2008//1632 2068//1632 2022//1632
f 2049//1633 2037//1633 2159//1633
f 2159//1634 2067//1634 2008//1634
f 2159//1635 2008//1635 1987//1635
f 1987//1636 2158//1636 2051//1636
f 2580//1637 2582//1637 2160//1637
f 2160//1638 2158//1638 2157//1638
f 2158//1639 2164//1639 2151//1639
f 2048//1640 2581//1640 2151//1640
f 2151//1641 2150//1641 2048//1641
f 2064//1642 2045//1642 2163//1642
f 2045//1643 2064//1643 2046//1643
f 2162//1644 2156//1644 2155//1644
f 2161//1645 2019//1645 2018//1645
f 2018//1646 2162//1646 2161//1646
f 2149//1647 2151//1647 2164//1647
f 2150//1648 2149//1648 2045//1648
f 2045//1649 2048//1649 2150//1649
f 2579//1650 2580//1650 2160//1650
f 2160//1651 2157//1651 2579//1651
f 2160//1652 2582//1652 2051//1652
f 2582//1653 2580//1653 2601//1653
f 2582//1654 2601//1654 2038//1654
f 2067//1655 2159//1655 2037//1655
f 2037//1656 2023//1656 2067//1656
f 2022//1657 2024//1657 2013//1657
f 2023//1658 2025//1658 2571//1658
f 2014//1659 2571//1659 2025//1659
f 1958//1660 2011//1660 2014//1660
f 2571//1661 2014//1661 2010//1661
f 1041//1662 1040//1662 1905//1662
f 1040//1663 1039//1663 1900//1663
f 1905//1664 1040//1664 1900//1664
f 1905//1665 1900//1665 1904//1665
f 1904//1666 1900//1666 1901//1666
f 1901//1667 2104//1667 1904//1667
f 2104//1668 1901//1668 1786//1668
f 1786//1669 1901//1669 2102//1669
f 2102//1670 1781//1670 1786//1670
f 1784//1671 2598//1671 2136//1671
f 2598//1672 2596//1672 2134//1672
f 2134//1673 2136//1673 2598//1673
f 2595//1674 2148//1674 2147//1674
f 2148//1675 2595//1675 2597//1675
f 2597//1676 2605//1676 2148//1676
f 2605//1677 2597//1677 2603//1677
f 2603//1678 2181//1678 2605//1678
f 2055//1679 2181//1679 1969//1679
f 2599//1680 1981//1680 1967//1680
f 1967//1681 1969//1681 2599//1681
f 1967//1682 1983//1682 2178//1682
f 2604//1683 2182//1683 2178//1683
f 2178//1684 1983//1684 2604//1684
f 2182//1685 2604//1685 2017//1685
f 2181//1686 2603//1686 2599//1686
f 2599//1687 1969//1687 2181//1687
f 2134//1688 2596//1688 2595//1688
f 2595//1689 2147//1689 2134//1689
f 2060//1690 2135//1690 2147//1690
f 2149//1691 2163//1691 2045//1691
f 2163//1692 2164//1692 2064//1692
f 2101//1693 2093//1693 2092//1693
f 2092//1694 2099//1694 2101//1694
f 2077//1695 2099//1695 2146//1695
f 2077//1696 2070//1696 2084//1696
f 1889//1697 1888//1697 2368//1697
f 1893//1698 2169//1698 1874//1698
f 1877//1699 1875//1699 1874//1699
f 2097//1700 2153//1700 2098//1700
f 2082//1701 2098//1701 2153//1701
f 2082//1702 2152//1702 2087//1702
f 2087//1703 2113//1703 2082//1703
f 1868//1704 2081//1704 2113//1704
f 2113//1705 2172//1705 1868//1705
f 1897//1706 1894//1706 2170//1706
f 2171//1707 1870//1707 1869//1707
f 1886//1708 1885//1708 1869//1708
f 1869//1709 2172//1709 1886//1709
f 2169//1710 1893//1710 1895//1710
f 2152//1711 2076//1711 2087//1711
f 2591//1712 2594//1712 552//1712
f 552//1713 1549//1713 2591//1713
f 2592//1714 2593//1714 557//1714
f 557//1715 553//1715 2592//1715
f 2593//1716 2601//1716 581//1716
f 581//1717 557//1717 2593//1717
f 2580//1718 2579//1718 599//1718
f 599//1719 582//1719 2580//1719
f 2581//1720 2048//1720 828//1720
f 828//1721 600//1721 2581//1721
f 2602//1722 2018//1722 848//1722
f 848//1723 847//1723 2602//1723
f 2600//1724 1982//1724 832//1724
f 832//1725 851//1725 2600//1725
f 2597//1726 2595//1726 837//1726
f 837//1727 704//1727 2597//1727
f 2595//1728 2596//1728 833//1728
f 833//1729 837//1729 2595//1729
f 1982//1730 1981//1730 701//1730
f 701//1731 832//1731 1982//1731
f 1981//1732 2599//1732 702//1732
f 702//1733 701//1733 1981//1733
f 2596//1734 2598//1734 1575//1734
f 1575//1735 833//1735 2596//1735
f 2588//1736 2140//1736 639//1736
f 639//1737 666//1737 2588//1737
f 2590//1738 2629//1738 554//1738
f 554//1739 641//1739 2590//1739
f 1940//1740 1903//1740 682//1740
f 682//1741 707//1741 1940//1741
f 1939//1742 1940//1742 707//1742
f 707//1743 706//1743 1939//1743
f 1909//1744 1939//1744 706//1744
f 706//1745 842//1745 1909//1745
f 1912//1746 1909//1746 842//1746
f 842//1747 841//1747 1912//1747
f 1899//1748 1912//1748 841//1748
f 841//1749 844//1749 1899//1749
f 2102//1750 1898//1750 688//1750
f 688//1751 687//1751 2102//1751
f 1898//1752 1899//1752 844//1752
f 844//1753 688//1753 1898//1753
f 1781//1754 2102//1754 687//1754
f 687//1755 686//1755 1781//1755
f 1784//1756 1781//1756 686//1756
f 686//1757 691//1757 1784//1757
f 2598//1758 1784//1758 691//1758
f 691//1759 1575//1759 2598//1759
f 1902//1760 1906//1760 685//1760
f 685//1761 683//1761 1902//1761
f 1903//1762 1902//1762 683//1762
f 683//1763 682//1763 1903//1763
f 2033//1764 2032//1764 1567//1764
f 1567//1765 850//1765 2033//1765
f 2047//1766 2602//1766 847//1766
f 847//1767 705//1767 2047//1767
f 2048//1768 2047//1768 705//1768
f 705//1769 828//1769 2048//1769
f 2579//1770 2581//1770 600//1770
f 600//1771 599//1771 2579//1771
f 2018//1772 2033//1772 850//1772
f 850//1773 848//1773 2018//1773
f 2032//1774 2600//1774 851//1774
f 851//1775 1567//1775 2032//1775
f 2599//1776 2603//1776 703//1776
f 703//1777 702//1777 2599//1777
f 2603//1778 2597//1778 704//1778
f 704//1779 703//1779 2603//1779
f 2630//1780 2591//1780 1549//1780
f 1549//1781 1548//1781 2630//1781
f 2629//1782 2630//1782 1548//1782
f 1548//1783 554//1783 2629//1783
f 2631//1784 2592//1784 553//1784
f 553//1785 846//1785 2631//1785
f 2594//1786 2631//1786 846//1786
f 846//1787 552//1787 2594//1787
f 2139//1788 2590//1788 641//1788
f 641//1789 640//1789 2139//1789
f 2133//1790 2132//1790 2516//1790
f 2516//1791 1538//1791 2133//1791
f 2140//1792 2139//1792 640//1792
f 640//1793 639//1793 2140//1793
f 2132//1794 2588//1794 666//1794
f 666//1795 2516//1795 2132//1795
f 2601//1796 2580//1796 582//1796
f 582//1797 581//1797 2601//1797
f 2634//1798 699//1798 531//1798
f 531//1799 2534//1799 2634//1799
f 2622//1800 2613//1800 2358//1800
f 2358//1801 2360//1801 2622//1801
f 2392//1802 2391//1802 2616//1802
f 2616//1803 2617//1803 2392//1803
f 1842//1804 2392//1804 2619//1804
f 2619//1805 1843//1805 1842//1805
f 1852//1806 2105//1806 2358//1806
f 2619//1807 2360//1807 2105//1807
f 2621//1808 2368//1808 1513//1808
f 2368//1809 1888//1809 1513//1809
f 2625//1810 271//1810 2624//1810
f 2624//1811 271//1811 2384//1811
f 606//1812 626//1812 2389//1812
f 613//1813 677//1813 2635//1813
f 2635//1814 2636//1814 613//1814
f 782//1815 865//1815 2611//1815
f 865//1816 2612//1816 2611//1816
f 863//1817 862//1817 2606//1817
f 868//1818 867//1818 858//1818
f 857//1819 868//1819 858//1819
f 858//1820 2637//1820 853//1820
f 869//1821 329//1821 327//1821
f 326//1822 322//1822 2637//1822
f 867//1823 869//1823 2637//1823
f 2637//1824 858//1824 867//1824
f 2637//1825 327//1825 326//1825
f 2637//1826 869//1826 327//1826
f 226//1827 853//1827 2637//1827
f 322//1828 226//1828 2637//1828
f 774//1829 2611//1829 2642//1829
f 775//1830 778//1830 2611//1830
f 784//1831 775//1831 2611//1831
f 2553//1832 2645//1832 2634//1832
f 2634//1833 2534//1833 2553//1833
f 617//1834 2368//1834 2621//1834
f 2621//1835 2450//1835 481//1835
f 481//1836 617//1836 2621//1836
f 432//1837 609//1837 1896//1837
f 626//1838 2642//1838 2615//1838
f 514//1839 432//1839 1891//1839
f 432//1840 1896//1840 1891//1840
f 774//1841 784//1841 2611//1841
f 2634//1842 2645//1842 679//1842
f 679//1843 699//1843 2634//1843
f 768//1844 771//1844 2645//1844
f 2645//1845 2553//1845 768//1845
f 2645//1846 771//1846 680//1846
f 2645//1847 680//1847 679//1847
f 771//1848 772//1848 2635//1848
f 700//1849 613//1849 2636//1849
f 2636//1850 762//1850 700//1850
f 2636//1851 772//1851 762//1851
f 2636//1852 2635//1852 772//1852
f 677//1853 680//1853 771//1853
f 771//1854 2635//1854 677//1854
f 774//1855 2639//1855 2638//1855
f 2638//1856 767//1856 774//1856
f 611//1857 2643//1857 2638//1857
f 2639//1858 2642//1858 626//1858
f 626//1859 678//1859 2639//1859
f 2639//1860 774//1860 2642//1860
f 2638//1861 2643//1861 762//1861
f 762//1862 767//1862 2638//1862
f 2643//1863 611//1863 700//1863
f 700//1864 762//1864 2643//1864
f 767//1865 762//1865 2641//1865
f 762//1866 761//1866 2641//1866
f 2641//1867 761//1867 767//1867
f 2615//1868 2642//1868 2611//1868
f 2615//1869 2607//1869 2389//1869
f 2389//1870 626//1870 2615//1870
f 2357//1871 1890//1871 1897//1871
f 280//1872 2620//1872 2606//1872
f 2401//1873 2620//1873 280//1873
f 2639//1874 678//1874 611//1874
f 611//1875 2638//1875 2639//1875
f 609//1876 2114//1876 1896//1876
f 271//1877 2625//1877 2394//1877
f 2394//1878 2625//1878 2614//1878
f 2614//1879 2377//1879 2394//1879
f 2379//1880 2375//1880 2640//1880
f 2372//1881 2379//1881 2369//1881
f 2613//1882 2622//1882 2371//1882
f 2613//1883 2371//1883 2370//1883
f 2379//1884 2613//1884 2370//1884
f 2369//1885 2379//1885 2370//1885
f 2622//1886 2618//1886 2404//1886
f 2404//1887 2371//1887 2622//1887
f 2618//1888 2617//1888 2361//1888
f 2617//1889 2616//1889 2362//1889
f 2362//1890 2361//1890 2617//1890
f 2616//1891 2387//1891 2386//1891
f 2386//1892 2362//1892 2616//1892
f 2378//1893 2644//1893 2375//1893
f 2375//1894 2376//1894 2378//1894
f 2644//1895 2640//1895 2375//1895
f 2378//1896 2377//1896 2614//1896
f 2644//1897 2378//1897 2614//1897
f 2640//1898 2644//1898 2614//1898
f 2640//1899 2614//1899 2613//1899
f 2640//1900 2613//1900 2379//1900
f 2405//1901 2633//1901 2364//1901
f 2633//1902 2361//1902 2364//1902
f 2633//1903 2405//1903 2618//1903
f 2405//1904 2404//1904 2618//1904
f 2361//1905 2633//1905 2618//1905
f 2386//1906 2388//1906 2399//1906
f 2394//1907 2376//1907 278//1907
f 2384//1908 271//1908 270//1908
f 2494//1909 2487//1909 2506//1909
f 2506//1910 2497//1910 2494//1910
f 2504//1911 2491//1911 2503//1911
f 2503//1912 2500//1912 2504//1912
f 2563//1913 2502//1913 2501//1913
f 2501//1914 2507//1914 2563//1914
f 2333//1915 2563//1915 2507//1915
f 2507//1916 2328//1916 2333//1916
f 2442//1917 2331//1917 2321//1917
f 2323//1918 2532//1918 2474//1918
f 2474//1919 2498//1919 2323//1919
f 2215//1920 2472//1920 2483//1920
f 2215//1921 2216//1921 2320//1921
f 2260//1922 2245//1922 2242//1922
f 2558//1923 2240//1923 2556//1923
f 2490//1924 2484//1924 2338//1924
f 2341//1925 2354//1925 2565//1925
f 2343//1926 2632//1926 2426//1926
f 2426//1927 2355//1927 2343//1927
f 2487//1928 2494//1928 2241//1928
f 2241//1929 2558//1929 2487//1929
f 2491//1930 2504//1930 2484//1930
f 2484//1931 2490//1931 2491//1931
f 2485//1932 2502//1932 2563//1932
f 2563//1933 2565//1933 2485//1933
f 2353//1934 2342//1934 2565//1934
f 2343//1935 2420//1935 2632//1935
f 2273//1936 2275//1936 2250//1936
f 2250//1937 2259//1937 2273//1937
f 2253//1938 2212//1938 2255//1938
f 2277//1939 2444//1939 2412//1939
f 2254//1940 2428//1940 2212//1940
f 2261//1941 2272//1941 2207//1941
f 2270//1942 2437//1942 2441//1942
f 2274//1943 2273//1943 2259//1943
f 2278//1944 2438//1944 2418//1944
f 2279//1945 2278//1945 2414//1945
f 2414//1946 2412//1946 2279//1946
f 2207//1947 2206//1947 2412//1947
f 2266//1948 2262//1948 2409//1948
f 2408//1949 2407//1949 2441//1949
f 2408//1950 2267//1950 2266//1950
f 2266//1951 2409//1951 2408//1951
f 2423//1952 2422//1952 2419//1952
f 2419//1953 2442//1953 2423//1953
f 2269//1954 2268//1954 2424//1954
f 2427//1955 2470//1955 2469//1955
f 2469//1956 2544//1956 2427//1956
f 2249//1957 2352//1957 2417//1957
f 2415//1958 2417//1958 2352//1958
f 2426//1959 2632//1959 2416//1959
f 2421//1960 2411//1960 2420//1960
f 2423//1961 2205//1961 2406//1961
f 2290//1962 2247//1962 2250//1962
f 2253//1963 2443//1963 2427//1963
f 2253//1964 2407//1964 2406//1964
f 2406//1965 2443//1965 2253//1965
f 2251//1966 2417//1966 2424//1966
f 2414//1967 2418//1967 2415//1967
f 2415//1968 2413//1968 2412//1968
f 2408//1969 2421//1969 2406//1969
f 2408//1970 2409//1970 2421//1970
f 2418//1971 2424//1971 2417//1971
f 2343//1972 2334//1972 2419//1972
f 2269//1973 2424//1973 2418//1973
f 2416//1974 2632//1974 2420//1974
f 2420//1975 2411//1975 2416//1975
f 2441//1976 2407//1976 2300//1976
f 2300//1977 2271//1977 2441//1977
f 2297//1978 2407//1978 2253//1978
f 2407//1979 2297//1979 2432//1979
f 1645//1980 1736//1980 2301//1980
f 2275//1981 2273//1981 1629//1981
f 2444//1982 2277//1982 1737//1982
f 1737//1983 1618//1983 2444//1983
f 2272//1984 2261//1984 1588//1984
f 2429//1985 2430//1985 1654//1985
f 1654//1986 1659//1986 2429//1986
f 2299//1987 2298//1987 2429//1987
f 2210//1988 2350//1988 1612//1988
f 1612//1989 1611//1989 2210//1989
f 2255//1990 1655//1990 1654//1990
f 1624//1991 1653//1991 2437//1991
f 2437//1992 1653//1992 1652//1992
f 1621//1993 2434//1993 2436//1993
f 2434//1994 1621//1994 1623//1994
f 2433//1995 1623//1995 1724//1995
f 1592//1996 2276//1996 2435//1996
f 2435//1997 1724//1997 1592//1997
f 2276//1998 1592//1998 1591//1998
f 1639//1999 2211//1999 2209//1999
f 1645//2000 2439//2000 2275//2000
f 2517//2001 1604//2001 2438//2001
f 2438//2002 2278//2002 2517//2002
f 1617//2003 2281//2003 2444//2003
f 2444//2004 1618//2004 1617//2004
f 2281//2005 1617//2005 1598//2005
f 1597//2006 2282//2006 2280//2006
f 2280//2007 1598//2007 1597//2007
f 1596//2008 2279//2008 2282//2008
f 1596//2009 2517//2009 2278//2009
f 1641//2010 1737//2010 2277//2010
f 1633//2011 1641//2011 2206//2011
f 2206//2012 2208//2012 1633//2012
f 2208//2013 2445//2013 1616//2013
f 1616//2014 2445//2014 2272//2014
f 2266//2015 1608//2015 1586//2015
f 1593//2016 1619//2016 2267//2016
f 1619//2017 1608//2017 2266//2017
f 2266//2018 2267//2018 1619//2018
f 1586//2019 1588//2019 2261//2019
f 1591//2020 1593//2020 2263//2020
f 2269//2021 2438//2021 1604//2021
f 2299//2022 1634//2022 2297//2022
f 2432//2023 2297//2023 1634//2023
f 1634//2024 2431//2024 2432//2024
f 2211//2025 1639//2025 1655//2025
f 1612//2026 2350//2026 2440//2026
f 2440//2027 1613//2027 1612//2027
f 1697//2028 1630//2028 2274//2028
f 2130//2029 2133//2029 2537//2029
f 2537//2030 2480//2030 2130//2030
f 2477//2031 2541//2031 2538//2031
f 2538//2032 2478//2032 2477//2032
f 2284//2033 2283//2033 2290//2033
f 2257//2034 2246//2034 2236//2034
f 2236//2035 2562//2035 2257//2035
f 2476//2036 2562//2036 2569//2036
f 2238//2037 2346//2037 2296//2037
f 2296//2038 2295//2038 2238//2038
f 2285//2039 2224//2039 2221//2039
f 2303//2040 2288//2040 2223//2040
f 2073//2041 2218//2041 2088//2041
f 2286//2042 2302//2042 2295//2042
f 2288//2043 2292//2043 2286//2043
f 2291//2044 2294//2044 2289//2044
f 2095//2045 2302//2045 2285//2045
f 2220//2046 2219//2046 2291//2046
f 2229//2047 2220//2047 2291//2047
f 2219//2048 2228//2048 2294//2048
f 2221//2049 2227//2049 2285//2049
f 2217//2050 2218//2050 2073//2050
f 2293//2051 2288//2051 2303//2051
f 2303//2052 2222//2052 2293//2052
f 1558//2053 2522//2053 2222//2053
f 1749//2054 1748//2054 2219//2054
f 2228//2055 2521//2055 1558//2055
f 2226//2056 1552//2056 2224//2056
f 2221//2057 1742//2057 1745//2057
f 2218//2058 2217//2058 1739//2058
f 1739//2059 1738//2059 2218//2059
f 2217//2060 2227//2060 1745//2060
f 2522//2061 1747//2061 2293//2061
f 2293//2062 2222//2062 2522//2062
f 2283//2063 2237//2063 2260//2063
f 2314//2064 1566//2064 1528//2064
f 1560//2065 2313//2065 2310//2065
f 2313//2066 1560//2066 1562//2066
f 2309//2067 1563//2067 1561//2067
f 1718//2068 2311//2068 2526//2068
f 2518//2069 2519//2069 2520//2069
f 1432//2070 1431//2070 1694//2070
f 1500//2071 1717//2071 2649//2071
f 1500//2072 1705//2072 1717//2072
f 1709//2073 1716//2073 1717//2073
f 1536//2074 1684//2074 1533//2074
f 1688//2075 1681//2075 1719//2075
f 2304//2076 1605//2076 1601//2076
f 1663//2077 1704//2077 2305//2077
f 1698//2078 1644//2078 1691//2078
f 1640//2079 1611//2079 1610//2079
f 1664//2080 1610//2080 1609//2080
f 1609//2081 1614//2081 1675//2081
f 1650//2082 1626//2082 1678//2082
f 1660//2083 1638//2083 1663//2083
f 1585//2084 1673//2084 1674//2084
f 1674//2085 1589//2085 1585//2085
f 1607//2086 1606//2086 1620//2086
f 1725//2087 1723//2087 1673//2087
f 1673//2088 1584//2088 1607//2088
f 1590//2089 1725//2089 1673//2089
f 1702//2090 1665//2090 1602//2090
f 2304//2091 1668//2091 1627//2091
f 1601//2092 1595//2092 1701//2092
f 1600//2093 1599//2093 1701//2093
f 2316//2094 1544//2094 1541//2094
f 1670//2095 1642//2095 1632//2095
f 1660//2096 1663//2096 2305//2096
f 1658//2097 1657//2097 2305//2097
f 1648//2098 1658//2098 2305//2098
f 1635//2099 1648//2099 2305//2099
f 2305//2100 1678//2100 1626//2100
f 1686//2101 1703//2101 1517//2101
f 1521//2102 1690//2102 1712//2102
f 2315//2103 2312//2103 2313//2103
f 2310//2104 2313//2104 2312//2104
f 1669//2105 1700//2105 2309//2105
f 2309//2106 1700//2106 1564//2106
f 1564//2107 1563//2107 2309//2107
f 1718//2108 1662//2108 1661//2108
f 1536//2109 1535//2109 1543//2109
f 1686//2110 1683//2110 1682//2110
f 1689//2111 1679//2111 1681//2111
f 2304//2112 1701//2112 1700//2112
f 1662//2113 1695//2113 1687//2113
f 1687//2114 1695//2114 1679//2114
f 1679//2115 1704//2115 1687//2115
f 1679//2116 1695//2116 1680//2116
f 1692//2117 1691//2117 2315//2117
f 2312//2118 2315//2118 1691//2118
f 1691//2119 1644//2119 2312//2119
f 1669//2120 2312//2120 1644//2120
f 1676//2121 1661//2121 1664//2121
f 1675//2122 1614//2122 1676//2122
f 1672//2123 1685//2123 1674//2123
f 1673//2124 1723//2124 1671//2124
f 1665//2125 1702//2125 1682//2125
f 1669//2126 1668//2126 2304//2126
f 2304//2127 1700//2127 1669//2127
f 1543//2128 1542//2128 1670//2128
f 1689//2129 1677//2129 1679//2129
f 1686//2130 1685//2130 1672//2130
f 1690//2131 1703//2131 1672//2131
f 1670//2132 1602//2132 1665//2132
f 1670//2133 1632//2133 1615//2133
f 1628//2134 1627//2134 1668//2134
f 1692//2135 2315//2135 2314//2135
f 2314//2136 1728//2136 1692//2136
f 1662//2137 1718//2137 1693//2137
f 1604//2138 2517//2138 1601//2138
f 1601//2139 1605//2139 1604//2139
f 1625//2140 2431//2140 1636//2140
f 1644//2141 1698//2141 1696//2141
f 1611//2142 1612//2142 1609//2142
f 1614//2143 1609//2143 1612//2143
f 1626//2144 1650//2144 1624//2144
f 1639//2145 1638//2145 1660//2145
f 1660//2146 1655//2146 1639//2146
f 1588//2147 1586//2147 1585//2147
f 1608//2148 1619//2148 1606//2148
f 1594//2149 1620//2149 1593//2149
f 1622//2150 1724//2150 1623//2150
f 1607//2151 1584//2151 1608//2151
f 1592//2152 1725//2152 1590//2152
f 1586//2153 1608//2153 1584//2153
f 1605//2154 1627//2154 1603//2154
f 1601//2155 2517//2155 1596//2155
f 1597//2156 1600//2156 1595//2156
f 1600//2157 1597//2157 1598//2157
f 1544//2158 2316//2158 1617//2158
f 1632//2159 1642//2159 1641//2159
f 1544//2160 1618//2160 1737//2160
f 1621//2161 1652//2161 1649//2161
f 1659//2162 1654//2162 1657//2162
f 1658//2163 1648//2163 2299//2163
f 2299//2164 1659//2164 1658//2164
f 1634//2165 2299//2165 1648//2165
f 1636//2166 2431//2166 1634//2166
f 1633//2167 1616//2167 1615//2167
f 1628//2168 1697//2168 1603//2168
f 1647//2169 1736//2169 1645//2169
f 1598//2170 1617//2170 2316//2170
f 2316//2171 1599//2171 1598//2171
f 2316//2172 1701//2172 1599//2172
f 1642//2173 1670//2173 1542//2173
f 1542//2174 1545//2174 1642//2174
f 1473//2175 1471//2175 2458//2175
f 1457//2176 1455//2176 2457//2176
f 1487//2177 1490//2177 2461//2177
f 1459//2178 1491//2178 2456//2178
f 1729//2179 1746//2179 1741//2179
f 1553//2180 1744//2180 1554//2180
f 1729//2181 1555//2181 1565//2181
f 1692//2182 1530//2182 1511//2182
f 1511//2183 1532//2183 1692//2183
f 1557//2184 1556//2184 1730//2184
f 1730//2185 2523//2185 1557//2185
f 1734//2186 1740//2186 1746//2186
f 1743//2187 1740//2187 1734//2187
f 1882//2188 1743//2188 1734//2188
f 1555//2189 1729//2189 1551//2189
f 1745//2190 1742//2190 1741//2190
f 1741//2191 1746//2191 1745//2191
f 1747//2192 2522//2192 1744//2192
f 1744//2193 1553//2193 1747//2193
f 1748//2194 1733//2194 1556//2194
f 1556//2195 2521//2195 1748//2195
f 1744//2196 2522//2196 1558//2196
f 1746//2197 1740//2197 1739//2197
f 1738//2198 1743//2198 1882//2198
f 1882//2199 1881//2199 1738//2199
f 1550//2200 2226//2200 1747//2200
f 1551//2201 1729//2201 1741//2201
f 1731//2202 1692//2202 1532//2202
f 1027//2203 1507//2203 2525//2203
f 2525//2204 1906//2204 1027//2204
f 1664//2205 1663//2205 1643//2205
f 1711//2206 1708//2206 1719//2206
f 1718//2207 1482//2207 1450//2207
f 1454//2208 1460//2208 2460//2208
f 2459//2209 1466//2209 1465//2209
f 1476//2210 2527//2210 2520//2210
f 2520//2211 1479//2211 1476//2211
f 2527//2212 2518//2212 2520//2212
f 1479//2213 2520//2213 1486//2213
f 1493//2214 1486//2214 2520//2214
f 2520//2215 2461//2215 1493//2215
f 1493//2216 2461//2216 1490//2216
f 1718//2217 2524//2217 1477//2217
f 2526//2218 2524//2218 1718//2218
f 1435//2219 1693//2219 1450//2219
f 1469//2220 2525//2220 1507//2220
f 1469//2221 1466//2221 2459//2221
f 2459//2222 2525//2222 1469//2222
f 1473//2223 2459//2223 1465//2223
f 1473//2224 2458//2224 2459//2224
f 1457//2225 2458//2225 1471//2225
f 1457//2226 2457//2226 2458//2226
f 1451//2227 2457//2227 1455//2227
f 1451//2228 1454//2228 2460//2228
f 2460//2229 2457//2229 1451//2229
f 1459//2230 2460//2230 1460//2230
f 1459//2231 2456//2231 2460//2231
f 1487//2232 2461//2232 2456//2232
f 2456//2233 1491//2233 1487//2233
f 1711//2234 1437//2234 1425//2234
f 1719//2235 1681//2235 1694//2235
f 1694//2236 1431//2236 1711//2236
f 1423//2237 1716//2237 1425//2237
f 1423//2238 1717//2238 1716//2238
f 1689//2239 1706//2239 1649//2239
f 1706//2240 1689//2240 1688//2240
f 1710//2241 1688//2241 1708//2241
f 1708//2242 1707//2242 1710//2242
f 1709//2243 664//2243 1707//2243
f 664//2244 1709//2244 1705//2244
f 1705//2245 661//2245 664//2245
f 1715//2246 1706//2246 1710//2246
f 1714//2247 1710//2247 1707//2247
f 1707//2248 1712//2248 1714//2248
f 664//2249 665//2249 1712//2249
f 663//2250 662//2250 2463//2250
f 2463//2251 665//2251 663//2251
f 2463//2252 662//2252 670//2252
f 670//2253 2462//2253 2463//2253
f 1521//2254 1712//2254 665//2254
f 665//2255 2463//2255 643//2255
f 643//2256 1713//2256 665//2256
f 643//2257 2463//2257 2462//2257
f 2462//2258 2464//2258 643//2258
f 1703//2259 1690//2259 1521//2259
f 2307//2260 1517//2260 1516//2260
f 1518//2261 653//2261 656//2261
f 656//2262 1516//2262 1518//2262
f 651//2263 652//2263 1525//2263
f 1714//2264 1690//2264 1671//2264
f 1671//2265 1715//2265 1714//2265
f 1715//2266 1671//2266 1723//2266
f 1725//2267 1592//2267 1724//2267
f 1725//2268 1622//2268 1723//2268
f 457//2269 453//2269 1727//2269
f 2449//2270 2450//2270 1513//2270
f 1510//2271 1532//2271 1511//2271
f 1528//2272 466//2272 465//2272
f 2446//2273 797//2273 798//2273
f 2447//2274 2448//2274 2446//2274
f 2446//2275 2453//2275 2447//2275
f 2453//2276 2446//2276 2451//2276
f 2451//2277 2452//2277 2453//2277
f 649//2278 1520//2278 1713//2278
f 1713//2279 643//2279 649//2279
f 633//2280 1720//2280 1722//2280
f 660//2281 632//2281 635//2281
f 325//2282 2455//2282 1411//2282
f 174//2283 176//2283 330//2283
f 1411//2284 2455//2284 1412//2284
f 324//2285 2455//2285 325//2285
f 330//2286 176//2286 324//2286
f 324//2287 176//2287 2455//2287
f 2452//2288 1529//2288 1528//2288
f 1528//2289 1726//2289 2452//2289
f 1726//2290 1721//2290 2453//2290
f 2453//2291 2452//2291 1726//2291
f 2453//2292 1721//2292 1722//2292
f 1722//2293 2447//2293 2453//2293
f 1722//2294 1720//2294 2454//2294
f 2454//2295 2447//2295 1722//2295
f 2447//2296 2454//2296 2455//2296
f 2455//2297 2448//2297 2447//2297
f 1501//2298 1418//2298 1720//2298
f 660//2299 1417//2299 1501//2299
f 660//2300 659//2300 1417//2300
f 659//2301 658//2301 672//2301
f 2446//2302 799//2302 797//2302
f 794//2303 796//2303 2448//2303
f 2448//2304 2455//2304 794//2304
f 1516//2305 656//2305 654//2305
f 654//2306 2509//2306 1516//2306
f 1525//2307 674//2307 673//2307
f 2308//2308 1547//2308 1533//2308
f 1547//2309 2508//2309 638//2309
f 638//2310 637//2310 1547//2310
f 1523//2311 636//2311 647//2311
f 647//2312 1519//2312 1523//2312
f 637//2313 1526//2313 1533//2313
f 1547//2314 2308//2314 2508//2314
f 2306//2315 1539//2315 1527//2315
f 1527//2316 1546//2316 2306//2316
f 1539//2317 1534//2317 1526//2317
f 1533//2318 1537//2318 1535//2318
f 1737//2319 1545//2319 1544//2319
f 1545//2320 1542//2320 1541//2320
f 1543//2321 1564//2321 1541//2321
f 1564//2322 1543//2322 1535//2322
f 1537//2323 1534//2323 1560//2323
f 1539//2324 2306//2324 1566//2324
f 2306//2325 1528//2325 1566//2325
f 2510//2326 2511//2326 2497//2326
f 2497//2327 2506//2327 2510//2327
f 2514//2328 2515//2328 2500//2328
f 2500//2329 2503//2329 2514//2329
f 2507//2330 2501//2330 2512//2330
f 2512//2331 2513//2331 2507//2331
f 2507//2332 2329//2332 2328//2332
f 2201//2333 2204//2333 2216//2333
f 2482//2334 2130//2334 2480//2334
f 2480//2335 2481//2335 2482//2335
f 2476//2336 2477//2336 2478//2336
f 2478//2337 2479//2337 2476//2337
f 2215//2338 2483//2338 2473//2338
f 2473//2339 2471//2339 2215//2339
f 2320//2340 2319//2340 2475//2340
f 2204//2341 2205//2341 2317//2341
f 2475//2342 2319//2342 2318//2342
f 2318//2343 2474//2343 2475//2343
f 2317//2344 2205//2344 2321//2344
f 2466//2345 2327//2345 2325//2345
f 2325//2346 2465//2346 2466//2346
f 2331//2347 2442//2347 2334//2347
f 2331//2348 2334//2348 2326//2348
f 2472//2349 2215//2349 2320//2349
f 2471//2350 2473//2350 2469//2350
f 2469//2351 2470//2351 2471//2351
f 2213//2352 2212//2352 2467//2352
f 2467//2353 2468//2353 2213//2353
f 2351//2354 2213//2354 2468//2354
f 2468//2355 2499//2355 2351//2355
f 2318//2356 2498//2356 2474//2356
f 2493//2357 2494//2357 2497//2357
f 2497//2358 2496//2358 2493//2358
f 2505//2359 2506//2359 2487//2359
f 2487//2360 2495//2360 2505//2360
f 2502//2361 2504//2361 2500//2361
f 2500//2362 2501//2362 2502//2362
f 2496//2363 2503//2363 2491//2363
f 2491//2364 2493//2364 2496//2364
f 2486//2365 2344//2365 2339//2365
f 2490//2366 2335//2366 2337//2366
f 2486//2367 2339//2367 2484//2367
f 2484//2368 2485//2368 2486//2368
f 2487//2369 2488//2369 2489//2369
f 2489//2370 2495//2370 2487//2370
f 2492//2371 2241//2371 2494//2371
f 2494//2372 2493//2372 2492//2372
f 2491//2373 2337//2373 2492//2373
f 2492//2374 2493//2374 2491//2374
f 2485//2375 2484//2375 2504//2375
f 2504//2376 2502//2376 2485//2376
f 2249//2377 2251//2377 2247//2377
f 2531//2378 2510//2378 2506//2378
f 2506//2379 2505//2379 2531//2379
f 2497//2380 2511//2380 2540//2380
f 2540//2381 2496//2381 2497//2381
f 2503//2382 2496//2382 2540//2382
f 2540//2383 2514//2383 2503//2383
f 2500//2384 2515//2384 2512//2384
f 2512//2385 2501//2385 2500//2385
f 2566//2386 2539//2386 2531//2386
f 2531//2387 2505//2387 2566//2387
f 2479//2388 2566//2388 2505//2388
f 2505//2389 2495//2389 2479//2389
f 2568//2390 2480//2390 2537//2390
f 2537//2391 2536//2391 2568//2391
f 2258//2392 2235//2392 2199//2392
f 2258//2393 2199//2393 2567//2393
f 2561//2394 2258//2394 2567//2394
f 2482//2395 2481//2395 2561//2395
f 2561//2396 2567//2396 2482//2396
f 2569//2397 2481//2397 2480//2397
f 2480//2398 2568//2398 2569//2398
f 2478//2399 2538//2399 2539//2399
f 2539//2400 2566//2400 2478//2400
f 2479//2401 2478//2401 2566//2401
f 2568//2402 2536//2402 2541//2402
f 2541//2403 2477//2403 2568//2403
f 2476//2404 2569//2404 2568//2404
f 2568//2405 2477//2405 2476//2405
f 2569//2406 2562//2406 2561//2406
f 2479//2407 2562//2407 2476//2407
f 2569//2408 2561//2408 2481//2408
f 2560//2409 2257//2409 2562//2409
f 2295//2410 2239//2410 2258//2410
f 2258//2411 2238//2411 2295//2411
f 2238//2412 2258//2412 2256//2412
f 2495//2413 2560//2413 2479//2413
f 2560//2414 2562//2414 2479//2414
f 2246//2415 2237//2415 2236//2415
f 2562//2416 2236//2416 2256//2416
f 2561//2417 2562//2417 2256//2417
f 2258//2418 2561//2418 2256//2418
f 2239//2419 2295//2419 2197//2419
f 2257//2420 2231//2420 2230//2420
f 2560//2421 2495//2421 2232//2421
f 2232//2422 2231//2422 2560//2422
f 2232//2423 2489//2423 2230//2423
f 2559//2424 2557//2424 2230//2424
f 2230//2425 2489//2425 2488//2425
f 2559//2426 2230//2426 2488//2426
f 2245//2427 2244//2427 2556//2427
f 2234//2428 2233//2428 2557//2428
f 2557//2429 2558//2429 2556//2429
f 2234//2430 2557//2430 2556//2430
f 2234//2431 2556//2431 2244//2431
f 2233//2432 2230//2432 2557//2432
f 2241//2433 2492//2433 2243//2433
f 2492//2434 2337//2434 2243//2434
f 2339//2435 2338//2435 2484//2435
f 2559//2436 2558//2436 2557//2436
f 2488//2437 2487//2437 2558//2437
f 2558//2438 2559//2438 2488//2438
f 2232//2439 2495//2439 2489//2439
f 2231//2440 2257//2440 2560//2440
f 2245//2441 2556//2441 2240//2441
f 2240//2442 2558//2442 2241//2442
f 2338//2443 2335//2443 2490//2443
f 2337//2444 2491//2444 2490//2444
f 2344//2445 2486//2445 2340//2445
f 2340//2446 2336//2446 2344//2446
f 2352//2447 2348//2447 2356//2447
f 2565//2448 2354//2448 2564//2448
f 2354//2449 2356//2449 2564//2449
f 2342//2450 2341//2450 2565//2450
f 2343//2451 2355//2451 2341//2451
f 2333//2452 2332//2452 2563//2452
f 2332//2453 2334//2453 2343//2453
f 2332//2454 2343//2454 2353//2454
f 2334//2455 2333//2455 2328//2455
f 2328//2456 2326//2456 2334//2456
f 2535//2457 2324//2457 2329//2457
f 2327//2458 2331//2458 2326//2458
f 2532//2459 2570//2459 2327//2459
f 2327//2460 2466//2460 2532//2460
f 2323//2461 2498//2461 2321//2461
f 2498//2462 2318//2462 2317//2462
f 2317//2463 2321//2463 2498//2463
f 2319//2464 2204//2464 2317//2464
f 2570//2465 2532//2465 2323//2465
f 2323//2466 2330//2466 2570//2466
f 2465//2467 2325//2467 2324//2467
f 2324//2468 2535//2468 2465//2468
f 2329//2469 2513//2469 2535//2469
f 2329//2470 2507//2470 2513//2470
f 2353//2471 2565//2471 2563//2471
f 2563//2472 2332//2472 2353//2472
f 2341//2473 2355//2473 2354//2473
f 2564//2474 2485//2474 2565//2474
f 2348//2475 2485//2475 2564//2475
f 2564//2476 2356//2476 2348//2476
f 1477//2477 2524//2477 1475//2477
f 2524//2478 2526//2478 2527//2478
f 2527//2479 1476//2479 1475//2479
f 2524//2480 2527//2480 1475//2480
f 2526//2481 2311//2481 2518//2481
f 2518//2482 2527//2482 2526//2482
f 2311//2483 1661//2483 2518//2483
f 1661//2484 1676//2484 2519//2484
f 2519//2485 2518//2485 1661//2485
f 1614//2486 1613//2486 2542//2486
f 2542//2487 1613//2487 2440//2487
f 2440//2488 2543//2488 2542//2488
f 2545//2489 2349//2489 2499//2489
f 2499//2490 2468//2490 2529//2490
f 2529//2491 2545//2491 2499//2491
f 2468//2492 2467//2492 2528//2492
f 2528//2493 2529//2493 2468//2493
f 2212//2494 2428//2494 2467//2494
f 2530//2495 2428//2495 2427//2495
f 2427//2496 2544//2496 2530//2496
f 2427//2497 2203//2497 2470//2497
f 2471//2498 2470//2498 2203//2498
f 2203//2499 2202//2499 2471//2499
f 2202//2500 2215//2500 2471//2500
f 2467//2501 2428//2501 2530//2501
f 2530//2502 2528//2502 2467//2502
f 2440//2503 2349//2503 2545//2503
f 2545//2504 2543//2504 2440//2504
f 2351//2505 2499//2505 2349//2505
f 2330//2506 2323//2506 2322//2506
f 2330//2507 2327//2507 2570//2507
f 2287//2508 2286//2508 2296//2508
f 2302//2509 2286//2509 2292//2509
f 2292//2510 2285//2510 2302//2510
f 2292//2511 2225//2511 2224//2511
f 1747//2512 2226//2512 2225//2512
f 1512//2513 1514//2513 1565//2513
f 1555//2514 1550//2514 1553//2514
f 1552//2515 2226//2515 1550//2515
f 2294//2516 2228//2516 2223//2516
f 1748//2517 2521//2517 2228//2517
f 2228//2518 2219//2518 1748//2518
f 2523//2519 1730//2519 1531//2519
f 1531//2520 1727//2520 2523//2520
f 1731//2521 1730//2521 1556//2521
f 1556//2522 1733//2522 1731//2522
f 1558//2523 2521//2523 1556//2523
f 457//2524 1531//2524 1510//2524
f 2238//2525 2284//2525 2346//2525
f 2345//2526 2288//2526 2287//2526
f 1554//2527 2523//2527 1727//2527
f 1727//2528 1559//2528 1554//2528
f 1557//2529 2523//2529 1554//2529
f 2511//2530 695//2530 693//2530
f 693//2531 2540//2531 2511//2531
f 2515//2532 513//2532 476//2532
f 476//2533 2512//2533 2515//2533
f 2512//2534 476//2534 849//2534
f 849//2535 2513//2535 2512//2535
f 2535//2536 631//2536 630//2536
f 630//2537 2465//2537 2535//2537
f 2466//2538 692//2538 1581//2538
f 1581//2539 2532//2539 2466//2539
f 2475//2540 475//2540 474//2540
f 474//2541 2320//2541 2475//2541
f 2473//2542 1576//2542 709//2542
f 709//2543 2469//2543 2473//2543
f 2529//2544 1577//2544 1573//2544
f 1573//2545 2545//2545 2529//2545
f 2545//2546 1573//2546 713//2546
f 713//2547 2543//2547 2545//2547
f 2469//2548 709//2548 711//2548
f 711//2549 2544//2549 2469//2549
f 2544//2550 711//2550 715//2550
f 715//2551 2530//2551 2544//2551
f 2543//2552 713//2552 509//2552
f 509//2553 2542//2553 2543//2553
f 2536//2554 694//2554 495//2554
f 495//2555 2541//2555 2536//2555
f 2539//2556 499//2556 684//2556
f 684//2557 2531//2557 2539//2557
f 2458//2558 549//2558 1570//2558
f 1570//2559 2459//2559 2458//2559
f 2457//2560 550//2560 549//2560
f 549//2561 2458//2561 2457//2561
f 2460//2562 1569//2562 550//2562
f 550//2563 2457//2563 2460//2563
f 2456//2564 560//2564 1569//2564
f 1569//2565 2460//2565 2456//2565
f 2461//2566 511//2566 560//2566
f 560//2567 2456//2567 2461//2567
f 2519//2568 1583//2568 512//2568
f 512//2569 2520//2569 2519//2569
f 2520//2570 512//2570 511//2570
f 511//2571 2461//2571 2520//2571
f 1676//2572 718//2572 1583//2572
f 1583//2573 2519//2573 1676//2573
f 1614//2574 508//2574 718//2574
f 718//2575 1676//2575 1614//2575
f 2542//2576 509//2576 508//2576
f 508//2577 1614//2577 2542//2577
f 2525//2578 1572//2578 685//2578
f 685//2579 1906//2579 2525//2579
f 2459//2580 1570//2580 1572//2580
f 1572//2581 2525//2581 2459//2581
f 2472//2582 433//2582 435//2582
f 435//2583 2483//2583 2472//2583
f 2474//2584 1568//2584 475//2584
f 475//2585 2475//2585 2474//2585
f 2532//2586 1581//2586 1568//2586
f 1568//2587 2474//2587 2532//2587
f 2465//2588 630//2588 692//2588
f 692//2589 2466//2589 2465//2589
f 2320//2590 474//2590 433//2590
f 433//2591 2472//2591 2320//2591
f 2483//2592 435//2592 1576//2592
f 1576//2593 2473//2593 2483//2593
f 2530//2594 715//2594 717//2594
f 717//2595 2528//2595 2530//2595
f 2528//2596 717//2596 1577//2596
f 1577//2597 2529//2597 2528//2597
f 2510//2598 551//2598 695//2598
f 695//2599 2511//2599 2510//2599
f 2531//2600 684//2600 551//2600
f 551//2601 2510//2601 2531//2601
f 2514//2602 1571//2602 513//2602
f 513//2603 2515//2603 2514//2603
f 2540//2604 693//2604 1571//2604
f 1571//2605 2514//2605 2540//2605
f 2538//2606 497//2606 499//2606
f 499//2607 2539//2607 2538//2607
f 2133//2608 1538//2608 668//2608
f 668//2609 2537//2609 2133//2609
f 2541//2610 495//2610 497//2610
f 497//2611 2538//2611 2541//2611
f 2537//2612 668//2612 694//2612
f 694//2613 2536//2613 2537//2613
f 2513//2614 849//2614 631//2614
f 631//2615 2535//2615 2513//2615
f 459//2616 457//2616 1510//2616
f 2533//2617 2534//2617 531//2617
f 531//2618 537//2618 2533//2618
f 1511//2619 478//2619 459//2619
f 653//2620 1518//2620 1520//2620
f 1520//2621 649//2621 653//2621
f 2509//2622 654//2622 638//2622
f 638//2623 2508//2623 2509//2623
f 2308//2624 2307//2624 1516//2624
f 1516//2625 2509//2625 2308//2625
f 2308//2626 2509//2626 2508//2626
f 1521//2627 1713//2627 1520//2627
f 1517//2628 1520//2628 1518//2628
f 2449//2629 1513//2629 1512//2629
f 2464//2630 2462//2630 672//2630
f 646//2631 658//2631 660//2631
f 2462//2632 670//2632 672//2632
f 466//2633 1529//2633 589//2633
f 468//2634 2547//2634 2546//2634
f 2546//2635 543//2635 468//2635
f 799//2636 2446//2636 796//2636
f 796//2637 2446//2637 2448//2637
f 794//2638 2455//2638 176//2638
f 803//2639 824//2639 801//2639
f 815//2640 824//2640 803//2640
f 824//2641 823//2641 2555//2641
f 800//2642 332//2642 208//2642
f 331//2643 2555//2643 1502//2643
f 801//2644 824//2644 2555//2644
f 2555//2645 800//2645 801//2645
f 2555//2646 331//2646 332//2646
f 2555//2647 332//2647 800//2647
f 181//2648 2555//2648 823//2648
f 1502//2649 2555//2649 181//2649
f 813//2650 2549//2650 2446//2650
f 811//2651 2446//2651 798//2651
f 812//2652 2446//2652 811//2652
f 2553//2653 2534//2653 2533//2653
f 2533//2654 2552//2654 2553//2654
f 482//2655 2449//2655 1512//2655
f 2449//2656 482//2656 481//2656
f 481//2657 2450//2657 2449//2657
f 592//2658 1530//2658 465//2658
f 589//2659 2451//2659 2549//2659
f 478//2660 1511//2660 592//2660
f 592//2661 1511//2661 1530//2661
f 813//2662 2446//2662 812//2662
f 2533//2663 537//2663 839//2663
f 839//2664 2552//2664 2533//2664
f 768//2665 2553//2665 2552//2665
f 2552//2666 808//2666 768//2666
f 2552//2667 840//2667 808//2667
f 2552//2668 839//2668 840//2668
f 808//2669 2546//2669 805//2669
f 843//2670 804//2670 2547//2670
f 2547//2671 468//2671 843//2671
f 2547//2672 804//2672 805//2672
f 2547//2673 805//2673 2546//2673
f 543//2674 2546//2674 808//2674
f 808//2675 840//2675 543//2675
f 813//2676 809//2676 2550//2676
f 2550//2677 2548//2677 813//2677
f 467//2678 2550//2678 2551//2678
f 2548//2679 838//2679 589//2679
f 589//2680 2549//2680 2548//2680
f 2548//2681 2549//2681 813//2681
f 2550//2682 809//2682 804//2682
f 804//2683 2551//2683 2550//2683
f 2551//2684 804//2684 843//2684
f 843//2685 467//2685 2551//2685
f 809//2686 2554//2686 804//2686
f 804//2687 2554//2687 806//2687
f 2554//2688 809//2688 806//2688
f 2451//2689 2446//2689 2549//2689
f 2451//2690 589//2690 1529//2690
f 1529//2691 2452//2691 2451//2691
f 1412//2692 2455//2692 2454//2692
f 1720//2693 1412//2693 2454//2693
f 2548//2694 2550//2694 467//2694
f 467//2695 838//2695 2548//2695
f 672//2696 658//2696 2464//2696
f 658//2697 646//2697 643//2697
f 643//2698 2464//2698 658//2698
f 660//2699 644//2699 646//2699
f 634//2700 645//2700 635//2700
f 652//2701 650//2701 634//2701
f 651//2702 653//2702 649//2702
f 648//2703 651//2703 649//2703
f 648//2704 649//2704 634//2704
f 650//2705 648//2705 634//2705
f 653//2706 651//2706 657//2706
f 657//2707 656//2707 653//2707
f 656//2708 655//2708 654//2708
f 654//2709 655//2709 647//2709
f 647//2710 638//2710 654//2710
f 638//2711 647//2711 636//2711
f 636//2712 637//2712 638//2712
f 635//2713 642//2713 644//2713
f 644//2714 643//2714 646//2714
f 642//2715 643//2715 644//2715
f 645//2716 643//2716 642//2716
f 645//2717 649//2717 643//2717
f 645//2718 634//2718 649//2718
f 651//2719 650//2719 652//2719
f 673//2720 674//2720 675//2720
f 675//2721 674//2721 655//2721
f 675//2722 656//2722 673//2722
f 673//2723 656//2723 657//2723
f 655//2724 656//2724 675//2724
f 671//2725 670//2725 661//2725
f 664//2726 663//2726 665//2726
f 661//2727 662//2727 663//2727
f 658//2728 659//2728 660//2728
f 670//2729 671//2729 672//2729
f 607//2730 614//2730 669//2730
f 669//2731 615//2731 607//2731
f 502//2732 471//2732 448//2732
f 616//2733 617//2733 515//2733
f 515//2734 442//2734 616//2734
f 617//2735 481//2735 480//2735
f 480//2736 515//2736 617//2736
f 514//2737 618//2737 520//2737
f 520//2738 429//2738 514//2738
f 619//2739 483//2739 618//2739
f 520//2740 618//2740 483//2740
f 483//2741 619//2741 444//2741
f 610//2742 444//2742 619//2742
f 616//2743 442//2743 610//2743
f 444//2744 610//2744 442//2744
f 611//2745 612//2745 613//2745
f 606//2746 609//2746 604//2746
f 604//2747 605//2747 606//2747
f 605//2748 607//2748 608//2748
f 431//2749 614//2749 604//2749
f 608//2750 607//2750 615//2750
f 615//2751 612//2751 608//2751
f 607//2752 605//2752 604//2752
f 604//2753 614//2753 607//2753
f 626//2754 606//2754 605//2754
f 605//2755 608//2755 626//2755
f 609//2756 432//2756 431//2756
f 431//2757 604//2757 609//2757
f 488//2758 625//2758 450//2758
f 450//2759 421//2759 488//2759
f 492//2760 491//2760 628//2760
f 628//2761 629//2761 492//2761
f 526//2762 624//2762 627//2762
f 627//2763 414//2763 526//2763
f 624//2764 526//2764 524//2764
f 620//2765 430//2765 519//2765
f 519//2766 621//2766 620//2766
f 451//2767 588//2767 439//2767
f 620//2768 621//2768 522//2768
f 522//2769 417//2769 620//2769
f 621//2770 622//2770 525//2770
f 525//2771 522//2771 621//2771
f 622//2772 623//2772 521//2772
f 521//2773 525//2773 622//2773
f 623//2774 438//2774 516//2774
f 516//2775 521//2775 623//2775
f 489//2776 627//2776 624//2776
f 627//2777 489//2777 415//2777
f 624//2778 517//2778 485//2778
f 485//2779 489//2779 624//2779
f 438//2780 437//2780 486//2780
f 516//2781 438//2781 486//2781
f 485//2782 516//2782 486//2782
f 437//2783 440//2783 494//2783
f 494//2784 486//2784 437//2784
f 440//2785 439//2785 490//2785
f 490//2786 494//2786 440//2786
f 439//2787 588//2787 493//2787
f 493//2788 490//2788 439//2788
f 450//2789 625//2789 503//2789
f 681//2790 629//2790 712//2790
f 712//2791 500//2791 681//2791
f 507//2792 712//2792 629//2792
f 504//2793 507//2793 628//2793
f 669//2794 418//2794 416//2794
f 416//2795 428//2795 669//2795
f 614//2796 431//2796 418//2796
f 418//2797 669//2797 614//2797
f 620//2798 417//2798 430//2798
f 414//2799 627//2799 415//2799
f 424//2800 532//2800 531//2800
f 531//2801 699//2801 424//2801
f 446//2802 423//2802 422//2802
f 422//2803 428//2803 446//2803
f 422//2804 424//2804 676//2804
f 676//2805 424//2805 699//2805
f 699//2806 677//2806 676//2806
f 681//2807 487//2807 492//2807
f 492//2808 629//2808 681//2808
f 681//2809 625//2809 488//2809
f 488//2810 484//2810 681//2810
f 491//2811 523//2811 568//2811
f 568//2812 628//2812 491//2812
f 524//2813 518//2813 624//2813
f 518//2814 517//2814 624//2814
f 484//2815 487//2815 681//2815
f 440//2816 437//2816 436//2816
f 436//2817 443//2817 440//2817
f 440//2818 443//2818 441//2818
f 623//2819 622//2819 445//2819
f 445//2820 436//2820 623//2820
f 438//2821 623//2821 436//2821
f 622//2822 621//2822 519//2822
f 519//2823 445//2823 622//2823
f 428//2824 422//2824 615//2824
f 615//2825 669//2825 428//2825
f 422//2826 676//2826 612//2826
f 612//2827 615//2827 422//2827
f 612//2828 676//2828 677//2828
f 677//2829 613//2829 612//2829
f 679//2830 680//2830 677//2830
f 678//2831 608//2831 612//2831
f 612//2832 611//2832 678//2832
f 678//2833 626//2833 608//2833
f 699//2834 679//2834 677//2834
f 613//2835 700//2835 611//2835
f 452//2836 449//2836 696//2836
f 696//2837 697//2837 452//2837
f 696//2838 698//2838 689//2838
f 698//2839 708//2839 690//2839
f 690//2840 689//2840 698//2840
f 424//2841 423//2841 689//2841
f 689//2842 690//2842 424//2842
f 447//2843 419//2843 503//2843
f 419//2844 447//2844 420//2844
f 502//2845 503//2845 500//2845
f 500//2846 501//2846 502//2846
f 506//2847 507//2847 504//2847
f 504//2848 505//2848 506//2848
f 415//2849 421//2849 416//2849
f 421//2850 415//2850 489//2850
f 489//2851 488//2851 421//2851
f 488//2852 489//2852 485//2852
f 485//2853 484//2853 488//2853
f 484//2854 485//2854 486//2854
f 486//2855 487//2855 484//2855
f 487//2856 486//2856 494//2856
f 494//2857 492//2857 487//2857
f 492//2858 494//2858 490//2858
f 490//2859 491//2859 492//2859
f 491//2860 490//2860 493//2860
f 493//2861 523//2861 491//2861
f 431//2862 430//2862 417//2862
f 417//2863 418//2863 431//2863
f 517//2864 516//2864 485//2864
f 414//2865 417//2865 522//2865
f 522//2866 526//2866 414//2866
f 526//2867 522//2867 525//2867
f 525//2868 524//2868 526//2868
f 524//2869 525//2869 521//2869
f 521//2870 518//2870 524//2870
f 518//2871 521//2871 516//2871
f 516//2872 517//2872 518//2872
f 441//2873 515//2873 480//2873
f 480//2874 451//2874 441//2874
f 432//2875 514//2875 429//2875
f 443//2876 442//2876 515//2876
f 515//2877 441//2877 443//2877
f 430//2878 429//2878 520//2878
f 520//2879 519//2879 430//2879
f 519//2880 520//2880 483//2880
f 483//2881 445//2881 519//2881
f 445//2882 483//2882 444//2882
f 444//2883 436//2883 445//2883
f 436//2884 444//2884 442//2884
f 442//2885 443//2885 436//2885
f 436//2886 437//2886 438//2886
f 439//2887 440//2887 441//2887
f 441//2888 451//2888 439//2888
f 420//2889 447//2889 452//2889
f 421//2890 450//2890 419//2890
f 446//2891 428//2891 420//2891
f 447//2892 448//2892 449//2892
f 419//2893 420//2893 416//2893
f 416//2894 421//2894 419//2894
f 416//2895 418//2895 414//2895
f 414//2896 415//2896 416//2896
f 417//2897 414//2897 418//2897
f 429//2898 430//2898 431//2898
f 429//2899 431//2899 432//2899
f 428//2900 416//2900 420//2900
f 422//2901 423//2901 424//2901
f 425//2902 426//2902 427//2902
f 427//2903 464//2903 425//2903
f 477//2904 472//2904 471//2904
f 448//2905 471//2905 472//2905
f 456//2906 455//2906 473//2906
f 473//2907 482//2907 456//2907
f 482//2908 473//2908 480//2908
f 480//2909 481//2909 482//2909
f 478//2910 479//2910 470//2910
f 470//2911 459//2911 478//2911
f 459//2912 470//2912 458//2912
f 458//2913 457//2913 459//2913
f 458//2914 454//2914 457//2914
f 453//2915 457//2915 454//2915
f 456//2916 453//2916 455//2916
f 454//2917 455//2917 453//2917
f 467//2918 468//2918 469//2918
f 466//2919 460//2919 463//2919
f 463//2920 465//2920 466//2920
f 460//2921 461//2921 425//2921
f 462//2922 463//2922 464//2922
f 461//2923 469//2923 426//2923
f 426//2924 425//2924 461//2924
f 425//2925 464//2925 463//2925
f 463//2926 460//2926 425//2926
f 589//2927 461//2927 460//2927
f 460//2928 466//2928 589//2928
f 465//2929 463//2929 462//2929
f 462//2930 592//2930 465//2930
f 574//2931 590//2931 591//2931
f 591//2932 575//2932 574//2932
f 540//2933 539//2933 548//2933
f 548//2934 569//2934 540//2934
f 584//2935 534//2935 536//2935
f 536//2936 571//2936 584//2936
f 571//2937 570//2937 584//2937
f 544//2938 562//2938 561//2938
f 561//2939 545//2939 544//2939
f 451//2940 587//2940 588//2940
f 544//2941 546//2941 585//2941
f 585//2942 562//2942 544//2942
f 562//2943 585//2943 586//2943
f 586//2944 563//2944 562//2944
f 563//2945 586//2945 602//2945
f 602//2946 565//2946 563//2946
f 565//2947 602//2947 597//2947
f 597//2948 566//2948 565//2948
f 603//2949 571//2949 536//2949
f 536//2950 535//2950 603//2950
f 571//2951 603//2951 595//2951
f 595//2952 580//2952 571//2952
f 596//2953 576//2953 566//2953
f 596//2954 566//2954 597//2954
f 595//2955 596//2955 597//2955
f 576//2956 596//2956 593//2956
f 593//2957 577//2957 576//2957
f 577//2958 593//2958 594//2958
f 594//2959 587//2959 577//2959
f 587//2960 594//2960 493//2960
f 493//2961 588//2961 587//2961
f 591//2962 601//2962 598//2962
f 598//2963 575//2963 591//2963
f 538//2964 555//2964 556//2964
f 547//2965 548//2965 539//2965
f 427//2966 528//2966 559//2966
f 559//2967 558//2967 427//2967
f 464//2968 427//2968 558//2968
f 558//2969 462//2969 464//2969
f 544//2970 545//2970 546//2970
f 534//2971 535//2971 536//2971
f 533//2972 537//2972 531//2972
f 531//2973 532//2973 533//2973
f 527//2974 528//2974 529//2974
f 529//2975 530//2975 527//2975
f 529//2976 542//2976 533//2976
f 542//2977 543//2977 537//2977
f 537//2978 533//2978 542//2978
f 538//2979 539//2979 540//2979
f 540//2980 541//2980 538//2980
f 538//2981 573//2981 574//2981
f 574//2982 575//2982 538//2982
f 569//2983 548//2983 568//2983
f 568//2984 523//2984 569//2984
f 570//2985 571//2985 572//2985
f 572//2986 571//2986 580//2986
f 573//2987 538//2987 541//2987
f 577//2988 579//2988 567//2988
f 567//2989 576//2989 577//2989
f 577//2990 578//2990 579//2990
f 565//2991 567//2991 564//2991
f 564//2992 563//2992 565//2992
f 566//2993 567//2993 565//2993
f 563//2994 564//2994 561//2994
f 561//2995 562//2995 563//2995
f 528//2996 427//2996 426//2996
f 426//2997 529//2997 528//2997
f 529//2998 426//2998 469//2998
f 469//2999 542//2999 529//2999
f 469//3000 468//3000 543//3000
f 543//3001 542//3001 469//3001
f 839//3002 543//3002 840//3002
f 838//3003 467//3003 469//3003
f 469//3004 461//3004 838//3004
f 838//3005 461//3005 589//3005
f 537//3006 543//3006 839//3006
f 468//3007 467//3007 843//3007
f 696//3008 836//3008 831//3008
f 532//3009 708//3009 830//3009
f 533//3010 830//3010 831//3010
f 831//3011 530//3011 533//3011
f 530//3012 831//3012 836//3012
f 834//3013 829//3013 527//3013
f 845//3014 471//3014 505//3014
f 826//3015 472//3015 598//3015
f 601//3016 829//3016 826//3016
f 555//3017 598//3017 472//3017
f 477//3018 852//3018 556//3018
f 852//3019 845//3019 547//3019
f 845//3020 505//3020 504//3020
f 504//3021 547//3021 845//3021
f 535//3022 559//3022 590//3022
f 590//3023 574//3023 603//3023
f 603//3024 535//3024 590//3024
f 574//3025 573//3025 595//3025
f 595//3026 603//3026 574//3026
f 573//3027 541//3027 596//3027
f 596//3028 595//3028 573//3028
f 541//3029 540//3029 593//3029
f 593//3030 596//3030 541//3030
f 540//3031 569//3031 594//3031
f 594//3032 593//3032 540//3032
f 569//3033 523//3033 493//3033
f 493//3034 594//3034 569//3034
f 462//3035 558//3035 546//3035
f 546//3036 545//3036 462//3036
f 580//3037 595//3037 597//3037
f 534//3038 584//3038 585//3038
f 585//3039 546//3039 534//3039
f 584//3040 570//3040 586//3040
f 586//3041 585//3041 584//3041
f 570//3042 572//3042 602//3042
f 602//3043 586//3043 570//3043
f 572//3044 580//3044 597//3044
f 597//3045 602//3045 572//3045
f 578//3046 451//3046 480//3046
f 480//3047 473//3047 578//3047
f 592//3048 479//3048 478//3048
f 579//3049 578//3049 473//3049
f 473//3050 455//3050 579//3050
f 545//3051 561//3051 470//3051
f 470//3052 479//3052 545//3052
f 561//3053 564//3053 458//3053
f 458//3054 470//3054 561//3054
f 564//3055 567//3055 454//3055
f 454//3056 458//3056 564//3056
f 567//3057 579//3057 455//3057
f 455//3058 454//3058 567//3058
f 567//3059 566//3059 576//3059
f 587//3060 451//3060 578//3060
f 578//3061 577//3061 587//3061
f 590//3062 601//3062 591//3062
f 527//3063 829//3063 528//3063
f 449//3064 448//3064 826//3064
f 601//3065 590//3065 559//3065
f 559//3066 829//3066 601//3066
f 559//3067 535//3067 534//3067
f 534//3068 558//3068 559//3068
f 546//3069 558//3069 534//3069
f 479//3070 462//3070 545//3070
f 479//3071 592//3071 462//3071
f 528//3072 829//3072 559//3072
f 529//3073 533//3073 530//3073
f 754//3074 753//3074 738//3074
f 738//3075 734//3075 754//3075
f 737//3076 726//3076 752//3076
f 752//3077 751//3077 737//3077
f 790//3078 856//3078 864//3078
f 864//3079 781//3079 790//3079
f 755//3080 764//3080 770//3080
f 770//3081 860//3081 755//3081
f 755//3082 763//3082 764//3082
f 721//3083 765//3083 731//3083
f 731//3084 728//3084 721//3084
f 779//3085 790//3085 781//3085
f 776//3086 765//3086 777//3086
f 722//3087 727//3087 744//3087
f 744//3088 743//3088 722//3088
f 755//3089 731//3089 765//3089
f 765//3090 763//3090 755//3090
f 749//3091 2651//3091 2652//3091
f 749//3092 2652//3092 739//3092
f 729//3093 730//3093 748//3093
f 748//3094 229//3094 729//3094
f 730//3095 732//3095 859//3095
f 732//3096 860//3096 819//3096
f 819//3097 821//3097 732//3097
f 755//3098 860//3098 732//3098
f 855//3099 854//3099 178//3099
f 178//3100 861//3100 855//3100
f 854//3101 227//3101 179//3101
f 179//3102 178//3102 854//3102
f 754//3103 734//3103 737//3103
f 737//3104 751//3104 754//3104
f 792//3105 740//3105 742//3105
f 742//3106 866//3106 792//3106
f 816//3107 817//3107 724//3107
f 724//3108 723//3108 816//3108
f 723//3109 722//3109 743//3109
f 743//3110 816//3110 723//3110
f 861//3111 864//3111 856//3111
f 856//3112 855//3112 861//3112
f 866//3113 856//3113 790//3113
f 790//3114 792//3114 866//3114
f 229//3115 744//3115 727//3115
f 730//3116 859//3116 825//3116
f 825//3117 748//3117 730//3117
f 859//3118 732//3118 821//3118
f 821//3119 825//3119 859//3119
f 770//3120 769//3120 819//3120
f 819//3121 860//3121 770//3121
f 728//3122 731//3122 730//3122
f 730//3123 729//3123 728//3123
f 726//3124 724//3124 817//3124
f 817//3125 752//3125 726//3125
f 740//3126 792//3126 786//3126
f 786//3127 741//3127 740//3127
f 777//3128 721//3128 791//3128
f 783//3129 773//3129 766//3129
f 766//3130 765//3130 783//3130
f 227//3131 854//3131 853//3131
f 853//3132 2653//3132 227//3132
f 2653//3133 853//3133 226//3133
f 227//3134 2653//3134 2654//3134
f 855//3135 858//3135 853//3135
f 853//3136 854//3136 855//3136
f 855//3137 856//3137 857//3137
f 857//3138 858//3138 855//3138
f 856//3139 866//3139 868//3139
f 868//3140 857//3140 856//3140
f 866//3141 742//3141 867//3141
f 867//3142 868//3142 866//3142
f 869//3143 867//3143 742//3143
f 742//3144 736//3144 869//3144
f 869//3145 736//3145 735//3145
f 735//3146 329//3146 869//3146
f 753//3147 749//3147 739//3147
f 739//3148 738//3148 753//3148
f 2656//3149 179//3149 2655//3149
f 227//3150 2655//3150 179//3150
f 227//3151 2657//3151 2658//3151
f 227//3152 2658//3152 2655//3152
f 177//3153 862//3153 178//3153
f 861//3154 178//3154 862//3154
f 862//3155 863//3155 861//3155
f 863//3156 865//3156 864//3156
f 864//3157 861//3157 863//3157
f 865//3158 782//3158 781//3158
f 781//3159 864//3159 865//3159
f 780//3160 779//3160 781//3160
f 781//3161 782//3161 780//3161
f 778//3162 777//3162 779//3162
f 779//3163 780//3163 778//3163
f 775//3164 776//3164 777//3164
f 777//3165 778//3165 775//3165
f 775//3166 784//3166 783//3166
f 783//3167 776//3167 775//3167
f 784//3168 774//3168 773//3168
f 773//3169 783//3169 784//3169
f 774//3170 767//3170 766//3170
f 766//3171 773//3171 774//3171
f 765//3172 766//3172 767//3172
f 767//3173 761//3173 765//3173
f 763//3174 765//3174 761//3174
f 761//3175 762//3175 763//3175
f 764//3176 763//3176 762//3176
f 762//3177 772//3177 764//3177
f 772//3178 771//3178 770//3178
f 770//3179 764//3179 772//3179
f 768//3180 769//3180 770//3180
f 770//3181 771//3181 768//3181
f 776//3182 783//3182 765//3182
f 777//3183 765//3183 721//3183
f 790//3184 791//3184 787//3184
f 793//3185 721//3185 720//3185
f 720//3186 789//3186 793//3186
f 788//3187 725//3187 733//3187
f 733//3188 741//3188 785//3188
f 789//3189 785//3189 793//3189
f 785//3190 787//3190 791//3190
f 785//3191 791//3191 793//3191
f 793//3192 791//3192 721//3192
f 785//3193 789//3193 788//3193
f 785//3194 788//3194 733//3194
f 741//3195 786//3195 785//3195
f 785//3196 786//3196 787//3196
f 788//3197 789//3197 720//3197
f 720//3198 725//3198 788//3198
f 792//3199 790//3199 787//3199
f 787//3200 786//3200 792//3200
f 790//3201 779//3201 777//3201
f 777//3202 791//3202 790//3202
f 739//3203 2659//3203 2660//3203
f 739//3204 2662//3204 2659//3204
f 739//3205 2652//3205 2662//3205
f 2661//3206 2659//3206 2662//3206
f 2663//3207 735//3207 738//3207
f 2664//3208 735//3208 2663//3208
f 329//3209 735//3209 2664//3209
f 738//3210 2666//3210 2663//3210
f 738//3211 2665//3211 2666//3211
f 739//3212 2667//3212 2665//3212
f 739//3213 2660//3213 2667//3213
f 2665//3214 738//3214 739//3214
f 738//3215 735//3215 734//3215
f 734//3216 735//3216 736//3216
f 736//3217 737//3217 734//3217
f 736//3218 742//3218 740//3218
f 740//3219 737//3219 736//3219
f 737//3220 740//3220 726//3220
f 726//3221 740//3221 741//3221
f 726//3222 741//3222 733//3222
f 726//3223 733//3223 725//3223
f 726//3224 725//3224 724//3224
f 725//3225 720//3225 723//3225
f 723//3226 724//3226 725//3226
f 720//3227 721//3227 722//3227
f 722//3228 723//3228 720//3228
f 722//3229 721//3229 728//3229
f 728//3230 727//3230 722//3230
f 727//3231 729//3231 229//3231
f 727//3232 728//3232 729//3232
f 730//3233 731//3233 732//3233
f 732//3234 731//3234 755//3234
f 754//3235 236//3235 210//3235
f 210//3236 753//3236 754//3236
f 233//3237 751//3237 752//3237
f 752//3238 237//3238 233//3238
f 202//3239 747//3239 759//3239
f 759//3240 760//3240 202//3240
f 224//3241 758//3241 756//3241
f 756//3242 757//3242 224//3242
f 224//3243 757//3243 750//3243
f 218//3244 221//3244 225//3244
f 225//3245 746//3245 218//3245
f 214//3246 747//3246 202//3246
f 745//3247 213//3247 746//3247
f 219//3248 743//3248 744//3248
f 744//3249 220//3249 219//3249
f 224//3250 750//3250 746//3250
f 746//3251 225//3251 224//3251
f 2651//3252 749//3252 2668//3252
f 209//3253 2668//3253 749//3253
f 230//3254 229//3254 748//3254
f 748//3255 228//3255 230//3255
f 228//3256 820//3256 223//3256
f 223//3257 821//3257 819//3257
f 819//3258 758//3258 223//3258
f 224//3259 223//3259 758//3259
f 818//3260 795//3260 173//3260
f 173//3261 822//3261 818//3261
f 822//3262 173//3262 172//3262
f 172//3263 180//3263 822//3263
f 754//3264 751//3264 233//3264
f 233//3265 236//3265 754//3265
f 199//3266 802//3266 235//3266
f 235//3267 234//3267 199//3267
f 816//3268 222//3268 231//3268
f 231//3269 817//3269 816//3269
f 222//3270 816//3270 743//3270
f 743//3271 219//3271 222//3271
f 795//3272 818//3272 760//3272
f 760//3273 759//3273 795//3273
f 802//3274 199//3274 202//3274
f 202//3275 760//3275 802//3275
f 229//3276 220//3276 744//3276
f 228//3277 748//3277 825//3277
f 825//3278 820//3278 228//3278
f 820//3279 825//3279 821//3279
f 821//3280 223//3280 820//3280
f 819//3281 769//3281 756//3281
f 756//3282 758//3282 819//3282
f 221//3283 230//3283 228//3283
f 228//3284 225//3284 221//3284
f 237//3285 752//3285 817//3285
f 817//3286 231//3286 237//3286
f 234//3287 215//3287 200//3287
f 200//3288 199//3288 234//3288
f 213//3289 212//3289 218//3289
f 807//3290 746//3290 810//3290
f 810//3291 814//3291 807//3291
f 823//3292 822//3292 180//3292
f 180//3293 2671//3293 2669//3293
f 823//3294 2669//3294 2670//3294
f 823//3295 180//3295 2669//3295
f 2670//3296 181//3296 823//3296
f 818//3297 822//3297 823//3297
f 823//3298 824//3298 818//3298
f 818//3299 824//3299 815//3299
f 815//3300 760//3300 818//3300
f 760//3301 815//3301 803//3301
f 803//3302 802//3302 760//3302
f 802//3303 803//3303 801//3303
f 801//3304 235//3304 802//3304
f 800//3305 232//3305 235//3305
f 235//3306 801//3306 800//3306
f 211//3307 232//3307 800//3307
f 800//3308 208//3308 211//3308
f 753//3309 210//3309 209//3309
f 209//3310 749//3310 753//3310
f 2674//3311 2672//3311 2673//3311
f 2674//3312 2673//3312 180//3312
f 2674//3313 172//3313 2675//3313
f 172//3314 2674//3314 180//3314
f 2676//3315 2675//3315 172//3315
f 795//3316 794//3316 176//3316
f 176//3317 173//3317 795//3317
f 794//3318 795//3318 759//3318
f 759//3319 796//3319 794//3319
f 796//3320 759//3320 747//3320
f 747//3321 799//3321 796//3321
f 797//3322 799//3322 747//3322
f 747//3323 214//3323 797//3323
f 798//3324 797//3324 214//3324
f 214//3325 213//3325 798//3325
f 811//3326 798//3326 213//3326
f 213//3327 745//3327 811//3327
f 811//3328 745//3328 807//3328
f 807//3329 812//3329 811//3329
f 812//3330 807//3330 814//3330
f 814//3331 813//3331 812//3331
f 813//3332 814//3332 810//3332
f 810//3333 809//3333 813//3333
f 746//3334 806//3334 809//3334
f 809//3335 810//3335 746//3335
f 750//3336 804//3336 806//3336
f 806//3337 746//3337 750//3337
f 757//3338 805//3338 804//3338
f 804//3339 750//3339 757//3339
f 805//3340 757//3340 756//3340
f 756//3341 808//3341 805//3341
f 808//3342 756//3342 769//3342
f 769//3343 768//3343 808//3343
f 745//3344 746//3344 807//3344
f 213//3345 218//3345 746//3345
f 202//3346 201//3346 212//3346
f 217//3347 204//3347 203//3347
f 203//3348 218//3348 217//3348
f 205//3349 216//3349 207//3349
f 216//3350 206//3350 215//3350
f 204//3351 217//3351 206//3351
f 206//3352 212//3352 201//3352
f 206//3353 217//3353 212//3353
f 217//3354 218//3354 212//3354
f 206//3355 205//3355 204//3355
f 206//3356 216//3356 205//3356
f 215//3357 206//3357 200//3357
f 206//3358 201//3358 200//3358
f 205//3359 207//3359 203//3359
f 203//3360 204//3360 205//3360
f 199//3361 200//3361 201//3361
f 201//3362 202//3362 199//3362
f 202//3363 212//3363 213//3363
f 213//3364 214//3364 202//3364
f 209//3365 2678//3365 2677//3365
f 209//3366 2677//3366 2679//3366
f 209//3367 2679//3367 2668//3367
f 209//3368 2681//3368 2680//3368
f 209//3369 2680//3369 2678//3369
f 2681//3370 209//3370 210//3370
f 2682//3371 210//3371 211//3371
f 2683//3372 2682//3372 211//3372
f 208//3373 2683//3373 211//3373
f 210//3374 2682//3374 2684//3374
f 210//3375 2684//3375 2681//3375
f 210//3376 236//3376 211//3376
f 236//3377 233//3377 232//3377
f 232//3378 211//3378 236//3378
f 232//3379 233//3379 234//3379
f 234//3380 235//3380 232//3380
f 233//3381 237//3381 234//3381
f 237//3382 231//3382 207//3382
f 237//3383 207//3383 216//3383
f 237//3384 216//3384 215//3384
f 237//3385 215//3385 234//3385
f 207//3386 231//3386 222//3386
f 222//3387 203//3387 207//3387
f 203//3388 222//3388 219//3388
f 219//3389 218//3389 203//3389
f 219//3390 220//3390 221//3390
f 221//3391 218//3391 219//3391
f 220//3392 229//3392 230//3392
f 220//3393 230//3393 221//3393
f 228//3394 223//3394 225//3394
f 223//3395 224//3395 225//3395
f 227//3396 2654//3396 2685//3396
f 227//3397 2685//3397 2657//3397
f 179//3398 2656//3398 2686//3398
f 179//3399 2686//3399 2688//3399
f 2687//3400 177//3400 178//3400
f 2688//3401 2687//3401 178//3401
f 179//3402 2688//3402 178//3402
f 180//3403 2689//3403 2671//3403
f 180//3404 2673//3404 2689//3404
f 173//3405 176//3405 174//3405
f 173//3406 174//3406 2690//3406
f 173//3407 2690//3407 2676//3407
f 173//3408 2676//3408 172//3408
f 11//3409 10//3409 175//3409
f 11//3410 175//3410 183//3410
f 2691//3411 2692//3411 11//3411
f 2691//3412 11//3412 183//3412
f 183//3413 2693//3413 2691//3413
f 131//3414 130//3414 182//3414
f 171//3415 163//3415 162//3415
f 164//3416 171//3416 162//3416
f 164//3417 162//3417 165//3417
f 160//3418 166//3418 2695//3418
f 2696//3419 2694//3419 2695//3419
f 2696//3420 2695//3420 166//3420
f 2697//3421 2698//3421 160//3421
f 2695//3422 2697//3422 160//3422
f 2698//3423 2699//3423 160//3423
f 161//3424 160//3424 2699//3424
f 161//3425 162//3425 163//3425
f 160//3426 161//3426 163//3426
f 2700//3427 2696//3427 166//3427
f 2701//3428 2700//3428 170//3428
f 166//3429 170//3429 2700//3429
f 2702//3430 2703//3430 168//3430
f 167//3431 168//3431 2703//3431
f 2703//3432 2704//3432 169//3432
f 2703//3433 169//3433 167//3433
f 168//3434 195//3434 196//3434
f 2705//3435 2702//3435 196//3435
f 168//3436 196//3436 2702//3436
f 193//3437 2706//3437 2707//3437
f 194//3438 193//3438 2707//3438
f 193//3439 2708//3439 2706//3439
f 2708//3440 193//3440 102//3440
f 2709//3441 2710//3441 2708//3441
f 102//3442 2709//3442 2708//3442
f 144//3443 147//3443 88//3443
f 88//3444 118//3444 144//3444
f 150//3445 152//3445 153//3445
f 197//3446 188//3446 198//3446
f 198//3447 188//3447 185//3447
f 112//3448 99//3448 84//3448
f 187//3449 108//3449 185//3449
f 185//3450 188//3450 186//3450
f 185//3451 186//3451 184//3451
f 97//3452 98//3452 111//3452
f 184//3453 97//3453 111//3453
f 185//3454 184//3454 111//3454
f 187//3455 185//3455 111//3455
f 190//3456 192//3456 191//3456
f 189//3457 190//3457 191//3457
f 2685//3458 2654//3458 185//3458
f 2655//3459 2658//3459 189//3459
f 2656//3460 2655//3460 189//3460
f 2686//3461 2656//3461 189//3461
f 2688//3462 2686//3462 189//3462
f 191//3463 2688//3463 189//3463
f 2653//3464 185//3464 2654//3464
f 107//3465 189//3465 2657//3465
f 2657//3466 2685//3466 185//3466
f 107//3467 2657//3467 185//3467
f 2658//3468 2657//3468 189//3468
f 107//3469 185//3469 108//3469
f 252//3470 253//3470 254//3470
f 157//3471 137//3471 136//3471
f 158//3472 157//3472 136//3472
f 240//3473 158//3473 136//3473
f 182//3474 130//3474 122//3474
f 249//3475 2711//3475 2712//3475
f 133//3476 2713//3476 2711//3476
f 249//3477 133//3477 2711//3477
f 61//3478 47//3478 250//3478
f 2714//3479 2715//3479 46//3479
f 47//3480 46//3480 2715//3480
f 2717//3481 2716//3481 2714//3481
f 2717//3482 2714//3482 46//3482
f 2720//3483 2718//3483 2719//3483
f 2718//3484 2720//3484 2717//3484
f 2718//3485 2717//3485 46//3485
f 2718//3486 46//3486 49//3486
f 53//3487 2721//3487 2722//3487
f 2721//3488 53//3488 63//3488
f 63//3489 53//3489 69//3489
f 64//3490 63//3490 69//3490
f 2724//3491 2725//3491 2726//3491
f 24//3492 2723//3492 2724//3492
f 24//3493 2724//3493 2726//3493
f 63//3494 2726//3494 2721//3494
f 2726//3495 63//3495 24//3495
f 10//3496 9//3496 175//3496
f 41//3497 45//3497 251//3497
f 42//3498 5//3498 4//3498
f 43//3499 42//3499 4//3499
f 3//3500 43//3500 4//3500
f 251//3501 45//3501 19//3501
f 19//3502 260//3502 251//3502
f 71//3503 2672//3503 2674//3503
f 71//3504 2674//3504 2675//3504
f 71//3505 2675//3505 2676//3505
f 71//3506 2676//3506 2690//3506
f 71//3507 2690//3507 260//3507
f 261//3508 2671//3508 2689//3508
f 2671//3509 261//3509 2669//3509
f 37//3510 58//3510 34//3510
f 59//3511 143//3511 141//3511
f 141//3512 51//3512 59//3512
f 124//3513 261//3513 259//3513
f 125//3514 124//3514 259//3514
f 141//3515 125//3515 259//3515
f 58//3516 37//3516 32//3516
f 32//3517 143//3517 59//3517
f 58//3518 32//3518 59//3518
f 255//3519 256//3519 257//3519
f 257//3520 245//3520 255//3520
f 257//3521 258//3521 246//3521
f 246//3522 245//3522 257//3522
f 245//3523 243//3523 242//3523
f 242//3524 255//3524 245//3524
f 257//3525 256//3525 258//3525
f 241//3526 249//3526 244//3526
f 245//3527 246//3527 247//3527
f 247//3528 243//3528 245//3528
f 244//3529 240//3529 241//3529
f 158//3530 242//3530 243//3530
f 243//3531 128//3531 158//3531
f 129//3532 122//3532 120//3532
f 243//3533 247//3533 129//3533
f 129//3534 128//3534 243//3534
f 138//3535 135//3535 238//3535
f 238//3536 248//3536 138//3536
f 134//3537 241//3537 240//3537
f 240//3538 136//3538 134//3538
f 157//3539 127//3539 239//3539
f 239//3540 137//3540 157//3540
f 35//3541 238//3541 239//3541
f 239//3542 139//3542 35//3542
f 27//3543 26//3543 142//3543
f 27//3544 142//3544 143//3544
f 27//3545 143//3545 32//3545
f 239//3546 238//3546 135//3546
f 135//3547 137//3547 239//3547
f 127//3548 120//3548 119//3548
f 119//3549 239//3549 127//3549
f 31//3550 33//3550 132//3550
f 132//3551 25//3551 31//3551
f 132//3552 33//3552 36//3552
f 36//3553 140//3553 132//3553
f 126//3554 132//3554 140//3554
f 140//3555 139//3555 126//3555
f 126//3556 139//3556 239//3556
f 239//3557 119//3557 126//3557
f 33//3558 32//3558 37//3558
f 37//3559 36//3559 33//3559
f 57//3560 250//3560 138//3560
f 138//3561 248//3561 57//3561
f 133//3562 249//3562 241//3562
f 241//3563 134//3563 133//3563
f 238//3564 35//3564 34//3564
f 34//3565 248//3565 238//3565
f 62//3566 250//3566 57//3566
f 57//3567 60//3567 62//3567
f 57//3568 248//3568 34//3568
f 34//3569 58//3569 57//3569
f 60//3570 50//3570 61//3570
f 61//3571 62//3571 60//3571
f 57//3572 58//3572 59//3572
f 59//3573 60//3573 57//3573
f 61//3574 50//3574 28//3574
f 28//3575 47//3575 61//3575
f 60//3576 59//3576 51//3576
f 51//3577 50//3577 60//3577
f 56//3578 48//3578 39//3578
f 39//3579 30//3579 56//3579
f 29//3580 28//3580 50//3580
f 50//3581 51//3581 29//3581
f 28//3582 39//3582 46//3582
f 46//3583 47//3583 28//3583
f 39//3584 48//3584 49//3584
f 49//3585 46//3585 39//3585
f 48//3586 55//3586 54//3586
f 54//3587 49//3587 48//3587
f 52//3588 53//3588 54//3588
f 54//3589 55//3589 52//3589
f 48//3590 56//3590 70//3590
f 70//3591 55//3591 48//3591
f 52//3592 55//3592 70//3592
f 70//3593 71//3593 52//3593
f 65//3594 64//3594 69//3594
f 69//3595 66//3595 65//3595
f 13//3596 12//3596 65//3596
f 65//3597 68//3597 13//3597
f 52//3598 71//3598 67//3598
f 67//3599 66//3599 52//3599
f 52//3600 66//3600 69//3600
f 69//3601 53//3601 52//3601
f 68//3602 65//3602 66//3602
f 66//3603 67//3603 68//3603
f 12//3604 63//3604 64//3604
f 64//3605 65//3605 12//3605
f 12//3606 15//3606 24//3606
f 24//3607 63//3607 12//3607
f 17//3608 21//3608 18//3608
f 20//3609 19//3609 45//3609
f 44//3610 38//3610 20//3610
f 20//3611 45//3611 44//3611
f 19//3612 20//3612 21//3612
f 18//3613 22//3613 16//3613
f 16//3614 17//3614 18//3614
f 12//3615 13//3615 14//3615
f 14//3616 15//3616 12//3616
f 23//3617 24//3617 15//3617
f 15//3618 7//3618 23//3618
f 15//3619 14//3619 8//3619
f 8//3620 7//3620 15//3620
f 11//3621 23//3621 7//3621
f 7//3622 2//3622 11//3622
f 7//3623 8//3623 3//3623
f 3//3624 2//3624 7//3624
f 3//3625 4//3625 1//3625
f 1//3626 2//3626 3//3626
f 4//3627 5//3627 6//3627
f 6//3628 1//3628 4//3628
f 10//3629 11//3629 2//3629
f 2//3630 1//3630 10//3630
f 6//3631 9//3631 10//3631
f 10//3632 1//3632 6//3632
f 40//3633 44//3633 45//3633
f 45//3634 41//3634 40//3634
f 41//3635 9//3635 6//3635
f 6//3636 40//3636 41//3636
f 40//3637 42//3637 43//3637
f 43//3638 44//3638 40//3638
f 44//3639 43//3639 18//3639
f 18//3640 38//3640 44//3640
f 43//3641 22//3641 18//3641
f 5//3642 42//3642 40//3642
f 40//3643 6//3643 5//3643
f 31//3644 27//3644 32//3644
f 32//3645 33//3645 31//3645
f 27//3646 31//3646 25//3646
f 25//3647 26//3647 27//3647
f 28//3648 29//3648 30//3648
f 30//3649 39//3649 28//3649
f 20//3650 38//3650 21//3650
f 21//3651 38//3651 18//3651
f 34//3652 35//3652 36//3652
f 36//3653 37//3653 34//3653
f 35//3654 139//3654 140//3654
f 140//3655 36//3655 35//3655
f 135//3656 138//3656 133//3656
f 133//3657 134//3657 135//3657
f 136//3658 137//3658 135//3658
f 135//3659 134//3659 136//3659
f 142//3660 141//3660 143//3660
f 26//3661 125//3661 141//3661
f 141//3662 142//3662 26//3662
f 131//3663 124//3663 25//3663
f 25//3664 132//3664 131//3664
f 124//3665 125//3665 26//3665
f 26//3666 25//3666 124//3666
f 121//3667 123//3667 119//3667
f 119//3668 120//3668 121//3668
f 122//3669 121//3669 120//3669
f 130//3670 131//3670 132//3670
f 132//3671 126//3671 130//3671
f 123//3672 130//3672 126//3672
f 126//3673 119//3673 123//3673
f 127//3674 128//3674 129//3674
f 129//3675 120//3675 127//3675
f 128//3676 127//3676 157//3676
f 157//3677 158//3677 128//3677
f 154//3678 149//3678 155//3678
f 155//3679 156//3679 154//3679
f 155//3680 149//3680 151//3680
f 151//3681 159//3681 155//3681
f 149//3682 154//3682 147//3682
f 147//3683 146//3683 149//3683
f 155//3684 159//3684 156//3684
f 89//3685 148//3685 115//3685
f 149//3686 146//3686 150//3686
f 150//3687 151//3687 149//3687
f 148//3688 89//3688 88//3688
f 144//3689 145//3689 146//3689
f 146//3690 147//3690 144//3690
f 152//3691 78//3691 153//3691
f 146//3692 145//3692 152//3692
f 152//3693 150//3693 146//3693
f 116//3694 113//3694 86//3694
f 86//3695 92//3695 116//3695
f 90//3696 118//3696 88//3696
f 88//3697 89//3697 90//3697
f 87//3698 91//3698 81//3698
f 81//3699 79//3699 87//3699
f 85//3700 82//3700 81//3700
f 81//3701 86//3701 85//3701
f 93//3702 96//3702 97//3702
f 93//3703 97//3703 94//3703
f 93//3704 94//3704 95//3704
f 81//3705 91//3705 92//3705
f 92//3706 86//3706 81//3706
f 79//3707 81//3707 77//3707
f 77//3708 78//3708 79//3708
f 76//3709 80//3709 72//3709
f 72//3710 75//3710 76//3710
f 72//3711 73//3711 74//3711
f 74//3712 75//3712 72//3712
f 83//3713 82//3713 73//3713
f 73//3714 72//3714 83//3714
f 83//3715 77//3715 81//3715
f 81//3716 82//3716 83//3716
f 75//3717 74//3717 84//3717
f 84//3718 96//3718 75//3718
f 100//3719 113//3719 116//3719
f 116//3720 117//3720 100//3720
f 114//3721 90//3721 89//3721
f 89//3722 115//3722 114//3722
f 86//3723 113//3723 112//3723
f 112//3724 85//3724 86//3724
f 105//3725 104//3725 100//3725
f 100//3726 117//3726 105//3726
f 100//3727 99//3727 112//3727
f 112//3728 113//3728 100//3728
f 104//3729 105//3729 101//3729
f 101//3730 106//3730 104//3730
f 100//3731 104//3731 98//3731
f 98//3732 99//3732 100//3732
f 101//3733 102//3733 103//3733
f 103//3734 106//3734 101//3734
f 104//3735 106//3735 111//3735
f 111//3736 98//3736 104//3736
f 107//3737 108//3737 109//3737
f 109//3738 110//3738 107//3738
f 187//3739 111//3739 106//3739
f 106//3740 103//3740 187//3740
f 103//3741 102//3741 193//3741
f 193//3742 109//3742 103//3742
f 109//3743 193//3743 194//3743
f 194//3744 110//3744 109//3744
f 110//3745 194//3745 196//3745
f 196//3746 402//3746 110//3746
f 403//3747 402//3747 196//3747
f 196//3748 195//3748 403//3748
f 110//3749 402//3749 189//3749
f 189//3750 107//3750 110//3750
f 403//3751 190//3751 189//3751
f 189//3752 402//3752 403//3752
f 400//3753 401//3753 168//3753
f 168//3754 167//3754 400//3754
f 404//3755 405//3755 400//3755
f 400//3756 406//3756 404//3756
f 403//3757 401//3757 192//3757
f 192//3758 190//3758 403//3758
f 403//3759 195//3759 168//3759
f 168//3760 401//3760 403//3760
f 405//3761 192//3761 401//3761
f 401//3762 400//3762 405//3762
f 406//3763 400//3763 167//3763
f 167//3764 169//3764 406//3764
f 406//3765 169//3765 170//3765
f 170//3766 407//3766 406//3766
f 411//3767 392//3767 398//3767
f 399//3768 390//3768 410//3768
f 386//3769 390//3769 399//3769
f 399//3770 393//3770 386//3770
f 410//3771 398//3771 399//3771
f 392//3772 411//3772 409//3772
f 409//3773 253//3773 392//3773
f 406//3774 407//3774 408//3774
f 408//3775 404//3775 406//3775
f 166//3776 397//3776 407//3776
f 407//3777 170//3777 166//3777
f 407//3778 397//3778 254//3778
f 254//3779 408//3779 407//3779
f 160//3780 396//3780 397//3780
f 397//3781 166//3781 160//3781
f 397//3782 396//3782 252//3782
f 252//3783 254//3783 397//3783
f 252//3784 396//3784 394//3784
f 394//3785 395//3785 252//3785
f 395//3786 394//3786 389//3786
f 389//3787 391//3787 395//3787
f 163//3788 394//3788 396//3788
f 396//3789 160//3789 163//3789
f 389//3790 394//3790 163//3790
f 163//3791 171//3791 389//3791
f 385//3792 164//3792 390//3792
f 390//3793 386//3793 385//3793
f 164//3794 385//3794 389//3794
f 389//3795 171//3795 164//3795
f 385//3796 386//3796 387//3796
f 387//3797 388//3797 385//3797
f 386//3798 393//3798 392//3798
f 392//3799 387//3799 386//3799
f 387//3800 392//3800 253//3800
f 391//3801 389//3801 385//3801
f 385//3802 388//3802 391//3802
f 76//3803 75//3803 96//3803
f 96//3804 93//3804 76//3804
f 93//3805 95//3805 80//3805
f 80//3806 76//3806 93//3806
f 103//3807 109//3807 108//3807
f 108//3808 187//3808 103//3808
f 399//3809 398//3809 393//3809
f 398//3810 392//3810 393//3810
f 112//3811 84//3811 74//3811
f 74//3812 85//3812 112//3812
f 85//3813 74//3813 73//3813
f 73//3814 82//3814 85//3814
f 92//3815 90//3815 114//3815
f 114//3816 116//3816 92//3816
f 118//3817 90//3817 92//3817
f 92//3818 91//3818 118//3818
f 97//3819 184//3819 94//3819
f 95//3820 94//3820 184//3820
f 184//3821 186//3821 95//3821
f 197//3822 72//3822 80//3822
f 80//3823 188//3823 197//3823
f 188//3824 80//3824 95//3824
f 95//3825 186//3825 188//3825
f 412//3826 78//3826 77//3826
f 77//3827 413//3827 412//3827
f 153//3828 78//3828 412//3828
f 320//3829 83//3829 72//3829
f 72//3830 197//3830 320//3830
f 83//3831 320//3831 413//3831
f 413//3832 77//3832 83//3832
f 79//3833 78//3833 152//3833
f 152//3834 145//3834 79//3834
f 145//3835 144//3835 87//3835
f 87//3836 79//3836 145//3836
f 117//3837 116//3837 114//3837
f 2727//3838 2728//3838 117//3838
f 2727//3839 117//3839 114//3839
f 16//3840 14//3840 13//3840
f 13//3841 17//3841 16//3841
f 3//3842 8//3842 22//3842
f 22//3843 43//3843 3//3843
f 16//3844 22//3844 8//3844
f 8//3845 14//3845 16//3845
f 9//3846 41//3846 251//3846
f 251//3847 175//3847 9//3847
f 49//3848 2729//3848 2718//3848
f 2729//3849 49//3849 54//3849
f 408//3850 409//3850 411//3850
f 411//3851 404//3851 408//3851
f 410//3852 390//3852 164//3852
f 191//3853 410//3853 164//3853
f 191//3854 164//3854 165//3854
f 411//3855 398//3855 405//3855
f 405//3856 404//3856 411//3856
f 191//3857 192//3857 405//3857
f 410//3858 191//3858 405//3858
f 410//3859 405//3859 398//3859
f 97//3860 96//3860 84//3860
f 97//3861 84//3861 99//3861
f 98//3862 97//3862 99//3862
f 122//3863 130//3863 123//3863
f 123//3864 121//3864 122//3864
f 259//3865 29//3865 51//3865
f 51//3866 141//3866 259//3866
f 56//3867 30//3867 29//3867
f 70//3868 56//3868 29//3868
f 259//3869 70//3869 29//3869
f 2732//3870 2730//3870 2731//3870
f 2722//3871 2732//3871 2731//3871
f 53//3872 2722//3872 2731//3872
f 54//3873 2731//3873 2729//3873
f 2731//3874 54//3874 53//3874
f 87//3875 144//3875 118//3875
f 118//3876 91//3876 87//3876
f 88//3877 147//3877 154//3877
f 154//3878 156//3878 148//3878
f 88//3879 154//3879 148//3879
f 395//3880 391//3880 388//3880
f 252//3881 395//3881 388//3881
f 253//3882 252//3882 388//3882
f 387//3883 253//3883 388//3883
f 409//3884 408//3884 254//3884
f 254//3885 253//3885 409//3885
f 255//3886 242//3886 158//3886
f 158//3887 240//3887 244//3887
f 255//3888 158//3888 244//3888
f 256//3889 255//3889 244//3889
f 122//3890 129//3890 247//3890
f 2733//3891 133//3891 138//3891
f 133//3892 2733//3892 2713//3892
f 138//3893 250//3893 2733//3893
f 2734//3894 2733//3894 250//3894
f 250//3895 62//3895 61//3895
f 2715//3896 2735//3896 2736//3896
f 2715//3897 2736//3897 47//3897
f 250//3898 47//3898 2734//3898
f 2736//3899 2734//3899 47//3899
f 2673//3900 71//3900 259//3900
f 261//3901 2689//3901 2673//3901
f 261//3902 2673//3902 259//3902
f 71//3903 2673//3903 2672//3903
f 71//3904 70//3904 259//3904
f 2737//3905 2705//3905 194//3905
f 196//3906 194//3906 2705//3906
f 2740//3907 2738//3907 2739//3907
f 2740//3908 2739//3908 2701//3908
f 2740//3909 2701//3909 170//3909
f 2704//3910 2740//3910 169//3910
f 170//3911 169//3911 2740//3911
f 2742//3912 2743//3912 2737//3912
f 2707//3913 2742//3913 2737//3913
f 194//3914 2707//3914 2737//3914
f 2741//3915 2737//3915 2743//3915
f 101//3916 105//3916 117//3916
f 101//3917 2728//3917 2744//3917
f 2728//3918 101//3918 117//3918
f 102//3919 2744//3919 2709//3919
f 2744//3920 102//3920 101//3920
f 115//3921 148//3921 156//3921
f 159//3922 151//3922 2661//3922
f 2659//3923 2661//3923 151//3923
f 156//3924 159//3924 2662//3924
f 2661//3925 2662//3925 159//3925
f 2745//3926 2746//3926 156//3926
f 2745//3927 156//3927 2652//3927
f 2745//3928 2652//3928 2651//3928
f 2662//3929 2652//3929 156//3929
f 2746//3930 2747//3930 115//3930
f 2746//3931 115//3931 156//3931
f 2747//3932 2748//3932 114//3932
f 2747//3933 114//3933 115//3933
f 2748//3934 2727//3934 114//3934
f 153//3935 412//3935 413//3935
f 413//3936 320//3936 153//3936
f 2660//3937 2659//3937 150//3937
f 2667//3938 2660//3938 150//3938
f 151//3939 150//3939 2659//3939
f 320//3940 197//3940 198//3940
f 198//3941 153//3941 320//3941
f 2663//3942 2666//3942 153//3942
f 198//3943 2663//3943 153//3943
f 2665//3944 2667//3944 153//3944
f 2666//3945 2665//3945 153//3945
f 150//3946 153//3946 2667//3946
f 247//3947 2680//3947 2681//3947
f 247//3948 2681//3948 2684//3948
f 2680//3949 247//3949 246//3949
f 2677//3950 246//3950 258//3950
f 246//3951 2677//3951 2678//3951
f 246//3952 2678//3952 2680//3952
f 249//3953 2712//3953 2749//3953
f 244//3954 249//3954 2749//3954
f 244//3955 2749//3955 2750//3955
f 256//3956 244//3956 2750//3956
f 258//3957 2679//3957 2677//3957
f 2679//3958 258//3958 256//3958
f 256//3959 2750//3959 2745//3959
f 2668//3960 256//3960 2745//3960
f 2651//3961 2668//3961 2745//3961
f 256//3962 2668//3962 2679//3962
f 247//3963 2684//3963 2682//3963
f 247//3964 2682//3964 182//3964
f 182//3965 122//3965 247//3965
f 261//3966 124//3966 131//3966
f 131//3967 182//3967 261//3967
f 2751//3968 24//3968 23//3968
f 24//3969 2751//3969 2723//3969
f 2692//3970 23//3970 11//3970
f 23//3971 2692//3971 2751//3971
f 68//3972 21//3972 17//3972
f 17//3973 13//3973 68//3973
f 21//3974 68//3974 67//3974
f 67//3975 19//3975 21//3975
f 67//3976 71//3976 260//3976
f 260//3977 19//3977 67//3977
f 330//3978 324//3978 175//3978
f 175//3979 251//3979 330//3979
f 174//3980 330//3980 251//3980
f 251//3981 260//3981 174//3981
f 261//3982 2670//3982 2669//3982
f 2690//3983 174//3983 260//3983
f 261//3984 181//3984 2670//3984
f 261//3985 182//3985 331//3985
f 332//3986 182//3986 208//3986
f 323//3987 177//3987 191//3987
f 191//3988 165//3988 323//3988
f 321//3989 323//3989 165//3989
f 165//3990 162//3990 321//3990
f 322//3991 185//3991 226//3991
f 162//3992 161//3992 328//3992
f 328//3993 321//3993 162//3993
f 326//3994 327//3994 198//3994
f 324//3995 325//3995 183//3995
f 183//3996 175//3996 324//3996
f 285//3997 299//3997 284//3997
f 284//3998 276//3998 285//3998
f 280//3999 286//3999 283//3999
f 283//4000 281//4000 280//4000
f 279//4001 280//4001 281//4001
f 281//4002 282//4002 279//4002
f 288//4003 279//4003 282//4003
f 282//4004 285//4004 288//4004
f 287//4005 288//4005 285//4005
f 285//4006 276//4006 287//4006
f 278//4007 287//4007 276//4007
f 276//4008 277//4008 278//4008
f 269//4009 270//4009 271//4009
f 268//4010 272//4010 264//4010
f 263//4011 268//4011 264//4011
f 262//4012 263//4012 264//4012
f 265//4013 266//4013 267//4013
f 266//4014 275//4014 2752//4014
f 2753//4015 2752//4015 275//4015
f 2755//4016 2754//4016 266//4016
f 2756//4017 2755//4017 266//4017
f 2757//4018 2756//4018 266//4018
f 2752//4019 2757//4019 266//4019
f 2758//4020 266//4020 2754//4020
f 2759//4021 274//4021 2760//4021
f 2761//4022 2760//4022 274//4022
f 2762//4023 2761//4023 274//4023
f 273//4024 2762//4024 274//4024
f 2762//4025 273//4025 2763//4025
f 2767//4026 2764//4026 2765//4026
f 2766//4027 2767//4027 2765//4027
f 2766//4028 2765//4028 310//4028
f 306//4029 309//4029 305//4029
f 306//4030 2768//4030 2769//4030
f 306//4031 2769//4031 2770//4031
f 306//4032 2770//4032 2771//4032
f 2768//4033 306//4033 305//4033
f 2772//4034 307//4034 308//4034
f 307//4035 2772//4035 2773//4035
f 316//4036 317//4036 283//4036
f 318//4037 319//4037 281//4037
f 312//4038 315//4038 313//4038
f 311//4039 312//4039 313//4039
f 314//4040 311//4040 313//4040
f 297//4041 304//4041 295//4041
f 295//4042 296//4042 297//4042
f 285//4043 282//4043 291//4043
f 290//4044 285//4044 291//4044
f 289//4045 290//4045 291//4045
f 292//4046 293//4046 294//4046
f 301//4047 302//4047 300//4047
f 300//4048 303//4048 301//4048
f 299//4049 285//4049 290//4049
f 298//4050 299//4050 290//4050
f 300//4051 298//4051 290//4051
f 293//4052 292//4052 359//4052
f 359//4053 302//4053 301//4053
f 293//4054 359//4054 301//4054
f 370//4055 267//4055 371//4055
f 371//4056 363//4056 370//4056
f 371//4057 372//4057 364//4057
f 364//4058 363//4058 371//4058
f 363//4059 361//4059 360//4059
f 360//4060 370//4060 363//4060
f 371//4061 267//4061 372//4061
f 342//4062 266//4062 265//4062
f 363//4063 364//4063 365//4063
f 365//4064 361//4064 363//4064
f 265//4065 262//4065 342//4065
f 263//4066 360//4066 361//4066
f 361//4067 362//4067 263//4067
f 367//4068 368//4068 369//4068
f 361//4069 365//4069 367//4069
f 367//4070 362//4070 361//4070
f 344//4071 366//4071 348//4071
f 348//4072 345//4072 344//4072
f 343//4073 342//4073 262//4073
f 262//4074 264//4074 343//4074
f 268//4075 376//4075 378//4075
f 378//4076 272//4076 268//4076
f 349//4077 348//4077 378//4077
f 378//4078 380//4078 349//4078
f 382//4079 384//4079 383//4079
f 382//4080 383//4080 302//4080
f 382//4081 302//4081 359//4081
f 378//4082 348//4082 366//4082
f 366//4083 272//4083 378//4083
f 376//4084 369//4084 377//4084
f 377//4085 378//4085 376//4085
f 375//4086 347//4086 373//4086
f 373//4087 374//4087 375//4087
f 373//4088 347//4088 346//4088
f 346//4089 381//4089 373//4089
f 379//4090 373//4090 381//4090
f 381//4091 380//4091 379//4091
f 379//4092 380//4092 378//4092
f 378//4093 377//4093 379//4093
f 347//4094 359//4094 292//4094
f 292//4095 346//4095 347//4095
f 334//4096 274//4096 344//4096
f 344//4097 345//4097 334//4097
f 275//4098 266//4098 342//4098
f 342//4099 343//4099 275//4099
f 348//4100 349//4100 294//4100
f 294//4101 345//4101 348//4101
f 337//4102 274//4102 334//4102
f 334//4103 333//4103 337//4103
f 334//4104 345//4104 294//4104
f 294//4105 293//4105 334//4105
f 333//4106 335//4106 273//4106
f 273//4107 337//4107 333//4107
f 334//4108 293//4108 301//4108
f 301//4109 333//4109 334//4109
f 273//4110 335//4110 336//4110
f 273//4111 336//4111 2763//4111
f 2774//4112 2763//4112 336//4112
f 2775//4113 2774//4113 336//4113
f 333//4114 301//4114 303//4114
f 303//4115 335//4115 333//4115
f 338//4116 339//4116 340//4116
f 340//4117 341//4117 338//4117
f 356//4118 336//4118 335//4118
f 335//4119 303//4119 356//4119
f 2776//4120 2777//4120 340//4120
f 336//4121 340//4121 2777//4121
f 2777//4122 2778//4122 2775//4122
f 2777//4123 2775//4123 336//4123
f 340//4124 339//4124 310//4124
f 2780//4125 2776//4125 340//4125
f 2779//4126 2780//4126 340//4126
f 2765//4127 2779//4127 340//4127
f 310//4128 2765//4128 340//4128
f 339//4129 353//4129 358//4129
f 358//4130 310//4130 339//4130
f 352//4131 357//4131 358//4131
f 358//4132 353//4132 352//4132
f 339//4133 338//4133 289//4133
f 289//4134 353//4134 339//4134
f 352//4135 353//4135 289//4135
f 289//4136 291//4136 352//4136
f 350//4137 309//4137 306//4137
f 306//4138 351//4138 350//4138
f 354//4139 355//4139 350//4139
f 350//4140 296//4140 354//4140
f 352//4141 291//4141 297//4141
f 297//4142 351//4142 352//4142
f 352//4143 351//4143 306//4143
f 306//4144 357//4144 352//4144
f 296//4145 350//4145 351//4145
f 351//4146 297//4146 296//4146
f 355//4147 305//4147 309//4147
f 309//4148 350//4148 355//4148
f 355//4149 1404//4149 307//4149
f 307//4150 305//4150 355//4150
f 1394//4151 295//4151 1392//4151
f 1393//4152 304//4152 319//4152
f 1407//4153 1391//4153 1393//4153
f 1393//4154 319//4154 1407//4154
f 304//4155 1393//4155 295//4155
f 1392//4156 1396//4156 1398//4156
f 1398//4157 1394//4157 1392//4157
f 355//4158 354//4158 1397//4158
f 1397//4159 1404//4159 355//4159
f 308//4160 307//4160 1404//4160
f 1404//4161 1405//4161 308//4161
f 1404//4162 1397//4162 1395//4162
f 1395//4163 1405//4163 1404//4163
f 1406//4164 308//4164 1405//4164
f 1405//4165 1409//4165 1406//4165
f 1405//4166 1395//4166 314//4166
f 314//4167 1409//4167 1405//4167
f 314//4168 313//4168 1408//4168
f 1408//4169 1409//4169 314//4169
f 313//4170 315//4170 1403//4170
f 1403//4171 1408//4171 313//4171
f 316//4172 1406//4172 1409//4172
f 1409//4173 1408//4173 316//4173
f 1403//4174 317//4174 316//4174
f 316//4175 1408//4175 1403//4175
f 1402//4176 1407//4176 319//4176
f 319//4177 318//4177 1402//4177
f 318//4178 317//4178 1403//4178
f 1403//4179 1402//4179 318//4179
f 1402//4180 312//4180 311//4180
f 311//4181 1407//4181 1402//4181
f 1407//4182 311//4182 1392//4182
f 1392//4183 1391//4183 1407//4183
f 311//4184 1396//4184 1392//4184
f 315//4185 312//4185 1402//4185
f 1402//4186 1403//4186 315//4186
f 375//4187 382//4187 359//4187
f 359//4188 347//4188 375//4188
f 382//4189 375//4189 374//4189
f 374//4190 384//4190 382//4190
f 336//4191 356//4191 341//4191
f 341//4192 340//4192 336//4192
f 1393//4193 1391//4193 295//4193
f 295//4194 1391//4194 1392//4194
f 294//4195 349//4195 346//4195
f 346//4196 292//4196 294//4196
f 349//4197 380//4197 381//4197
f 381//4198 346//4198 349//4198
f 366//4199 344//4199 275//4199
f 275//4200 343//4200 366//4200
f 264//4201 272//4201 366//4201
f 366//4202 343//4202 264//4202
f 383//4203 300//4203 302//4203
f 384//4204 298//4204 300//4204
f 300//4205 383//4205 384//4205
f 284//4206 299//4206 374//4206
f 374//4207 373//4207 284//4207
f 299//4208 298//4208 384//4208
f 384//4209 374//4209 299//4209
f 1399//4210 1400//4210 377//4210
f 377//4211 369//4211 1399//4211
f 368//4212 1399//4212 369//4212
f 1401//4213 284//4213 373//4213
f 373//4214 379//4214 1401//4214
f 1400//4215 1401//4215 379//4215
f 379//4216 377//4216 1400//4216
f 376//4217 362//4217 367//4217
f 367//4218 369//4218 376//4218
f 362//4219 376//4219 268//4219
f 268//4220 263//4220 362//4220
f 296//4221 295//4221 1394//4221
f 1394//4222 354//4222 296//4222
f 314//4223 1395//4223 1396//4223
f 1396//4224 311//4224 314//4224
f 1398//4225 1396//4225 1395//4225
f 1395//4226 1397//4226 1398//4226
f 317//4227 318//4227 281//4227
f 281//4228 283//4228 317//4228
f 2781//4229 2766//4229 310//4229
f 2781//4230 310//4230 358//4230
f 368//4231 1401//4231 1400//4231
f 1400//4232 1399//4232 368//4232
f 290//4233 356//4233 303//4233
f 303//4234 300//4234 290//4234
f 338//4235 341//4235 356//4235
f 289//4236 338//4236 356//4236
f 290//4237 289//4237 356//4237
f 2784//4238 2783//4238 2785//4238
f 2783//4239 2784//4239 2782//4239
f 357//4240 2785//4240 2783//4240
f 2783//4241 2781//4241 358//4241
f 2783//4242 358//4242 357//4242
f 276//4243 368//4243 367//4243
f 277//4244 276//4244 367//4244
f 365//4245 277//4245 367//4245
f 368//4246 276//4246 1401//4246
f 276//4247 284//4247 1401//4247
f 370//4248 262//4248 265//4248
f 265//4249 267//4249 370//4249
f 263//4250 262//4250 370//4250
f 370//4251 360//4251 263//4251
f 2758//4252 267//4252 266//4252
f 267//4253 2758//4253 2786//4253
f 2788//4254 2787//4254 344//4254
f 344//4255 2753//4255 275//4255
f 2753//4256 344//4256 2787//4256
f 2789//4257 2788//4257 344//4257
f 2759//4258 2789//4258 344//4258
f 274//4259 2759//4259 344//4259
f 273//4260 274//4260 337//4260
f 357//4261 2771//4261 2785//4261
f 2771//4262 357//4262 306//4262
f 307//4263 2773//4263 2790//4263
f 305//4264 2790//4264 2768//4264
f 2790//4265 305//4265 307//4265
f 308//4266 2791//4266 2772//4266
f 2791//4267 308//4267 1406//4267
f 354//4268 1394//4268 1398//4268
f 1398//4269 1397//4269 354//4269
f 304//4270 297//4270 291//4270
f 291//4271 282//4271 281//4271
f 304//4272 291//4272 281//4272
f 304//4273 281//4273 319//4273
f 364//4274 372//4274 277//4274
f 277//4275 365//4275 364//4275
f 277//4276 2792//4276 269//4276
f 2792//4277 277//4277 2793//4277
f 2786//4278 2793//4278 277//4278
f 267//4279 2786//4279 277//4279
f 277//4280 372//4280 267//4280
f 2699//4281 283//4281 161//4281
f 283//4282 2699//4282 2794//4282
f 2797//4283 2795//4283 2791//4283
f 2796//4284 2797//4284 2791//4284
f 1406//4285 2796//4285 2791//4285
f 2794//4286 2796//4286 1406//4286
f 2794//4287 1406//4287 283//4287
f 283//4288 1406//4288 316//4288
f 1413//4289 1414//4289 2650//4289
f 2798//4290 2646//4290 2647//4290
f 2798//4291 2647//4291 2650//4291
f 2798//4292 2650//4292 1414//4292
f 269//4293 1414//4293 1413//4293
f 1413//4294 270//4294 269//4294
f 286//4295 328//4295 161//4295
f 161//4296 283//4296 286//4296
f 1415//4297 659//4297 672//4297
f 1417//4298 659//4298 1415//4298
f 1415//4299 1416//4299 1417//4299
f 1412//4300 1418//4300 1366//4300
f 1366//4301 1369//4301 1412//4301
f 1411//4302 1412//4302 1369//4302
f 1369//4303 1410//4303 1411//4303
f 1410//4304 1390//4304 1389//4304
f 2799//4305 2800//4305 1375//4305
f 1376//4306 1375//4306 2800//4306
f 2800//4307 2803//4307 2801//4307
f 2800//4308 2801//4308 2802//4308
f 2800//4309 2802//4309 1376//4309
f 2804//4310 2799//4310 1375//4310
f 2805//4311 2804//4311 1375//4311
f 1375//4312 1304//4312 2805//4312
f 2806//4313 2805//4313 1304//4313
f 2807//4314 2806//4314 1304//4314
f 1295//4315 2808//4315 2809//4315
f 1306//4316 1295//4316 2809//4316
f 1303//4317 2809//4317 2810//4317
f 2809//4318 1303//4318 1306//4318
f 2811//4319 2812//4319 2813//4319
f 2811//4320 2813//4320 2808//4320
f 1286//4321 2811//4321 2808//4321
f 1295//4322 1286//4322 2808//4322
f 1295//4323 1300//4323 1287//4323
f 1286//4324 1295//4324 1287//4324
f 2816//4325 2814//4325 2815//4325
f 1286//4326 2816//4326 2815//4326
f 1292//4327 1291//4327 1294//4327
f 2820//4328 2819//4328 1294//4328
f 2817//4329 1294//4329 2819//4329
f 2818//4330 1294//4330 2817//4330
f 1292//4331 1294//4331 2818//4331
f 1339//4332 1338//4332 1315//4332
f 1315//4333 1314//4333 1339//4333
f 1361//4334 1359//4334 1341//4334
f 1341//4335 1360//4335 1361//4335
f 1357//4336 1355//4336 1416//4336
f 1416//4337 1355//4337 1419//4337
f 1288//4338 1293//4338 1345//4338
f 1276//4339 1285//4339 1419//4339
f 1419//4340 1277//4340 1276//4340
f 1282//4341 1310//4341 1419//4341
f 1419//4342 1285//4342 1282//4342
f 1378//4343 1385//4343 1379//4343
f 1337//4344 1333//4344 1334//4344
f 1334//4345 1336//4345 1337//4345
f 1334//4346 1333//4346 1342//4346
f 1342//4347 1335//4347 1334//4347
f 1333//4348 1337//4348 1338//4348
f 1338//4349 1321//4349 1333//4349
f 1334//4350 1335//4350 1336//4350
f 1316//4351 1331//4351 1332//4351
f 1333//4352 1321//4352 1320//4352
f 1320//4353 1342//4353 1333//4353
f 1331//4354 1316//4354 1315//4354
f 1339//4355 1330//4355 1321//4355
f 1321//4356 1338//4356 1339//4356
f 1319//4357 1340//4357 1341//4357
f 1321//4358 1330//4358 1319//4358
f 1319//4359 1320//4359 1321//4359
f 1318//4360 1289//4360 1312//4360
f 1312//4361 1317//4361 1318//4361
f 1313//4362 1314//4362 1315//4362
f 1315//4363 1316//4363 1313//4363
f 1327//4364 1328//4364 1322//4364
f 1322//4365 1329//4365 1327//4365
f 1311//4366 1326//4366 1322//4366
f 1322//4367 1312//4367 1311//4367
f 1323//4368 1324//4368 1325//4368
f 1323//4369 1325//4369 1351//4369
f 1323//4370 1351//4370 1352//4370
f 1322//4371 1328//4371 1317//4371
f 1317//4372 1312//4372 1322//4372
f 1329//4373 1322//4373 1349//4373
f 1349//4374 1340//4374 1329//4374
f 1353//4375 1354//4375 1348//4375
f 1348//4376 1343//4376 1353//4376
f 1348//4377 1347//4377 1344//4377
f 1344//4378 1343//4378 1348//4378
f 1346//4379 1326//4379 1347//4379
f 1347//4380 1348//4380 1346//4380
f 1346//4381 1349//4381 1322//4381
f 1322//4382 1326//4382 1346//4382
f 1343//4383 1344//4383 1345//4383
f 1345//4384 1324//4384 1343//4384
f 1290//4385 1289//4385 1318//4385
f 1318//4386 1294//4386 1290//4386
f 1350//4387 1313//4387 1316//4387
f 1316//4388 1332//4388 1350//4388
f 1312//4389 1289//4389 1288//4389
f 1288//4390 1311//4390 1312//4390
f 1291//4391 1284//4391 1290//4391
f 1290//4392 1294//4392 1291//4392
f 1290//4393 1293//4393 1288//4393
f 1288//4394 1289//4394 1290//4394
f 1284//4395 1291//4395 1292//4395
f 1292//4396 1278//4396 1284//4396
f 1290//4397 1284//4397 1283//4397
f 1283//4398 1293//4398 1290//4398
f 1279//4399 2821//4399 2822//4399
f 2821//4400 1279//4400 1292//4400
f 1279//4401 1278//4401 1292//4401
f 1284//4402 1278//4402 1277//4402
f 1277//4403 1283//4403 1284//4403
f 1282//4404 1285//4404 1280//4404
f 1280//4405 1281//4405 1282//4405
f 1276//4406 1277//4406 1278//4406
f 1278//4407 1279//4407 1276//4407
f 2823//4408 2824//4408 2825//4408
f 1279//4409 2822//4409 2823//4409
f 1279//4410 2823//4410 2825//4410
f 1280//4411 2825//4411 2826//4411
f 2825//4412 1280//4412 1279//4412
f 2827//4413 1280//4413 2826//4413
f 2816//4414 1280//4414 2827//4414
f 1286//4415 1280//4415 2816//4415
f 1286//4416 1281//4416 1280//4416
f 1281//4417 1286//4417 1287//4417
f 1287//4418 1309//4418 1281//4418
f 1297//4419 1309//4419 1287//4419
f 1287//4420 1300//4420 1297//4420
f 1281//4421 1309//4421 1310//4421
f 1310//4422 1282//4422 1281//4422
f 1297//4423 1301//4423 1310//4423
f 1310//4424 1309//4424 1297//4424
f 1307//4425 1296//4425 1295//4425
f 1295//4426 1306//4426 1307//4426
f 1308//4427 1298//4427 1307//4427
f 1307//4428 1302//4428 1308//4428
f 1297//4429 1296//4429 1299//4429
f 1299//4430 1301//4430 1297//4430
f 1297//4431 1300//4431 1295//4431
f 1295//4432 1296//4432 1297//4432
f 1298//4433 1299//4433 1296//4433
f 1296//4434 1307//4434 1298//4434
f 1302//4435 1307//4435 1306//4435
f 1306//4436 1303//4436 1302//4436
f 1302//4437 1303//4437 1304//4437
f 1304//4438 1305//4438 1302//4438
f 1367//4439 1363//4439 1362//4439
f 1373//4440 1370//4440 1365//4440
f 1384//4441 1370//4441 1373//4441
f 1373//4442 1364//4442 1384//4442
f 1365//4443 1362//4443 1373//4443
f 1363//4444 1367//4444 1372//4444
f 1372//4445 1385//4445 1363//4445
f 1302//4446 1305//4446 1368//4446
f 1368//4447 1308//4447 1302//4447
f 1375//4448 1374//4448 1305//4448
f 1305//4449 1304//4449 1375//4449
f 1305//4450 1374//4450 1379//4450
f 1379//4451 1368//4451 1305//4451
f 1376//4452 1377//4452 1374//4452
f 1374//4453 1375//4453 1376//4453
f 1374//4454 1377//4454 1378//4454
f 1378//4455 1379//4455 1374//4455
f 1378//4456 1377//4456 1381//4456
f 1381//4457 1380//4457 1378//4457
f 1380//4458 1381//4458 1382//4458
f 1382//4459 1383//4459 1380//4459
f 1389//4460 1381//4460 1377//4460
f 1377//4461 1376//4461 1389//4461
f 1382//4462 1381//4462 1389//4462
f 1389//4463 1390//4463 1382//4463
f 1386//4464 1371//4464 1370//4464
f 1370//4465 1384//4465 1386//4465
f 1371//4466 1386//4466 1382//4466
f 1382//4467 1390//4467 1371//4467
f 1386//4468 1384//4468 1388//4468
f 1388//4469 1387//4469 1386//4469
f 1384//4470 1364//4470 1363//4470
f 1363//4471 1388//4471 1384//4471
f 1388//4472 1363//4472 1385//4472
f 1383//4473 1382//4473 1386//4473
f 1386//4474 1387//4474 1383//4474
f 1353//4475 1343//4475 1324//4475
f 1324//4476 1323//4476 1353//4476
f 1323//4477 1352//4477 1354//4477
f 1354//4478 1353//4478 1323//4478
f 1279//4479 1280//4479 1285//4479
f 1285//4480 1276//4480 1279//4480
f 1373//4481 1362//4481 1364//4481
f 1362//4482 1363//4482 1364//4482
f 1288//4483 1345//4483 1344//4483
f 1344//4484 1311//4484 1288//4484
f 1311//4485 1344//4485 1347//4485
f 1347//4486 1326//4486 1311//4486
f 1317//4487 1313//4487 1350//4487
f 1350//4488 1318//4488 1317//4488
f 1314//4489 1313//4489 1317//4489
f 1317//4490 1328//4490 1314//4490
f 1325//4491 1358//4491 1351//4491
f 1352//4492 1351//4492 1358//4492
f 1358//4493 1356//4493 1352//4493
f 1357//4494 1348//4494 1354//4494
f 1354//4495 1355//4495 1357//4495
f 1355//4496 1354//4496 1352//4496
f 1352//4497 1356//4497 1355//4497
f 1360//4498 1340//4498 1349//4498
f 1349//4499 1361//4499 1360//4499
f 1341//4500 1340//4500 1360//4500
f 1359//4501 1346//4501 1348//4501
f 1348//4502 1357//4502 1359//4502
f 1361//4503 1349//4503 1346//4503
f 1346//4504 1359//4504 1361//4504
f 1329//4505 1340//4505 1319//4505
f 1319//4506 1330//4506 1329//4506
f 1330//4507 1339//4507 1327//4507
f 1327//4508 1329//4508 1330//4508
f 1331//4509 1336//4509 1332//4509
f 1368//4510 1372//4510 1367//4510
f 1367//4511 1308//4511 1368//4511
f 1369//4512 1370//4512 1371//4512
f 1367//4513 1362//4513 1298//4513
f 1298//4514 1308//4514 1367//4514
f 1366//4515 1299//4515 1298//4515
f 1365//4516 1366//4516 1298//4516
f 1365//4517 1298//4517 1362//4517
f 1325//4518 1324//4518 1345//4518
f 1325//4519 1345//4519 1293//4519
f 1283//4520 1325//4520 1293//4520
f 1327//4521 1339//4521 1314//4521
f 1314//4522 1328//4522 1327//4522
f 1315//4523 1338//4523 1337//4523
f 1337//4524 1331//4524 1315//4524
f 1380//4525 1383//4525 1387//4525
f 1378//4526 1380//4526 1387//4526
f 1385//4527 1378//4527 1387//4527
f 1388//4528 1385//4528 1387//4528
f 1372//4529 1368//4529 1379//4529
f 1379//4530 1385//4530 1372//4530
f 1331//4531 1337//4531 1336//4531
f 1336//4532 2828//4532 2829//4532
f 2829//4533 1332//4533 1336//4533
f 2818//4534 2821//4534 1292//4534
f 1286//4535 2815//4535 2811//4535
f 1303//4536 2810//4536 2830//4536
f 1304//4537 1303//4537 2830//4537
f 2807//4538 2830//4538 2832//4538
f 2831//4539 2832//4539 2830//4539
f 2830//4540 2807//4540 1304//4540
f 2802//4541 2693//4541 1376//4541
f 183//4542 1376//4542 2693//4542
f 183//4543 1410//4543 1389//4543
f 1376//4544 183//4544 1389//4544
f 1371//4545 1390//4545 1410//4545
f 1410//4546 1369//4546 1371//4546
f 1365//4547 1370//4547 1369//4547
f 1369//4548 1366//4548 1365//4548
f 1366//4549 1419//4549 1301//4549
f 1301//4550 1299//4550 1366//4550
f 1301//4551 1419//4551 1310//4551
f 2836//4552 2835//4552 1498//4552
f 2833//4553 1498//4553 2835//4553
f 2834//4554 1498//4554 2833//4554
f 1498//4555 2837//4555 2836//4555
f 1341//4556 1320//4556 1319//4556
f 1357//4557 1416//4557 1415//4557
f 1359//4558 1357//4558 1415//4558
f 1341//4559 1359//4559 1415//4559
f 1415//4560 1342//4560 1320//4560
f 1341//4561 1415//4561 1320//4561
f 2839//4562 1350//4562 2838//4562
f 2840//4563 1350//4563 2839//4563
f 2820//4564 1350//4564 2840//4564
f 1294//4565 1350//4565 2820//4565
f 1294//4566 1318//4566 1350//4566
f 2843//4567 1332//4567 2845//4567
f 2841//4568 1332//4568 2843//4568
f 2842//4569 1332//4569 2841//4569
f 2844//4570 1332//4570 2842//4570
f 2829//4571 2845//4571 1332//4571
f 1332//4572 2844//4572 1350//4572
f 2838//4573 1350//4573 2844//4573
f 1335//4574 2846//4574 2828//4574
f 2828//4575 1336//4575 1335//4575
f 1335//4576 1342//4576 1415//4576
f 2846//4577 1415//4577 2847//4577
f 1335//4578 1415//4578 2846//4578
f 1277//4579 1358//4579 1325//4579
f 1325//4580 1283//4580 1277//4580
f 1356//4581 1358//4581 1419//4581
f 1419//4582 1355//4582 1356//4582
f 1419//4583 1358//4583 1277//4583
f 1418//4584 1501//4584 1419//4584
f 1419//4585 1366//4585 1418//4585
f 1410//4586 183//4586 325//4586
f 325//4587 1411//4587 1410//4587
f 1416//4588 1419//4588 1501//4588
f 1501//4589 1417//4589 1416//4589
f 2848//4590 1499//4590 2834//4590
f 2849//4591 1499//4591 2848//4591
f 1498//4592 2834//4592 1499//4592
f 2649//4593 2648//4593 2850//4593
f 1500//4594 2649//4594 2850//4594
f 1500//4595 2850//4595 2837//4595
f 1498//4596 1500//4596 2837//4596
f 671//4597 1500//4597 1498//4597
f 1498//4598 1499//4598 671//4598
f 1415//4599 1499//4599 2849//4599
f 2849//4600 2847//4600 1415//4600
f 2851//4601 2853//4601 1414//4601
f 2852//4602 2851//4602 1414//4602
f 1414//4603 2854//4603 2798//4603
f 2854//4604 1414//4604 2853//4604
f 1414//4605 269//4605 2852//4605
f 2855//4606 2852//4606 269//4606
f 2792//4607 2855//4607 269//4607
f 185//4608 322//4608 326//4608
f 2664//4609 327//4609 329//4609
f 2663//4610 198//4610 2664//4610
f 327//4611 2664//4611 198//4611
f 271//4612 277//4612 269//4612
f 271//4613 278//4613 277//4613
f 672//4614 1499//4614 1415//4614
f 672//4615 671//4615 1499//4615
f 182//4616 332//4616 331//4616
f 198//4617 185//4617 326//4617
f 331//4618 1502//4618 261//4618
f 182//4619 2683//4619 208//4619
f 182//4620 2682//4620 2683//4620
f 177//4621 2687//4621 191//4621
f 2688//4622 191//4622 2687//4622
f 226//4623 185//4623 2653//4623
f 261//4624 1502//4624 181//4624
f 1112//4625 1082//4625 958//4625
f 958//4626 1182//4626 1112//4626
f 1140//4627 1181//4627 1184//4627
f 1184//4628 969//4628 1140//4628
f 1156//4629 1174//4629 1173//4629
f 1173//4630 978//4630 1156//4630
f 1178//4631 1089//4631 962//4631
f 962//4632 1176//4632 1178//4632
f 899//4633 1167//4633 1166//4633
f 1166//4634 903//4634 899//4634
f 1130//4635 1112//4635 1182//4635
f 1182//4636 970//4636 1130//4636
f 1495//4637 1115//4637 1111//4637
f 1139//4638 1444//4638 1441//4638
f 1136//4639 1443//4639 1448//4639
f 1427//4640 1426//4640 1129//4640
f 1129//4641 1127//4641 1427//4641
f 1422//4642 1421//4642 1122//4642
f 1122//4643 1147//4643 1422//4643
f 1105//4644 1123//4644 1424//4644
f 1424//4645 1429//4645 1105//4645
f 1010//4646 1125//4646 1438//4646
f 1438//4647 1433//4647 1010//4647
f 987//4648 1143//4648 953//4648
f 1009//4649 1504//4649 990//4649
f 1506//4650 1505//4650 1508//4650
f 1508//4651 1509//4651 1506//4651
f 987//4652 1489//4652 1488//4652
f 1488//4653 1143//4653 987//4653
f 1093//4654 1458//4654 1462//4654
f 1453//4655 1154//4655 1153//4655
f 1153//4656 1462//4656 1453//4656
f 1456//4657 1120//4657 1118//4657
f 1472//4658 1087//4658 1141//4658
f 1138//4659 1088//4659 1464//4659
f 937//4660 939//4660 1097//4660
f 1483//4661 1504//4661 1481//4661
f 1436//4662 1009//4662 1434//4662
f 1009//4663 1010//4663 1430//4663
f 1430//4664 1434//4664 1009//4664
f 1481//4665 1504//4665 1009//4665
f 1009//4666 1436//4666 1481//4666
f 1504//4667 1483//4667 1485//4667
f 1485//4668 1503//4668 1504//4668
f 1503//4669 1485//4669 1474//4669
f 1474//4670 1505//4670 1503//4670
f 1508//4671 1505//4671 1474//4671
f 1474//4672 1478//4672 1508//4672
f 1508//4673 1478//4673 1480//4673
f 1480//4674 1509//4674 1508//4674
f 1509//4675 1480//4675 1492//4675
f 1506//4676 1509//4676 1492//4676
f 1492//4677 1494//4677 1506//4677
f 1506//4678 1494//4678 1489//4678
f 1489//4679 987//4679 1506//4679
f 1505//4680 1506//4680 1503//4680
f 1503//4681 1506//4681 987//4681
f 1503//4682 987//4682 990//4682
f 1503//4683 990//4683 1504//4683
f 1010//4684 1433//4684 1430//4684
f 1438//4685 1105//4685 1429//4685
f 1424//4686 1122//4686 1421//4686
f 1422//4687 1147//4687 1146//4687
f 1146//4688 1428//4688 1422//4688
f 1133//4689 1449//4689 1447//4689
f 1449//4690 1136//4690 1448//4690
f 1442//4691 1085//4691 1084//4691
f 1084//4692 1440//4692 1442//4692
f 1180//4693 1159//4693 1157//4693
f 1157//4694 1168//4694 1180//4694
f 1137//4695 1175//4695 1172//4695
f 1172//4696 974//4696 1137//4696
f 1181//4697 1119//4697 1004//4697
f 1004//4698 1184//4698 1181//4698
f 1183//4699 1178//4699 1176//4699
f 1176//4700 1169//4700 1183//4700
f 1103//4701 1164//4701 1161//4701
f 1161//4702 964//4702 1103//4702
f 991//4703 1109//4703 1003//4703
f 1003//4704 1001//4704 991//4704
f 1442//4705 1443//4705 1136//4705
f 1136//4706 1085//4706 1442//4706
f 1135//4707 1115//4707 1496//4707
f 1496//4708 1445//4708 1135//4708
f 1131//4709 1470//4709 1107//4709
f 1131//4710 1468//4710 1470//4710
f 1467//4711 1464//4711 1088//4711
f 1472//4712 1141//4712 1150//4712
f 1150//4713 1463//4713 1472//4713
f 1452//4714 1154//4714 1453//4714
f 1458//4715 1091//4715 1104//4715
f 1104//4716 1461//4716 1458//4716
f 1461//4717 1104//4717 1095//4717
f 1027//4718 937//4718 1497//4718
f 1497//4719 1507//4719 1027//4719
f 1507//4720 1497//4720 1470//4720
f 1470//4721 1469//4721 1507//4721
f 1469//4722 1470//4722 1468//4722
f 1468//4723 1466//4723 1469//4723
f 1466//4724 1468//4724 1464//4724
f 1464//4725 1465//4725 1466//4725
f 1465//4726 1464//4726 1467//4726
f 1467//4727 1473//4727 1465//4727
f 1473//4728 1467//4728 1472//4728
f 1472//4729 1471//4729 1473//4729
f 1471//4730 1472//4730 1463//4730
f 1463//4731 1457//4731 1471//4731
f 1457//4732 1463//4732 1456//4732
f 1456//4733 1455//4733 1457//4733
f 1455//4734 1456//4734 1452//4734
f 1452//4735 1451//4735 1455//4735
f 1451//4736 1452//4736 1453//4736
f 1453//4737 1454//4737 1451//4737
f 1454//4738 1453//4738 1462//4738
f 1462//4739 1460//4739 1454//4739
f 1460//4740 1462//4740 1458//4740
f 1458//4741 1459//4741 1460//4741
f 1459//4742 1458//4742 1461//4742
f 1461//4743 1491//4743 1459//4743
f 1491//4744 1461//4744 1488//4744
f 1488//4745 1487//4745 1491//4745
f 1487//4746 1488//4746 1489//4746
f 1489//4747 1490//4747 1487//4747
f 1490//4748 1489//4748 1494//4748
f 1494//4749 1493//4749 1490//4749
f 1493//4750 1494//4750 1492//4750
f 1492//4751 1486//4751 1493//4751
f 1486//4752 1492//4752 1480//4752
f 1480//4753 1479//4753 1486//4753
f 1479//4754 1480//4754 1478//4754
f 1478//4755 1476//4755 1479//4755
f 1476//4756 1478//4756 1474//4756
f 1474//4757 1475//4757 1476//4757
f 1475//4758 1474//4758 1477//4758
f 1484//4759 1485//4759 1483//4759
f 1483//4760 1482//4760 1484//4760
f 1482//4761 1483//4761 1481//4761
f 1481//4762 1450//4762 1482//4762
f 1450//4763 1481//4763 1436//4763
f 1436//4764 1435//4764 1450//4764
f 1435//4765 1436//4765 1434//4765
f 1434//4766 1432//4766 1435//4766
f 1432//4767 1434//4767 1430//4767
f 1430//4768 1431//4768 1432//4768
f 1431//4769 1430//4769 1433//4769
f 1433//4770 1439//4770 1431//4770
f 1439//4771 1433//4771 1438//4771
f 1438//4772 1437//4772 1439//4772
f 1437//4773 1438//4773 1429//4773
f 1429//4774 1425//4774 1437//4774
f 1425//4775 1429//4775 1424//4775
f 1424//4776 1423//4776 1425//4776
f 1423//4777 1424//4777 1421//4777
f 1421//4778 1420//4778 1423//4778
f 1420//4779 1421//4779 1422//4779
f 1420//4780 2850//4780 2648//4780
f 1420//4781 2837//4781 2850//4781
f 2837//4782 1422//4782 2836//4782
f 1420//4783 1422//4783 2837//4783
f 2835//4784 2836//4784 1422//4784
f 1422//4785 1428//4785 2835//4785
f 2835//4786 1428//4786 2833//4786
f 2833//4787 2848//4787 2834//4787
f 2833//4788 1428//4788 2848//4788
f 1426//4789 2848//4789 1428//4789
f 2848//4790 2847//4790 2849//4790
f 2848//4791 2846//4791 2847//4791
f 2848//4792 2828//4792 2846//4792
f 2848//4793 2829//4793 2828//4793
f 2848//4794 2845//4794 2829//4794
f 2848//4795 1426//4795 2845//4795
f 2845//4796 1426//4796 2843//4796
f 1427//4797 2843//4797 1426//4797
f 2843//4798 1427//4798 2841//4798
f 2841//4799 1427//4799 2842//4799
f 1446//4800 2842//4800 1427//4800
f 2844//4801 2839//4801 2838//4801
f 2842//4802 2839//4802 2844//4802
f 2842//4803 1446//4803 2839//4803
f 2839//4804 1446//4804 2840//4804
f 1447//4805 2840//4805 1446//4805
f 2840//4806 2819//4806 2820//4806
f 2840//4807 1447//4807 2819//4807
f 2819//4808 1447//4808 2817//4808
f 1449//4809 2817//4809 1447//4809
f 2817//4810 2821//4810 2818//4810
f 2817//4811 2822//4811 2821//4811
f 2822//4812 1449//4812 2823//4812
f 2817//4813 1449//4813 2822//4813
f 2823//4814 1449//4814 2824//4814
f 1448//4815 2824//4815 1449//4815
f 2824//4816 2826//4816 2825//4816
f 2826//4817 1448//4817 2827//4817
f 2824//4818 1448//4818 2826//4818
f 1443//4819 2814//4819 1448//4819
f 2827//4820 2814//4820 2816//4820
f 2827//4821 1448//4821 2814//4821
f 2814//4822 2811//4822 2815//4822
f 2814//4823 2812//4823 2811//4823
f 2814//4824 1443//4824 2812//4824
f 2812//4825 1443//4825 2813//4825
f 1442//4826 2813//4826 1443//4826
f 2813//4827 2809//4827 2808//4827
f 2813//4828 2810//4828 2809//4828
f 2813//4829 2830//4829 2810//4829
f 2813//4830 2831//4830 2830//4830
f 2813//4831 1442//4831 2831//4831
f 2831//4832 1442//4832 2832//4832
f 1440//4833 2832//4833 1442//4833
f 2832//4834 2806//4834 2807//4834
f 2832//4835 1440//4835 2806//4835
f 2806//4836 2804//4836 2805//4836
f 2806//4837 1440//4837 2804//4837
f 1441//4838 2804//4838 1440//4838
f 2804//4839 2800//4839 2799//4839
f 2804//4840 2803//4840 2800//4840
f 2804//4841 1441//4841 2803//4841
f 2803//4842 1441//4842 2801//4842
f 1444//4843 2801//4843 1441//4843
f 2801//4844 2693//4844 2802//4844
f 2801//4845 2691//4845 2693//4845
f 2691//4846 2751//4846 2692//4846
f 2801//4847 2751//4847 2691//4847
f 2801//4848 2723//4848 2751//4848
f 2801//4849 2724//4849 2723//4849
f 2801//4850 1444//4850 2724//4850
f 2724//4851 1444//4851 2725//4851
f 1445//4852 2725//4852 1444//4852
f 2725//4853 2721//4853 2726//4853
f 2725//4854 2722//4854 2721//4854
f 2725//4855 2732//4855 2722//4855
f 2725//4856 1445//4856 2732//4856
f 2732//4857 1445//4857 2730//4857
f 1496//4858 2730//4858 1445//4858
f 2730//4859 2729//4859 2731//4859
f 2730//4860 2718//4860 2729//4860
f 2730//4861 2719//4861 2718//4861
f 2730//4862 1496//4862 2719//4862
f 2720//4863 2719//4863 1496//4863
f 1496//4864 1495//4864 2720//4864
f 2720//4865 2716//4865 2717//4865
f 2720//4866 1495//4866 2716//4866
f 1495//4867 2715//4867 2714//4867
f 1495//4868 2735//4868 2715//4868
f 1495//4869 1263//4869 2735//4869
f 2714//4870 2716//4870 1495//4870
f 2745//4871 2750//4871 1263//4871
f 2735//4872 2734//4872 2736//4872
f 2735//4873 2733//4873 2734//4873
f 2735//4874 2713//4874 2733//4874
f 2735//4875 2711//4875 2713//4875
f 2735//4876 2712//4876 2711//4876
f 2735//4877 2749//4877 2712//4877
f 2735//4878 2750//4878 2749//4878
f 2735//4879 1263//4879 2750//4879
f 1477//4880 1474//4880 1485//4880
f 1477//4881 1485//4881 1484//4881
f 1167//4882 1116//4882 1012//4882
f 1012//4883 1166//4883 1167//4883
f 1144//4884 1165//4884 1160//4884
f 1160//4885 956//4885 1144//4885
f 1159//4886 1114//4886 1158//4886
f 1158//4887 1157//4887 1159//4887
f 1164//4888 1163//4888 1162//4888
f 1162//4889 1161//4889 1164//4889
f 1174//4890 1134//4890 983//4890
f 983//4891 1173//4891 1174//4891
f 1165//4892 1145//4892 951//4892
f 951//4893 1160//4893 1165//4893
f 1175//4894 1099//4894 949//4894
f 949//4895 1172//4895 1175//4895
f 1444//4896 1139//4896 1135//4896
f 1135//4897 1445//4897 1444//4897
f 1139//4898 1441//4898 1440//4898
f 1440//4899 1084//4899 1139//4899
f 1115//4900 1495//4900 1496//4900
f 1111//4901 1101//4901 1263//4901
f 1263//4902 1495//4902 1111//4902
f 1101//4903 1264//4903 1263//4903
f 1468//4904 1131//4904 1138//4904
f 1138//4905 1464//4905 1468//4905
f 1467//4906 1088//4906 1087//4906
f 1472//4907 1467//4907 1087//4907
f 1107//4908 1470//4908 1497//4908
f 1096//4909 1497//4909 937//4909
f 937//4910 1097//4910 1096//4910
f 1497//4911 1096//4911 1107//4911
f 1463//4912 1150//4912 1120//4912
f 1456//4913 1463//4913 1120//4913
f 1118//4914 1154//4914 1452//4914
f 1118//4915 1452//4915 1456//4915
f 1153//4916 1093//4916 1462//4916
f 1458//4917 1093//4917 1091//4917
f 1108//4918 1461//4918 1095//4918
f 1143//4919 1461//4919 1108//4919
f 1143//4920 1488//4920 1461//4920
f 1125//4921 1106//4921 1438//4921
f 1105//4922 1438//4922 1106//4922
f 1424//4923 1123//4923 1122//4923
f 1428//4924 1146//4924 1129//4924
f 1129//4925 1426//4925 1428//4925
f 1446//4926 1427//4926 1127//4926
f 1447//4927 1446//4927 1127//4927
f 1127//4928 1133//4928 1447//4928
f 1133//4929 1136//4929 1449//4929
f 1139//4930 1084//4930 1092//4930
f 1092//4931 976//4931 1139//4931
f 977//4932 1158//4932 1114//4932
f 1114//4933 1113//4933 977//4933
f 1088//4934 1138//4934 1142//4934
f 1142//4935 963//4935 1088//4935
f 1132//4936 1136//4936 1133//4936
f 1133//4937 986//4937 1132//4937
f 1168//4938 984//4938 1149//4938
f 1149//4939 1180//4939 1168//4939
f 1150//4940 1141//4940 973//4940
f 973//4941 1148//4941 1150//4941
f 1154//4942 1118//4942 1006//4942
f 1006//4943 1151//4943 1154//4943
f 1169//4944 1005//4944 1128//4944
f 1128//4945 1183//4945 1169//4945
f 1129//4946 1146//4946 979//4946
f 979//4947 1126//4947 1129//4947
f 980//4948 1147//4948 1122//4948
f 1122//4949 1121//4949 980//4949
f 981//4950 1162//4950 1163//4950
f 1163//4951 1155//4951 981//4951
f 1093//4952 1153//4952 1152//4952
f 1152//4953 961//4953 1093//4953
f 1171//4954 1264//4954 1101//4954
f 1101//4955 947//4955 1171//4955
f 1170//4956 950//4956 1100//4956
f 1100//4957 1177//4957 1170//4957
f 1098//4958 1097//4958 939//4958
f 939//4959 1179//4959 1098//4959
f 1135//4960 1139//4960 976//4960
f 976//4961 975//4961 1135//4961
f 974//4962 977//4962 1113//4962
f 1113//4963 1137//4963 974//4963
f 1138//4964 1131//4964 971//4964
f 971//4965 1142//4965 1138//4965
f 1141//4966 1087//4966 960//4966
f 960//4967 973//4967 1141//4967
f 969//4968 959//4968 1083//4968
f 1083//4969 1140//4969 969//4969
f 1085//4970 1136//4970 1132//4970
f 1132//4971 1086//4971 1085//4971
f 1131//4972 1107//4972 972//4972
f 972//4973 971//4973 1131//4973
f 970//4974 985//4974 1117//4974
f 1117//4975 1130//4975 970//4975
f 1115//4976 1135//4976 975//4976
f 975//4977 1110//4977 1115//4977
f 1133//4978 1127//4978 982//4978
f 982//4979 986//4979 1133//4979
f 984//4980 983//4980 1134//4980
f 1134//4981 1149//4981 984//4981
f 1120//4982 1150//4982 1148//4982
f 1148//4983 1007//4983 1120//4983
f 1146//4984 1147//4984 980//4984
f 980//4985 979//4985 1146//4985
f 978//4986 981//4986 1155//4986
f 1155//4987 1156//4987 978//4987
f 1153//4988 1154//4988 1151//4988
f 1151//4989 1152//4989 1153//4989
f 968//4990 1104//4990 1091//4990
f 1091//4991 954//4991 968//4991
f 956//4992 955//4992 1090//4992
f 1090//4993 1144//4993 956//4993
f 1123//4994 1105//4994 965//4994
f 965//4995 1124//4995 1123//4995
f 1143//4996 1108//4996 957//4996
f 957//4997 953//4997 1143//4997
f 952//4998 951//4998 1145//4998
f 1145//4999 989//4999 952//4999
f 1002//5000 1125//5000 1010//5000
f 1010//5001 1008//5001 1002//5001
f 1101//5002 1111//5002 948//5002
f 948//5003 947//5003 1101//5003
f 950//5004 949//5004 1099//5004
f 1099//5005 1100//5005 950//5005
f 1096//5006 1097//5006 1098//5006
f 1098//5007 1011//5007 1096//5007
f 965//5008 1105//5008 1106//5008
f 1106//5009 966//5009 965//5009
f 964//5010 967//5010 1102//5010
f 1102//5011 1103//5011 964//5011
f 1095//5012 1104//5012 968//5012
f 968//5013 1094//5013 1095//5013
f 1087//5014 1088//5014 963//5014
f 963//5015 960//5015 1087//5015
f 959//5016 958//5016 1082//5016
f 1082//5017 1083//5017 959//5017
f 1084//5018 1085//5018 1086//5018
f 1086//5019 1092//5019 1084//5019
f 1091//5020 1093//5020 961//5020
f 961//5021 954//5021 1091//5021
f 955//5022 962//5022 1089//5022
f 1089//5023 1090//5023 955//5023
f 1121//5024 1122//5024 1123//5024
f 1123//5025 1124//5025 1121//5025
f 1118//5026 1120//5026 1007//5026
f 1007//5027 1006//5027 1118//5027
f 1005//5028 1004//5028 1119//5028
f 1119//5029 1128//5029 1005//5029
f 1127//5030 1129//5030 1126//5030
f 1126//5031 982//5031 1127//5031
f 966//5032 1106//5032 1125//5032
f 1125//5033 1002//5033 966//5033
f 967//5034 1003//5034 1109//5034
f 1109//5035 1102//5035 967//5035
f 1108//5036 1095//5036 1094//5036
f 1094//5037 957//5037 1108//5037
f 1107//5038 1096//5038 1011//5038
f 1011//5039 972//5039 1107//5039
f 985//5040 1012//5040 1116//5040
f 1116//5041 1117//5041 985//5041
f 1111//5042 1115//5042 1110//5042
f 1110//5043 948//5043 1111//5043
f 1112//5044 1113//5044 1114//5044
f 1114//5045 1082//5045 1112//5045
f 958//5046 963//5046 1142//5046
f 1142//5047 1182//5047 958//5047
f 1140//5048 1180//5048 1149//5048
f 1149//5049 1181//5049 1140//5049
f 1184//5050 1148//5050 973//5050
f 973//5051 969//5051 1184//5051
f 1156//5052 1183//5052 1128//5052
f 1128//5053 1174//5053 1156//5053
f 1173//5054 1126//5054 979//5054
f 979//5055 978//5055 1173//5055
f 1178//5056 1155//5056 1163//5056
f 1163//5057 1089//5057 1178//5057
f 962//5058 961//5058 1152//5058
f 1152//5059 1176//5059 962//5059
f 899//5060 1177//5060 1100//5060
f 1100//5061 1167//5061 899//5061
f 1166//5062 1098//5062 1179//5062
f 1179//5063 903//5063 1166//5063
f 1130//5064 1137//5064 1113//5064
f 1113//5065 1112//5065 1130//5065
f 1182//5066 1142//5066 971//5066
f 971//5067 970//5067 1182//5067
f 1180//5068 1140//5068 1083//5068
f 1083//5069 1159//5069 1180//5069
f 1157//5070 1086//5070 1132//5070
f 1132//5071 1168//5071 1157//5071
f 1137//5072 1130//5072 1117//5072
f 1117//5073 1175//5073 1137//5073
f 1172//5074 1110//5074 975//5074
f 975//5075 974//5075 1172//5075
f 1181//5076 1149//5076 1134//5076
f 1134//5077 1119//5077 1181//5077
f 1004//5078 1007//5078 1148//5078
f 1148//5079 1184//5079 1004//5079
f 1183//5080 1156//5080 1155//5080
f 1155//5081 1178//5081 1183//5081
f 1176//5082 1152//5082 1151//5082
f 1151//5083 1169//5083 1176//5083
f 1103//5084 1144//5084 1090//5084
f 1090//5085 1164//5085 1103//5085
f 1161//5086 1124//5086 965//5086
f 965//5087 964//5087 1161//5087
f 989//5088 1145//5088 1109//5088
f 1109//5089 991//5089 989//5089
f 1001//5090 1003//5090 1002//5090
f 1002//5091 1008//5091 1001//5091
f 1100//5092 1099//5092 1116//5092
f 1116//5093 1167//5093 1100//5093
f 1011//5094 1098//5094 1166//5094
f 1166//5095 1012//5095 1011//5095
f 1144//5096 1103//5096 1102//5096
f 1102//5097 1165//5097 1144//5097
f 1160//5098 1094//5098 968//5098
f 968//5099 956//5099 1160//5099
f 1083//5100 1082//5100 1114//5100
f 1114//5101 1159//5101 1083//5101
f 1092//5102 1086//5102 1157//5102
f 1157//5103 1158//5103 1092//5103
f 1090//5104 1089//5104 1163//5104
f 1163//5105 1164//5105 1090//5105
f 1121//5106 1124//5106 1161//5106
f 1161//5107 1162//5107 1121//5107
f 1128//5108 1119//5108 1134//5108
f 1134//5109 1174//5109 1128//5109
f 982//5110 1126//5110 1173//5110
f 1173//5111 983//5111 982//5111
f 1102//5112 1109//5112 1145//5112
f 1145//5113 1165//5113 1102//5113
f 957//5114 1094//5114 1160//5114
f 1160//5115 951//5115 957//5115
f 1175//5116 1117//5116 1116//5116
f 1116//5117 1099//5117 1175//5117
f 949//5118 948//5118 1110//5118
f 1110//5119 1172//5119 949//5119
f 977//5120 976//5120 1092//5120
f 1092//5121 1158//5121 977//5121
f 1168//5122 1132//5122 986//5122
f 986//5123 984//5123 1168//5123
f 1169//5124 1151//5124 1006//5124
f 1006//5125 1005//5125 1169//5125
f 981//5126 980//5126 1121//5126
f 1121//5127 1162//5127 981//5127
f 1170//5128 1171//5128 947//5128
f 947//5129 950//5129 1170//5129
f 974//5130 975//5130 976//5130
f 976//5131 977//5131 974//5131
f 969//5132 973//5132 960//5132
f 960//5133 959//5133 969//5133
f 970//5134 971//5134 972//5134
f 972//5135 985//5135 970//5135
f 984//5136 986//5136 982//5136
f 982//5137 983//5137 984//5137
f 978//5138 979//5138 980//5138
f 980//5139 981//5139 978//5139
f 956//5140 968//5140 954//5140
f 954//5141 955//5141 956//5141
f 953//5142 957//5142 951//5142
f 951//5143 952//5143 953//5143
f 947//5144 948//5144 949//5144
f 949//5145 950//5145 947//5145
f 964//5146 965//5146 966//5146
f 966//5147 967//5147 964//5147
f 960//5148 963//5148 958//5148
f 958//5149 959//5149 960//5149
f 954//5150 961//5150 962//5150
f 962//5151 955//5151 954//5151
f 1006//5152 1007//5152 1004//5152
f 1004//5153 1005//5153 1006//5153
f 966//5154 1002//5154 1003//5154
f 1003//5155 967//5155 966//5155
f 985//5156 972//5156 1011//5156
f 1011//5157 1012//5157 985//5157
f 1008//5158 1010//5158 1009//5158
f 1001//5159 1008//5159 1009//5159
f 1001//5160 1009//5160 990//5160
f 990//5161 991//5161 1001//5161
f 989//5162 991//5162 990//5162
f 987//5163 952//5163 989//5163
f 989//5164 990//5164 987//5164
f 953//5165 952//5165 987//5165
f 896//5166 895//5166 988//5166
f 988//5167 999//5167 896//5167
f 998//5168 1000//5168 996//5168
f 996//5169 997//5169 998//5169
f 992//5170 993//5170 994//5170
f 994//5171 995//5171 992//5171
f 902//5172 946//5172 900//5172
f 900//5173 901//5173 902//5173
f 899//5174 903//5174 897//5174
f 897//5175 898//5175 899//5175
f 893//5176 894//5176 895//5176
f 895//5177 896//5177 893//5177
f 911//5178 912//5178 913//5178
f 914//5179 915//5179 916//5179
f 908//5180 909//5180 910//5180
f 904//5181 905//5181 906//5181
f 906//5182 907//5182 904//5182
f 879//5183 892//5183 877//5183
f 877//5184 878//5184 879//5184
f 876//5185 880//5185 874//5185
f 874//5186 875//5186 876//5186
f 870//5187 871//5187 872//5187
f 872//5188 873//5188 870//5188
f 884//5189 888//5189 885//5189
f 889//5190 890//5190 891//5190
f 883//5191 887//5191 881//5191
f 881//5192 882//5192 883//5192
f 884//5193 885//5193 886//5193
f 886//5194 934//5194 884//5194
f 935//5195 933//5195 936//5195
f 929//5196 933//5196 927//5196
f 927//5197 928//5197 929//5197
f 930//5198 931//5198 932//5198
f 940//5199 941//5199 942//5199
f 943//5200 944//5200 945//5200
f 937//5201 938//5201 939//5201
f 919//5202 920//5202 891//5202
f 922//5203 926//5203 889//5203
f 889//5204 926//5204 921//5204
f 921//5205 870//5205 889//5205
f 920//5206 922//5206 889//5206
f 889//5207 891//5207 920//5207
f 891//5208 917//5208 918//5208
f 918//5209 919//5209 891//5209
f 917//5210 882//5210 923//5210
f 923//5211 918//5211 917//5211
f 881//5212 925//5212 923//5212
f 923//5213 882//5213 881//5213
f 881//5214 887//5214 924//5214
f 924//5215 925//5215 881//5215
f 887//5216 1035//5216 924//5216
f 883//5217 1036//5217 1035//5217
f 1035//5218 887//5218 883//5218
f 883//5219 884//5219 934//5219
f 934//5220 1036//5220 883//5220
f 882//5221 917//5221 883//5221
f 917//5222 891//5222 890//5222
f 917//5223 890//5223 884//5223
f 917//5224 884//5224 883//5224
f 870//5225 921//5225 871//5225
f 872//5226 880//5226 876//5226
f 874//5227 878//5227 877//5227
f 879//5228 1051//5228 1047//5228
f 1047//5229 892//5229 879//5229
f 1048//5230 1049//5230 1050//5230
f 1050//5231 909//5231 908//5231
f 1058//5232 1059//5232 1056//5232
f 1056//5233 1057//5233 1058//5233
f 1052//5234 1053//5234 1054//5234
f 1054//5235 1055//5235 1052//5235
f 1070//5236 1071//5236 1072//5236
f 1072//5237 1073//5237 1070//5237
f 997//5238 996//5238 1066//5238
f 1066//5239 1067//5239 997//5239
f 1068//5240 1069//5240 946//5240
f 946//5241 902//5241 1068//5241
f 1080//5242 1081//5242 1078//5242
f 1078//5243 1079//5243 1080//5243
f 1074//5244 1075//5244 1076//5244
f 1076//5245 1077//5245 1074//5245
f 1058//5246 1057//5246 908//5246
f 908//5247 910//5247 1058//5247
f 1063//5248 1064//5248 1062//5248
f 1062//5249 913//5249 1063//5249
f 1060//5250 1061//5250 1025//5250
f 1060//5251 1025//5251 1031//5251
f 1018//5252 945//5252 944//5252
f 940//5253 1013//5253 1065//5253
f 1065//5254 941//5254 940//5254
f 1021//5255 929//5255 928//5255
f 936//5256 1028//5256 1030//5256
f 1030//5257 1046//5257 936//5257
f 1028//5258 1029//5258 1030//5258
f 1027//5259 1023//5259 1026//5259
f 1026//5260 937//5260 1027//5260
f 1023//5261 1024//5261 1025//5261
f 1025//5262 1026//5262 1023//5262
f 1024//5263 1032//5263 1031//5263
f 1031//5264 1025//5264 1024//5264
f 1032//5265 1022//5265 944//5265
f 944//5266 1031//5266 1032//5266
f 1022//5267 1017//5267 1018//5267
f 1018//5268 944//5268 1022//5268
f 1017//5269 1014//5269 940//5269
f 940//5270 1018//5270 1017//5270
f 1014//5271 1015//5271 1013//5271
f 1013//5272 940//5272 1014//5272
f 1015//5273 1016//5273 930//5273
f 930//5274 1013//5274 1015//5274
f 1016//5275 1019//5275 1021//5275
f 1021//5276 930//5276 1016//5276
f 1019//5277 1020//5277 929//5277
f 929//5278 1021//5278 1019//5278
f 1020//5279 1042//5279 933//5279
f 933//5280 929//5280 1020//5280
f 1042//5281 1043//5281 936//5281
f 936//5282 933//5282 1042//5282
f 1043//5283 1044//5283 1028//5283
f 1028//5284 936//5284 1043//5284
f 1044//5285 1045//5285 886//5285
f 886//5286 1028//5286 1044//5286
f 1045//5287 1038//5287 934//5287
f 934//5288 886//5288 1045//5288
f 1038//5289 1037//5289 1036//5289
f 1036//5290 934//5290 1038//5290
f 1037//5291 1033//5291 1035//5291
f 1035//5292 1036//5292 1037//5292
f 1033//5293 1034//5293 924//5293
f 924//5294 1035//5294 1033//5294
f 1034//5295 1039//5295 925//5295
f 925//5296 924//5296 1034//5296
f 1039//5297 1040//5297 923//5297
f 923//5298 925//5298 1039//5298
f 1040//5299 1041//5299 923//5299
f 1262//5300 1271//5300 919//5300
f 919//5301 918//5301 1262//5301
f 1271//5302 1272//5302 920//5302
f 920//5303 919//5303 1271//5303
f 1272//5304 1273//5304 922//5304
f 922//5305 920//5305 1272//5305
f 1273//5306 1274//5306 926//5306
f 926//5307 922//5307 1273//5307
f 1274//5308 1268//5308 921//5308
f 921//5309 926//5309 1274//5309
f 1268//5310 1267//5310 871//5310
f 871//5311 921//5311 1268//5311
f 1267//5312 1265//5312 872//5312
f 872//5313 871//5313 1267//5313
f 1265//5314 1266//5314 880//5314
f 880//5315 872//5315 1265//5315
f 1266//5316 1269//5316 874//5316
f 874//5317 880//5317 1266//5317
f 1269//5318 1270//5318 878//5318
f 878//5319 874//5319 1269//5319
f 879//5320 2798//5320 2854//5320
f 2798//5321 1270//5321 2646//5321
f 879//5322 1270//5322 2798//5322
f 879//5323 878//5323 1270//5323
f 1051//5324 2853//5324 2851//5324
f 2854//5325 2853//5325 879//5325
f 1051//5326 879//5326 2853//5326
f 907//5327 2758//5327 2754//5327
f 907//5328 2786//5328 2758//5328
f 907//5329 2793//5329 2786//5329
f 907//5330 2792//5330 2793//5330
f 907//5331 2855//5331 2792//5331
f 1051//5332 2852//5332 2855//5332
f 1051//5333 2851//5333 2852//5333
f 2855//5334 907//5334 1051//5334
f 904//5335 2755//5335 2756//5335
f 907//5336 2754//5336 2755//5336
f 2755//5337 904//5337 907//5337
f 1275//5338 2753//5338 2787//5338
f 1275//5339 2752//5339 2753//5339
f 1275//5340 2757//5340 2752//5340
f 904//5341 2756//5341 2757//5341
f 2757//5342 1275//5342 904//5342
f 1049//5343 2759//5343 2760//5343
f 1049//5344 2789//5344 2759//5344
f 1275//5345 2788//5345 2789//5345
f 1275//5346 2787//5346 2788//5346
f 2789//5347 1049//5347 1275//5347
f 1050//5348 2763//5348 2774//5348
f 1050//5349 2762//5349 2763//5349
f 1050//5350 2761//5350 2762//5350
f 1049//5351 2760//5351 2761//5351
f 2761//5352 1050//5352 1049//5352
f 909//5353 2776//5353 2780//5353
f 909//5354 2777//5354 2776//5354
f 909//5355 2778//5355 2777//5355
f 1050//5356 2775//5356 2778//5356
f 1050//5357 2774//5357 2775//5357
f 2778//5358 909//5358 1050//5358
f 910//5359 2765//5359 2764//5359
f 910//5360 2779//5360 2765//5360
f 909//5361 2780//5361 2779//5361
f 2779//5362 910//5362 909//5362
f 1058//5363 2783//5363 2782//5363
f 1058//5364 2781//5364 2783//5364
f 1058//5365 2766//5365 2781//5365
f 1058//5366 2767//5366 2766//5366
f 910//5367 2764//5367 2767//5367
f 2767//5368 1058//5368 910//5368
f 1059//5369 2771//5369 2770//5369
f 1059//5370 2785//5370 2771//5370
f 1059//5371 2784//5371 2785//5371
f 1058//5372 2782//5372 2784//5372
f 2784//5373 1059//5373 1058//5373
f 915//5374 2791//5374 2795//5374
f 915//5375 2772//5375 2791//5375
f 915//5376 2773//5376 2772//5376
f 915//5377 2790//5377 2773//5377
f 915//5378 2768//5378 2790//5378
f 915//5379 2769//5379 2768//5379
f 1059//5380 2770//5380 2769//5380
f 2769//5381 915//5381 1059//5381
f 916//5382 2698//5382 2697//5382
f 916//5383 2699//5383 2698//5383
f 916//5384 2794//5384 2699//5384
f 916//5385 2796//5385 2794//5385
f 916//5386 2797//5386 2796//5386
f 915//5387 2795//5387 2797//5387
f 2797//5388 916//5388 915//5388
f 1064//5389 2701//5389 2739//5389
f 1064//5390 2700//5390 2701//5390
f 1064//5391 2696//5391 2700//5391
f 1064//5392 2694//5392 2696//5392
f 916//5393 2695//5393 2694//5393
f 916//5394 2697//5394 2695//5394
f 2694//5395 1064//5395 916//5395
f 1062//5396 2737//5396 2741//5396
f 1062//5397 2705//5397 2737//5397
f 1062//5398 2702//5398 2705//5398
f 1062//5399 2703//5399 2702//5399
f 1062//5400 2704//5400 2703//5400
f 1062//5401 2740//5401 2704//5401
f 1062//5402 2738//5402 2740//5402
f 1064//5403 2739//5403 2738//5403
f 2738//5404 1062//5404 1064//5404
f 911//5405 2743//5405 2742//5405
f 2741//5406 2743//5406 1062//5406
f 911//5407 1062//5407 2743//5407
f 1263//5408 2746//5408 2745//5408
f 1263//5409 2747//5409 2746//5409
f 1263//5410 2748//5410 2747//5410
f 1263//5411 2727//5411 2748//5411
f 1263//5412 2728//5412 2727//5412
f 1263//5413 2744//5413 2728//5413
f 1263//5414 2709//5414 2744//5414
f 1263//5415 2710//5415 2709//5415
f 911//5416 2742//5416 2707//5416
f 2707//5417 2706//5417 911//5417
f 1263//5418 2708//5418 2710//5418
f 1263//5419 2706//5419 2708//5419
f 1263//5420 911//5420 2706//5420
f 1041//5421 918//5421 923//5421
f 1041//5422 1262//5422 918//5422
f 898//5423 897//5423 1198//5423
f 1198//5424 1197//5424 898//5424
f 1258//5425 1253//5425 1260//5425
f 1260//5426 1259//5426 1258//5426
f 1055//5427 1054//5427 1261//5427
f 1261//5428 1205//5428 1055//5428
f 1079//5429 1078//5429 1254//5429
f 1254//5430 1191//5430 1079//5430
f 995//5431 994//5431 1252//5431
f 1252//5432 1211//5432 995//5432
f 1259//5433 1260//5433 1227//5433
f 1227//5434 1226//5434 1259//5434
f 1073//5435 1072//5435 1236//5435
f 1236//5436 1235//5436 1073//5436
f 916//5437 1064//5437 1063//5437
f 1063//5438 914//5438 916//5438
f 914//5439 1056//5439 1059//5439
f 1059//5440 915//5440 914//5440
f 913//5441 1062//5441 911//5441
f 912//5442 911//5442 1263//5442
f 1263//5443 1237//5443 912//5443
f 1237//5444 1263//5444 1264//5444
f 1031//5445 944//5445 943//5445
f 943//5446 1060//5446 1031//5446
f 1018//5447 942//5447 945//5447
f 940//5448 942//5448 1018//5448
f 1061//5449 1026//5449 1025//5449
f 1201//5450 938//5450 937//5450
f 937//5451 1026//5451 1201//5451
f 1026//5452 1061//5452 1201//5452
f 1013//5453 932//5453 1065//5453
f 930//5454 932//5454 1013//5454
f 931//5455 1021//5455 928//5455
f 931//5456 930//5456 1021//5456
f 927//5457 933//5457 935//5457
f 936//5458 1046//5458 935//5458
f 1233//5459 1029//5459 1028//5459
f 885//5460 1233//5460 1028//5460
f 1028//5461 886//5461 885//5461
f 873//5462 872//5462 1219//5462
f 876//5463 1219//5463 872//5463
f 874//5464 877//5464 875//5464
f 1051//5465 907//5465 906//5465
f 906//5466 1047//5466 1051//5466
f 1275//5467 905//5467 904//5467
f 1049//5468 1048//5468 905//5468
f 905//5469 1275//5469 1049//5469
f 1048//5470 1050//5470 908//5470
f 914//5471 1256//5471 1242//5471
f 1242//5472 1056//5472 914//5472
f 1257//5473 1206//5473 1205//5473
f 1205//5474 1261//5474 1257//5474
f 945//5475 1204//5475 1203//5475
f 1203//5476 943//5476 945//5476
f 1208//5477 1250//5477 1048//5477
f 1048//5478 908//5478 1208//5478
f 1053//5479 1052//5479 1194//5479
f 1194//5480 1251//5480 1053//5480
f 1065//5481 1188//5481 1187//5481
f 1187//5482 941//5482 1065//5482
f 928//5483 1255//5483 1244//5483
f 1244//5484 931//5484 928//5484
f 1069//5485 1068//5485 1185//5485
f 1185//5486 1240//5486 1069//5486
f 906//5487 1193//5487 1186//5487
f 1186//5488 1047//5488 906//5488
f 1249//5489 1243//5489 877//5489
f 877//5490 892//5490 1249//5490
f 1248//5491 1192//5491 1191//5491
f 1191//5492 1254//5492 1248//5492
f 935//5493 1190//5493 1189//5493
f 1189//5494 927//5494 935//5494
f 1171//5495 1238//5495 1237//5495
f 1237//5496 1264//5496 1171//5496
f 1213//5497 1234//5497 1170//5497
f 1170//5498 1177//5498 1213//5498
f 1212//5499 1179//5499 939//5499
f 939//5500 938//5500 1212//5500
f 1063//5501 1207//5501 1256//5501
f 1256//5502 914//5502 1063//5502
f 1071//5503 1070//5503 1206//5503
f 1206//5504 1257//5504 1071//5504
f 943//5505 1203//5505 1215//5505
f 1215//5506 1060//5506 943//5506
f 941//5507 1187//5507 1223//5507
f 1223//5508 942//5508 941//5508
f 1000//5509 998//5509 1214//5509
f 1214//5510 1222//5510 1000//5510
f 1057//5511 1209//5511 1208//5511
f 1208//5512 908//5512 1057//5512
f 1060//5513 1215//5513 1216//5513
f 1216//5514 1061//5514 1060//5514
f 894//5515 893//5515 1202//5515
f 1202//5516 1199//5516 894//5516
f 913//5517 1196//5517 1207//5517
f 1207//5518 1063//5518 913//5518
f 1048//5519 1250//5519 1239//5519
f 1239//5520 905//5520 1048//5520
f 1251//5521 1194//5521 1211//5521
f 1211//5522 1252//5522 1251//5522
f 932//5523 1210//5523 1188//5523
f 1188//5524 1065//5524 932//5524
f 1047//5525 1186//5525 1249//5525
f 1249//5526 892//5526 1047//5526
f 993//5527 992//5527 1192//5527
f 1192//5528 1248//5528 993//5528
f 927//5529 1189//5529 1255//5529
f 1255//5530 928//5530 927//5530
f 1225//5531 1241//5531 1046//5531
f 1046//5532 1030//5532 1225//5532
f 1253//5533 1258//5533 1247//5533
f 1247//5534 1246//5534 1253//5534
f 875//5535 1245//5535 1220//5535
f 1220//5536 876//5536 875//5536
f 885//5537 888//5537 1232//5537
f 1232//5538 1233//5538 885//5538
f 1228//5539 1231//5539 1226//5539
f 1226//5540 1227//5540 1228//5540
f 1229//5541 1230//5541 870//5541
f 870//5542 873//5542 1229//5542
f 1237//5543 1238//5543 1195//5543
f 1195//5544 912//5544 1237//5544
f 1234//5545 1213//5545 1235//5545
f 1235//5546 1236//5546 1234//5546
f 1201//5547 1200//5547 1212//5547
f 1212//5548 938//5548 1201//5548
f 1220//5549 1221//5549 1219//5549
f 1219//5550 876//5550 1220//5550
f 1081//5551 1080//5551 1217//5551
f 1217//5552 1218//5552 1081//5552
f 1029//5553 1224//5553 1225//5553
f 1225//5554 1030//5554 1029//5554
f 942//5555 1223//5555 1204//5555
f 1204//5556 945//5556 942//5556
f 1222//5557 1214//5557 999//5557
f 999//5558 988//5558 1222//5558
f 1056//5559 1242//5559 1209//5559
f 1209//5560 1057//5560 1056//5560
f 1046//5561 1241//5561 1190//5561
f 1190//5562 935//5562 1046//5562
f 1246//5563 1247//5563 901//5563
f 901//5564 900//5564 1246//5564
f 1243//5565 1245//5565 875//5565
f 875//5566 877//5566 1243//5566
f 931//5567 1244//5567 1210//5567
f 1210//5568 932//5568 931//5568
f 1240//5569 1185//5569 1067//5569
f 1067//5570 1066//5570 1240//5570
f 905//5571 1239//5571 1193//5571
f 1193//5572 906//5572 905//5572
f 1221//5573 1229//5573 873//5573
f 873//5574 1219//5574 1221//5574
f 1218//5575 1217//5575 1077//5575
f 1077//5576 1076//5576 1218//5576
f 1233//5577 1232//5577 1224//5577
f 1224//5578 1029//5578 1233//5578
f 1061//5579 1216//5579 1200//5579
f 1200//5580 1201//5580 1061//5580
f 1199//5581 1202//5581 1197//5581
f 1197//5582 1198//5582 1199//5582
f 912//5583 1195//5583 1196//5583
f 1196//5584 913//5584 912//5584
f 896//5585 999//5585 1205//5585
f 1205//5586 1206//5586 896//5586
f 988//5587 895//5587 1203//5587
f 1203//5588 1204//5588 988//5588
f 998//5589 997//5589 1194//5589
f 1194//5590 1052//5590 998//5590
f 996//5591 1000//5591 1187//5591
f 1187//5592 1188//5592 996//5592
f 992//5593 995//5593 1185//5593
f 1185//5594 1068//5594 992//5594
f 994//5595 993//5595 1186//5595
f 1186//5596 1193//5596 994//5596
f 902//5597 901//5597 1191//5597
f 1191//5598 1192//5598 902//5598
f 900//5599 946//5599 1189//5599
f 1189//5600 1190//5600 900//5600
f 899//5601 898//5601 1213//5601
f 1213//5602 1177//5602 899//5602
f 897//5603 903//5603 1179//5603
f 1179//5604 1212//5604 897//5604
f 893//5605 896//5605 1206//5605
f 1206//5606 1070//5606 893//5606
f 895//5607 894//5607 1215//5607
f 1215//5608 1203//5608 895//5608
f 1052//5609 1055//5609 1214//5609
f 1214//5610 998//5610 1052//5610
f 1054//5611 1053//5611 1208//5611
f 1208//5612 1209//5612 1054//5612
f 1070//5613 1073//5613 1202//5613
f 1202//5614 893//5614 1070//5614
f 1072//5615 1071//5615 1207//5615
f 1207//5616 1196//5616 1072//5616
f 997//5617 1067//5617 1211//5617
f 1211//5618 1194//5618 997//5618
f 1066//5619 996//5619 1188//5619
f 1188//5620 1210//5620 1066//5620
f 1068//5621 902//5621 1192//5621
f 1192//5622 992//5622 1068//5622
f 946//5623 1069//5623 1255//5623
f 1255//5624 1189//5624 946//5624
f 1080//5625 1079//5625 1247//5625
f 1247//5626 1258//5626 1080//5626
f 1078//5627 1081//5627 1220//5627
f 1220//5628 1245//5628 1078//5628
f 1231//5629 1074//5629 1077//5629
f 1077//5630 1226//5630 1231//5630
f 1075//5631 1230//5631 1229//5631
f 1229//5632 1076//5632 1075//5632
f 1213//5633 898//5633 1197//5633
f 1197//5634 1235//5634 1213//5634
f 1200//5635 1198//5635 897//5635
f 897//5636 1212//5636 1200//5636
f 1258//5637 1259//5637 1217//5637
f 1217//5638 1080//5638 1258//5638
f 1260//5639 1253//5639 1225//5639
f 1225//5640 1224//5640 1260//5640
f 1214//5641 1055//5641 1205//5641
f 1205//5642 999//5642 1214//5642
f 1242//5643 1261//5643 1054//5643
f 1054//5644 1209//5644 1242//5644
f 1247//5645 1079//5645 1191//5645
f 1191//5646 901//5646 1247//5646
f 1243//5647 1254//5647 1078//5647
f 1078//5648 1245//5648 1243//5648
f 1185//5649 995//5649 1211//5649
f 1211//5650 1067//5650 1185//5650
f 1239//5651 1252//5651 994//5651
f 994//5652 1193//5652 1239//5652
f 1217//5653 1259//5653 1226//5653
f 1226//5654 1077//5654 1217//5654
f 1232//5655 1227//5655 1260//5655
f 1260//5656 1224//5656 1232//5656
f 1073//5657 1235//5657 1197//5657
f 1197//5658 1202//5658 1073//5658
f 1236//5659 1072//5659 1196//5659
f 1196//5660 1195//5660 1236//5660
f 1257//5661 1261//5661 1242//5661
f 1242//5662 1256//5662 1257//5662
f 1053//5663 1251//5663 1250//5663
f 1250//5664 1208//5664 1053//5664
f 1069//5665 1240//5665 1244//5665
f 1244//5666 1255//5666 1069//5666
f 1248//5667 1254//5667 1243//5667
f 1243//5668 1249//5668 1248//5668
f 1170//5669 1234//5669 1238//5669
f 1238//5670 1171//5670 1170//5670
f 1071//5671 1257//5671 1256//5671
f 1256//5672 1207//5672 1071//5672
f 1000//5673 1222//5673 1223//5673
f 1223//5674 1187//5674 1000//5674
f 894//5675 1199//5675 1216//5675
f 1216//5676 1215//5676 894//5676
f 1251//5677 1252//5677 1239//5677
f 1239//5678 1250//5678 1251//5678
f 993//5679 1248//5679 1249//5679
f 1249//5680 1186//5680 993//5680
f 1253//5681 1246//5681 1241//5681
f 1241//5682 1225//5682 1253//5682
f 888//5683 1228//5683 1227//5683
f 1227//5684 1232//5684 888//5684
f 1238//5685 1234//5685 1236//5685
f 1236//5686 1195//5686 1238//5686
f 1081//5687 1218//5687 1221//5687
f 1221//5688 1220//5688 1081//5688
f 1223//5689 1222//5689 988//5689
f 988//5690 1204//5690 1223//5690
f 1241//5691 1246//5691 900//5691
f 900//5692 1190//5692 1241//5692
f 1244//5693 1240//5693 1066//5693
f 1066//5694 1210//5694 1244//5694
f 1221//5695 1218//5695 1076//5695
f 1076//5696 1229//5696 1221//5696
f 1199//5697 1198//5697 1200//5697
f 1200//5698 1216//5698 1199//5698
f 1230//5699 889//5699 870//5699
f 1075//5700 889//5700 1230//5700
f 1075//5701 1074//5701 890//5701
f 890//5702 889//5702 1075//5702
f 1231//5703 890//5703 1074//5703
f 884//5704 890//5704 1231//5704
f 1231//5705 1228//5705 884//5705
f 888//5706 884//5706 1228//5706
####################################
